{"type":"FeatureCollection","features":[{"type":"Feature","geometry":{"type":"MultiPolygon","coordinates":[[[[24.92904,47.716026],[24.928833,47.714325],[24.928885,47.714335],[25.079941,47.74292],[25.121902,47.770294],[25.218948,47.878448],[25.261734,47.89856],[25.752502,47.93457],[25.90123,47.965942],[26.125717,47.978394],[26.17305,47.993134],[26.204773,48.037354],[26.270721,48.093597],[26.297485,48.156311],[26.303482,48.212036],[26.587387,48.249329],[26.617874,48.258942],[26.625122,48.282867],[26.669098,48.308807],[26.679794,48.33017],[26.735916,48.291809],[26.774353,48.28717],[26.79007,48.307037],[26.777512,48.36615],[26.825622,48.377747],[26.831924,48.391357],[26.943237,48.351257],[27.027679,48.357727],[27.025406,48.389862],[27.037384,48.399658],[27.208542,48.360596],[27.246475,48.373718],[27.306,48.423645],[27.342178,48.436096],[27.403473,48.411469],[27.503815,48.472351],[27.504553,48.472798],[27.503642,48.472695],[27.438187,48.602509],[27.370392,48.6297],[27.334991,48.601776],[27.234375,48.618469],[27.235193,48.61209],[27.24136,48.60348],[27.246511,48.601525],[27.249045,48.597985],[27.254195,48.59603],[27.256494,48.592818],[27.254846,48.589881],[27.256883,48.587034],[27.255236,48.584097],[27.256586,48.58221],[27.251782,48.577937],[27.247559,48.570404],[27.179915,48.57817],[27.145486,48.580958],[27.142497,48.578945],[27.141312,48.579041],[27.113357,48.559296],[26.945252,48.58136],[26.884949,48.543549],[26.859268,48.540344],[26.827942,48.56131],[26.829193,48.601776],[26.818756,48.606628],[26.787582,48.601776],[26.787582,48.568268],[26.772751,48.550964],[26.74971,48.561584],[26.740616,48.588898],[26.717209,48.594757],[26.716126,48.577728],[26.734797,48.561482],[26.734674,48.55789],[26.735172,48.557456],[26.734635,48.55676],[26.734457,48.551573],[26.7309,48.54696],[26.730742,48.542325],[26.725262,48.539646],[26.721802,48.535156],[26.632813,48.562408],[26.612564,48.550873],[26.614426,48.540161],[26.688416,48.518372],[26.708984,48.496857],[26.654053,48.491303],[26.615662,48.506805],[26.606979,48.49231],[26.621857,48.458252],[26.605743,48.451569],[26.552826,48.465759],[26.515259,48.514862],[26.470551,48.538055],[26.403992,48.534119],[26.389824,48.527176],[26.378819,48.519184],[26.372118,48.518495],[26.366263,48.515623],[26.35904,48.51488],[26.354428,48.512617],[26.349177,48.513865],[26.3422,48.513146],[26.335534,48.51473],[26.328556,48.51401],[26.320441,48.515937],[26.289226,48.525717],[26.256714,48.533417],[26.180847,48.526672],[26.14949,48.539551],[26.145767,48.596344],[26.133057,48.609222],[26.118215,48.610204],[26.104609,48.609029],[26.104296,48.606739],[26.10231,48.606567],[26.103292,48.599371],[26.10231,48.592163],[26.104729,48.588841],[26.105596,48.582482],[26.110708,48.575457],[26.129639,48.554596],[26.117249,48.541931],[26.079773,48.547272],[26.052597,48.571686],[26.062302,48.628326],[26.049133,48.647644],[26.036406,48.644184],[26.033094,48.642553],[26.031718,48.639068],[26.028931,48.637695],[26.022092,48.621513],[26.018636,48.621702],[26.017708,48.619505],[26.01365,48.619727],[25.999972,48.622723],[25.985626,48.623505],[25.96019,48.596405],[25.927841,48.586853],[25.869399,48.601777],[25.866442,48.602412],[25.866446,48.60253],[25.863072,48.60339],[25.863358,48.61261],[25.860293,48.615134],[25.859589,48.618713],[25.793533,48.670044],[25.742325,48.6297],[25.715042,48.664459],[25.681481,48.670273],[25.650844,48.673499],[25.648493,48.675975],[25.643703,48.676803],[25.641073,48.679571],[25.636283,48.680398],[25.634482,48.682293],[25.628809,48.676976],[25.618728,48.671433],[25.611182,48.664354],[25.601105,48.65881],[25.593564,48.651729],[25.589124,48.649285],[25.585294,48.643961],[25.573654,48.633022],[25.564972,48.620941],[25.605804,48.521576],[25.600372,48.432587],[25.581865,48.393237],[25.578499,48.393634],[25.578022,48.392617],[25.550932,48.396876],[25.492828,48.403687],[25.369644,48.380188],[25.292633,48.340179],[25.196106,48.256836],[25.140869,48.231934],[25.136993,48.17926],[24.993484,48.105072],[24.928162,47.996948],[24.928755,47.991737],[24.927551,47.989624],[24.929628,47.984064],[24.931142,47.97076],[24.93598,47.957801],[24.93598,47.9578],[24.936268,47.95527],[24.937702,47.953186],[24.942066,47.941492],[24.949605,47.930531],[24.953964,47.918837],[24.961498,47.907876],[24.970175,47.884574],[24.970175,47.884573],[24.980027,47.84883],[24.982836,47.841273],[24.980735,47.837661],[24.981131,47.836596],[24.968905,47.81731],[24.934051,47.757233],[24.933936,47.756285],[24.93251,47.754028],[24.92904,47.716026]]],[[[27.371226,48.63198],[27.370392,48.6297],[27.371336,48.631936],[27.371226,48.63198]]]]},"properties":{"name":"Черновицкая область","name_uk":"Чернівецька область","zone_type":"oblast","faction":"side_a","faction_name":"Side A","faction_color":"#3b82f6","source":"manual","last_updated":"2026-08-03T17:31:38Z","override":false,"id":"fmsek442f_2cd"}},{"type":"Feature","geometry":{"type":"MultiPolygon","coordinates":[[[[22.883837,49.005076],[22.882399,49.00621],[22.873315,49.009869],[22.866496,49.015243],[22.866112,49.015397],[22.865005,49.013214],[22.85527,48.993988],[22.835007,48.999725],[22.755325,49.044678],[22.664383,49.041443],[22.560715,49.08551],[22.531982,49.055695],[22.520508,48.99292],[22.44899,48.971405],[22.413742,48.89386],[22.362274,48.844238],[22.365692,48.794373],[22.330749,48.756378],[22.310288,48.681671],[22.24321,48.651184],[22.219025,48.620911],[22.138718,48.56958],[22.148331,48.50882],[22.133758,48.476807],[22.132828,48.404785],[22.201981,48.418152],[22.271835,48.403442],[22.25676,48.357269],[22.298706,48.349121],[22.308121,48.293671],[22.357101,48.243073],[22.477417,48.243927],[22.555756,48.177155],[22.608047,48.096832],[22.745712,48.116272],[22.801422,48.090942],[22.854752,48.047272],[22.861572,48.028381],[22.832428,47.978912],[22.877594,47.946716],[22.915832,47.959167],[22.924103,48.004822],[23.00441,47.983063],[23.06311,48.007446],[23.098969,48.071198],[23.139069,48.098114],[23.231369,48.079712],[23.360046,47.993134],[23.460815,47.971314],[23.481583,47.972137],[23.51445,47.998962],[23.563232,48.005737],[23.71051,47.985077],[23.780075,47.987488],[23.848389,47.949646],[23.855209,47.934204],[24.008789,47.961182],[24.209289,47.897583],[24.347168,47.920868],[24.40918,47.952057],[24.569794,47.937286],[24.569849,47.937464],[24.569839,47.937469],[24.588181,47.995911],[24.614506,48.02667],[24.635336,48.047747],[24.634008,48.049427],[24.635981,48.051727],[24.634118,48.054083],[24.636091,48.056383],[24.635647,48.056945],[24.625312,48.065221],[24.61778,48.074744],[24.607439,48.083018],[24.607439,48.083019],[24.604043,48.087309],[24.588093,48.09849],[24.555184,48.124781],[24.531967,48.141022],[24.53045,48.144517],[24.528442,48.146118],[24.526166,48.154387],[24.520798,48.166748],[24.522088,48.169193],[24.521576,48.171051],[24.54103,48.21181],[24.523872,48.233111],[24.498988,48.261883],[24.391556,48.331116],[24.352905,48.336761],[24.351646,48.339019],[24.347602,48.339819],[24.344401,48.345557],[24.344401,48.345557],[24.341341,48.357487],[24.335529,48.367898],[24.329347,48.372521],[24.328832,48.373443],[24.326532,48.374625],[24.314409,48.383687],[24.308506,48.38672],[24.295722,48.378448],[24.287216,48.369797],[24.270626,48.35905],[24.263051,48.357286],[24.257315,48.353567],[24.254915,48.353008],[24.242014,48.352382],[24.234055,48.350525],[24.221961,48.351405],[24.208313,48.350739],[24.201526,48.35289],[24.191375,48.353626],[24.182144,48.356549],[24.179187,48.356763],[24.176779,48.358248],[24.166601,48.36147],[24.158334,48.366566],[24.151062,48.368866],[24.150075,48.371655],[24.145638,48.374388],[24.141842,48.385113],[24.130844,48.425964],[24.140423,48.473303],[24.139268,48.483133],[24.130914,48.52529],[24.130627,48.527734],[24.130441,48.527679],[24.12998,48.530001],[24.126748,48.529059],[24.126507,48.530276],[24.089776,48.52073],[24.013954,48.498555],[24.013953,48.498555],[24.004988,48.496214],[24.0039,48.495609],[23.992719,48.492332],[23.983364,48.487129],[23.983364,48.487129],[23.972187,48.48385],[23.962836,48.478645],[23.951663,48.475364],[23.951254,48.475136],[23.950934,48.475149],[23.944255,48.473187],[23.936946,48.473498],[23.930268,48.471534],[23.927582,48.471648],[23.924783,48.474014],[23.920264,48.474206],[23.916756,48.47717],[23.916066,48.481382],[23.912111,48.484724],[23.91142,48.488936],[23.911063,48.489238],[23.911272,48.489836],[23.910161,48.49661],[23.912482,48.503237],[23.911371,48.510012],[23.913225,48.515303],[23.909245,48.52297],[23.90759,48.533055],[23.904453,48.539094],[23.899665,48.541417],[23.899426,48.541877],[23.855536,48.562803],[23.791489,48.593781],[23.790401,48.596553],[23.786093,48.5986],[23.783627,48.604882],[23.7715,48.644684],[23.692993,48.644653],[23.612427,48.703796],[23.532852,48.723663],[23.526033,48.724161],[23.511158,48.727502],[23.496211,48.72859],[23.440847,48.730347],[23.440846,48.730347],[23.385727,48.734314],[23.359474,48.762439],[23.355547,48.767364],[23.355081,48.767143],[23.353287,48.769063],[23.350516,48.767755],[23.349781,48.768542],[23.339969,48.762775],[23.313904,48.750458],[23.30294,48.764893],[23.295842,48.778781],[23.292491,48.778643],[23.290834,48.780823],[23.201553,48.7771],[23.122947,48.863354],[23.114914,48.866919],[23.109543,48.866601],[23.105063,48.868589],[23.102066,48.868412],[23.084657,48.865124],[23.066603,48.864049],[23.049198,48.860756],[23.031147,48.859675],[23.020208,48.857601],[23.013423,48.85861],[23.002418,48.857948],[23.002417,48.857948],[22.991623,48.859551],[22.982132,48.858978],[22.9793,48.86138],[22.979034,48.86142],[22.891953,48.935333],[22.900326,48.985718],[22.897445,48.989102],[22.8977,48.990638],[22.892934,48.994399],[22.883837,49.005076]]]]},"properties":{"name":"Закарпатская область","name_uk":"Закарпатська область","zone_type":"oblast","faction":"side_a","faction_name":"Side A","faction_color":"#3b82f6","source":"manual","last_updated":"2026-08-03T17:31:37Z","override":false,"id":"fmsek442f_36x"}},{"type":"Feature","geometry":{"type":"MultiPolygon","coordinates":[[[[23.927582,48.471648],[23.930268,48.471534],[23.936946,48.473498],[23.944255,48.473187],[23.950934,48.475149],[23.951254,48.475136],[23.951662,48.475363],[23.962836,48.478645],[23.972187,48.48385],[23.983364,48.487129],[23.992719,48.492332],[24.0039,48.495609],[24.004988,48.496214],[24.013956,48.498556],[24.089776,48.52073],[24.126507,48.530276],[24.126748,48.529059],[24.12998,48.530001],[24.130441,48.527679],[24.130627,48.527734],[24.130914,48.52529],[24.139268,48.483133],[24.140423,48.473303],[24.130844,48.425964],[24.141842,48.385113],[24.145638,48.374388],[24.150075,48.371655],[24.151062,48.368866],[24.158334,48.366566],[24.166601,48.36147],[24.176779,48.358248],[24.176779,48.358248],[24.179187,48.356763],[24.182144,48.356549],[24.191375,48.353626],[24.201526,48.35289],[24.208313,48.350739],[24.221961,48.351405],[24.234055,48.350525],[24.242014,48.352382],[24.254915,48.353008],[24.257315,48.353567],[24.263051,48.357286],[24.270626,48.35905],[24.287216,48.369797],[24.295722,48.378448],[24.308506,48.38672],[24.314409,48.383687],[24.326532,48.374626],[24.328832,48.373443],[24.329347,48.372521],[24.335529,48.367898],[24.341341,48.357487],[24.344401,48.345557],[24.347602,48.339819],[24.351646,48.339019],[24.352905,48.336761],[24.391556,48.331116],[24.498988,48.261883],[24.523872,48.233111],[24.54103,48.21181],[24.521576,48.171051],[24.522088,48.169193],[24.520798,48.166748],[24.526166,48.154387],[24.528442,48.146118],[24.53045,48.144517],[24.531967,48.141022],[24.555184,48.124781],[24.588093,48.09849],[24.604043,48.087309],[24.607439,48.083018],[24.61778,48.074744],[24.625312,48.065221],[24.635647,48.056945],[24.636091,48.056383],[24.634118,48.054083],[24.635981,48.051727],[24.634008,48.049427],[24.635336,48.047747],[24.614506,48.02667],[24.588181,47.995911],[24.569839,47.937469],[24.569849,47.937464],[24.569794,47.937286],[24.570267,47.937243],[24.649262,47.895203],[24.661468,47.853851],[24.679138,47.840118],[24.793655,47.804443],[24.877777,47.718719],[24.928848,47.713928],[24.928885,47.714335],[24.928833,47.714325],[24.92904,47.716026],[24.93251,47.754028],[24.933936,47.756285],[24.934051,47.757233],[24.968905,47.817311],[24.968906,47.817311],[24.981131,47.836596],[24.980735,47.837661],[24.982836,47.841273],[24.980027,47.84883],[24.970175,47.884573],[24.961498,47.907876],[24.953964,47.918837],[24.949605,47.930531],[24.942066,47.941492],[24.937702,47.953186],[24.936268,47.95527],[24.93598,47.957801],[24.931142,47.97076],[24.929628,47.984064],[24.927551,47.989624],[24.928755,47.991737],[24.928162,47.996948],[24.993484,48.105072],[25.136993,48.17926],[25.140869,48.231934],[25.196106,48.256836],[25.292633,48.340179],[25.369644,48.380188],[25.492828,48.403687],[25.550932,48.396876],[25.578022,48.392617],[25.578499,48.393634],[25.581865,48.393237],[25.600372,48.432587],[25.605804,48.521576],[25.564972,48.620941],[25.573654,48.633022],[25.585294,48.643961],[25.589124,48.649285],[25.593564,48.651729],[25.601105,48.65881],[25.611182,48.664354],[25.618728,48.671433],[25.628809,48.676976],[25.639393,48.686896],[25.646255,48.697235],[25.630608,48.717307],[25.638931,48.739105],[25.638118,48.740889],[25.63992,48.744727],[25.639508,48.745631],[25.632405,48.753409],[25.629364,48.760071],[25.623539,48.763114],[25.623001,48.763702],[25.620816,48.764536],[25.602447,48.774127],[25.582156,48.781859],[25.563774,48.791444],[25.56342,48.791579],[25.528808,48.802162],[25.495746,48.814724],[25.461105,48.825287],[25.449997,48.835754],[25.471085,48.862488],[25.446899,48.868744],[25.446474,48.868458],[25.442954,48.869311],[25.438775,48.866503],[25.436572,48.861804],[25.431344,48.85829],[25.429142,48.853591],[25.429142,48.853591],[25.426295,48.851676],[25.421522,48.851685],[25.418198,48.849449],[25.413425,48.849458],[25.413281,48.849361],[25.412531,48.849459],[25.394936,48.849488],[25.377665,48.851756],[25.36007,48.851779],[25.359379,48.85187],[25.359374,48.85178],[25.355956,48.851784],[25.355845,48.849543],[25.352426,48.849547],[25.351056,48.821786],[25.350991,48.81394],[25.327728,48.814667],[25.250992,48.775146],[25.238953,48.801025],[25.250061,48.817688],[25.327728,48.84198],[25.250061,48.859436],[25.225311,48.84198],[25.2267,48.88678],[25.245773,48.92392],[25.243204,48.925366],[25.244221,48.927742],[25.240447,48.929867],[25.236956,48.928885],[25.234061,48.930514],[25.214533,48.925015],[25.197342,48.917725],[25.165573,48.865479],[25.122986,48.907593],[25.129654,48.934387],[25.119629,48.951355],[25.067017,48.972443],[24.992554,48.969605],[24.950333,49.020752],[24.898819,49.039063],[24.903626,49.061035],[24.98558,49.051727],[24.992859,49.060608],[24.981552,49.099182],[24.977024,49.103398],[24.970141,49.10591],[24.965612,49.110126],[24.961665,49.111566],[24.94735,49.114224],[24.934343,49.118966],[24.920024,49.121621],[24.917114,49.122681],[24.915376,49.122482],[24.911835,49.123138],[24.862381,49.116425],[24.852739,49.176696],[24.867853,49.190165],[24.878967,49.198334],[24.87918,49.200253],[24.880829,49.201721],[24.880297,49.210328],[24.881607,49.222137],[24.879247,49.22731],[24.87912,49.22937],[24.877769,49.23055],[24.874931,49.236769],[24.868968,49.241974],[24.868968,49.241975],[24.867777,49.244583],[24.863541,49.246711],[24.855913,49.253367],[24.845811,49.258439],[24.837885,49.265349],[24.835316,49.28469],[24.8289,49.306951],[24.82772,49.315822],[24.82772,49.315823],[24.830258,49.322753],[24.829313,49.329862],[24.831853,49.336792],[24.831074,49.342654],[24.804138,49.388855],[24.795414,49.398121],[24.788483,49.408844],[24.707047,49.49176],[24.651971,49.497645],[24.628058,49.505764],[24.59616,49.519109],[24.582241,49.523826],[24.575848,49.523466],[24.572327,49.524658],[24.560393,49.522594],[24.540467,49.521467],[24.521159,49.51812],[24.501236,49.516986],[24.496049,49.516085],[24.491341,49.516421],[24.473798,49.515418],[24.456278,49.516664],[24.438736,49.515656],[24.418274,49.495148],[24.418597,49.493352],[24.415695,49.490135],[24.418195,49.476246],[24.426498,49.449432],[24.384583,49.400116],[24.417969,49.37912],[24.418579,49.361877],[24.369537,49.326111],[24.310898,49.318573],[24.307389,49.316451],[24.300555,49.315386],[24.295416,49.312278],[24.293536,49.311984],[24.292934,49.310776],[24.287744,49.307635],[24.28556,49.303244],[24.281845,49.300995],[24.283459,49.299019],[24.282166,49.296417],[24.289269,49.291903],[24.294403,49.285614],[24.29733,49.28678],[24.299835,49.285187],[24.300113,49.285254],[24.315582,49.291413],[24.332582,49.295544],[24.340533,49.298706],[24.343304,49.298148],[24.348581,49.299429],[24.353976,49.298341],[24.359253,49.299622],[24.367065,49.291565],[24.356934,49.240997],[24.417648,49.235199],[24.43202,49.21782],[24.442297,49.208189],[24.441305,49.206586],[24.443429,49.204015],[24.44176,49.201316],[24.441862,49.201192],[24.441536,49.200954],[24.437709,49.194763],[24.430161,49.189225],[24.423848,49.187975],[24.423273,49.187553],[24.42111,49.187433],[24.405314,49.184303],[24.388851,49.183384],[24.373058,49.180249],[24.356597,49.179326],[24.355128,49.179034],[24.289806,49.163679],[24.223425,49.150413],[24.158188,49.134979],[24.084503,49.145569],[24.081997,49.144671],[24.078766,49.145081],[24.043949,49.131024],[24.008829,49.118409],[24.00408,49.119266],[24.00302,49.118885],[23.993868,49.121108],[23.955673,49.127991],[23.910657,49.109244],[23.754745,49.114929],[23.693619,49.094604],[23.691857,49.091768],[23.687882,49.090302],[23.641632,49.010742],[23.576462,48.968628],[23.548355,48.884949],[23.575333,48.833862],[23.533324,48.72489],[23.530087,48.725617],[23.529432,48.723913],[23.532852,48.723663],[23.612427,48.703796],[23.692993,48.644653],[23.7715,48.644684],[23.783627,48.604882],[23.786093,48.5986],[23.790401,48.596553],[23.791489,48.593781],[23.855536,48.562803],[23.899426,48.541877],[23.899665,48.541417],[23.904453,48.539094],[23.90759,48.533055],[23.909245,48.52297],[23.913225,48.515303],[23.911371,48.510012],[23.912482,48.503237],[23.910161,48.49661],[23.911272,48.489835],[23.911272,48.489835],[23.911063,48.489238],[23.91142,48.488936],[23.912111,48.484724],[23.916066,48.481382],[23.916756,48.47717],[23.920264,48.474206],[23.924783,48.474014],[23.927582,48.471648]]],[[[24.707808,49.493952],[24.707047,49.49176],[24.708014,49.493933],[24.707808,49.493952]]]]},"properties":{"name":"Ивано-Франковская область","name_uk":"Івано-Франківська область","zone_type":"oblast","faction":"side_a","faction_name":"Side A","faction_color":"#3b82f6","source":"manual","last_updated":"2026-08-03T17:31:35Z","override":false,"id":"fmsek442f_4hs"}},{"type":"Feature","geometry":{"type":"MultiPolygon","coordinates":[[[[23.440846,48.730347],[23.496211,48.72859],[23.511158,48.727502],[23.526033,48.724161],[23.529432,48.723913],[23.530087,48.725617],[23.533324,48.72489],[23.575333,48.833862],[23.548355,48.884949],[23.576462,48.968628],[23.641632,49.010742],[23.687882,49.090302],[23.691857,49.091768],[23.693619,49.094604],[23.754745,49.114929],[23.910657,49.109244],[23.955673,49.127991],[23.993868,49.121108],[24.00302,49.118885],[24.00408,49.119266],[24.008829,49.118409],[24.043949,49.131024],[24.078766,49.145081],[24.081997,49.144671],[24.084503,49.145569],[24.158188,49.134979],[24.223425,49.150413],[24.289806,49.163679],[24.355129,49.179034],[24.35513,49.179035],[24.356597,49.179326],[24.373058,49.180249],[24.388851,49.183384],[24.405314,49.184303],[24.42111,49.187433],[24.423273,49.187553],[24.423848,49.187975],[24.430161,49.189225],[24.437709,49.194763],[24.441536,49.200954],[24.441862,49.201192],[24.44176,49.201316],[24.443429,49.204015],[24.441305,49.206586],[24.442297,49.208189],[24.43202,49.21782],[24.43202,49.21782],[24.417648,49.235199],[24.356934,49.240997],[24.367065,49.291565],[24.359253,49.299622],[24.353976,49.298341],[24.348581,49.299429],[24.343304,49.298148],[24.340533,49.298706],[24.332582,49.295544],[24.315582,49.291413],[24.300113,49.285254],[24.299835,49.285187],[24.29733,49.28678],[24.294403,49.285614],[24.289269,49.291903],[24.282166,49.296417],[24.283459,49.299019],[24.281845,49.300995],[24.28556,49.303244],[24.287744,49.307635],[24.292934,49.310776],[24.293536,49.311984],[24.295416,49.312278],[24.300555,49.315386],[24.307389,49.316451],[24.310898,49.318573],[24.369537,49.326111],[24.418579,49.361877],[24.417969,49.37912],[24.384583,49.400116],[24.426498,49.449432],[24.418195,49.476246],[24.415695,49.490135],[24.418597,49.493352],[24.418274,49.495148],[24.438736,49.515656],[24.456278,49.516664],[24.473798,49.515418],[24.491341,49.516421],[24.496049,49.516085],[24.501236,49.516986],[24.521159,49.51812],[24.540467,49.521467],[24.560393,49.522594],[24.572327,49.524658],[24.575848,49.523466],[24.582241,49.523826],[24.59616,49.519109],[24.628058,49.505764],[24.651971,49.497645],[24.707047,49.49176],[24.707808,49.493952],[24.708014,49.493933],[24.723218,49.528047],[24.732077,49.55348],[24.735009,49.554464],[24.736339,49.557441],[24.740587,49.558868],[24.741453,49.560806],[24.746525,49.560862],[24.753431,49.56318],[24.761222,49.563265],[24.768129,49.565582],[24.774187,49.565647],[24.831648,49.58686],[24.907302,49.612128],[24.948166,49.627136],[24.94937,49.628669],[24.954208,49.63028],[24.967081,49.646242],[25.018179,49.711106],[25.01946,49.711052],[25.021217,49.713222],[25.025014,49.71306],[25.026772,49.715231],[25.035351,49.714864],[25.044079,49.712245],[25.053672,49.711834],[25.057877,49.710571],[25.061136,49.711513],[25.066711,49.711273],[25.077435,49.716219],[25.093442,49.720838],[25.094873,49.721498],[25.097585,49.725508],[25.103104,49.728051],[25.104982,49.730827],[25.103258,49.733895],[25.105276,49.736878],[25.103552,49.739946],[25.104166,49.740854],[25.099989,49.746284],[25.099989,49.746284],[25.089463,49.765002],[25.079844,49.777496],[25.092139,49.813036],[25.09591,49.813609],[25.095976,49.8138],[25.105144,49.815011],[25.221344,49.832577],[25.240036,49.835022],[25.242949,49.835828],[25.2453,49.836182],[25.255977,49.839432],[25.345312,49.864085],[25.377193,49.873743],[25.380693,49.877284],[25.386602,49.879072],[25.389962,49.88247],[25.390291,49.886988],[25.394062,49.8908],[25.395236,49.906918],[25.393204,49.927002],[25.421729,49.937237],[25.433052,49.942389],[25.431132,49.944268],[25.433563,49.945374],[25.399432,49.975279],[25.36977,50.004255],[25.36993,50.007962],[25.366512,50.009857],[25.366551,50.010777],[25.342477,50.023175],[25.268995,50.063817],[25.193161,50.102692],[25.184021,50.140076],[25.192856,50.18161],[25.173326,50.211492],[25.169036,50.216954],[25.169488,50.217359],[25.167892,50.219799],[25.170414,50.222057],[25.198477,50.24329],[25.207172,50.25106],[25.206228,50.254082],[25.208252,50.25589],[25.195648,50.287964],[25.18568,50.289946],[25.175257,50.289672],[25.175257,50.289672],[25.165287,50.291651],[25.161814,50.29156],[25.151916,50.289055],[25.151916,50.289055],[25.141263,50.288771],[25.131367,50.286265],[25.120715,50.285979],[25.110821,50.283471],[25.100865,50.283202],[25.095353,50.285296],[25.088951,50.285123],[25.083439,50.287217],[25.077037,50.287043],[25.072997,50.288576],[25.072658,50.291309],[25.068955,50.292715],[25.068615,50.295449],[25.066926,50.29609],[25.06607,50.315933],[25.063766,50.334473],[25.061671,50.336274],[25.0616,50.337921],[25.055178,50.341855],[25.048889,50.34726],[25.046489,50.347177],[25.043762,50.348846],[25.003876,50.345703],[24.941498,50.368652],[24.940267,50.367305],[24.937151,50.368362],[24.935384,50.366425],[24.935103,50.36652],[24.935065,50.366076],[24.931168,50.361806],[24.930744,50.356871],[24.925542,50.351168],[24.916659,50.349253],[24.847466,50.347306],[24.716275,50.345534],[24.712625,50.346416],[24.703628,50.36438],[24.700316,50.366085],[24.698627,50.369833],[24.694934,50.371733],[24.656571,50.388581],[24.646179,50.39392],[24.643591,50.398126],[24.642321,50.398778],[24.633992,50.41335],[24.630051,50.413685],[24.62912,50.415314],[24.590973,50.416992],[24.564102,50.436707],[24.559961,50.437301],[24.558212,50.438446],[24.557721,50.437623],[24.554241,50.438123],[24.539216,50.412953],[24.539014,50.412935],[24.537741,50.410556],[24.528918,50.409763],[24.515982,50.408446],[24.51568,50.40857],[24.510358,50.408091],[24.508242,50.408959],[24.503991,50.422745],[24.503766,50.435122],[24.503501,50.435983],[24.499027,50.438834],[24.498779,50.439636],[24.489027,50.445206],[24.453627,50.467742],[24.456596,50.469022],[24.456148,50.469307],[24.462557,50.471591],[24.497062,50.48645],[24.533455,50.49939],[24.535404,50.500227],[24.534903,50.502723],[24.537445,50.503815],[24.530624,50.524048],[24.500809,50.545532],[24.43425,50.548981],[24.427265,50.556594],[24.41745,50.562833],[24.406194,50.575091],[24.403562,50.582407],[24.397598,50.588898],[24.358536,50.60965],[24.258911,50.575561],[24.170853,50.621429],[24.164703,50.640198],[24.125885,50.641815],[24.111203,50.632264],[24.108456,50.629734],[24.10991,50.62711],[24.085266,50.604401],[24.102524,50.54361],[24.093948,50.52713],[24.010651,50.492767],[24.007751,50.448486],[23.981293,50.404755],[23.928696,50.390808],[23.747513,50.389374],[23.68219,50.368225],[23.644165,50.312683],[23.565308,50.257782],[23.436417,50.193451],[23.101456,49.957092],[22.951187,49.826599],[22.93309,49.791046],[22.888245,49.769714],[22.826645,49.697357],[22.766174,49.674225],[22.741684,49.633636],[22.665817,49.567352],[22.640915,49.528748],[22.666855,49.478363],[22.676773,49.424469],[22.719772,49.382965],[22.737762,49.275391],[22.681732,49.161224],[22.705719,49.168823],[22.853409,49.084747],[22.847519,49.033691],[22.867433,49.018006],[22.866165,49.015503],[22.866112,49.015397],[22.866496,49.015243],[22.873315,49.009869],[22.882399,49.00621],[22.883837,49.005076],[22.892934,48.994399],[22.8977,48.990638],[22.897445,48.989102],[22.900326,48.985718],[22.891953,48.935333],[22.979034,48.86142],[22.9793,48.86138],[22.982132,48.858978],[22.991623,48.859551],[23.002417,48.857948],[23.013423,48.85861],[23.020208,48.857601],[23.031146,48.859675],[23.049198,48.860756],[23.066603,48.864049],[23.084656,48.865124],[23.102066,48.868412],[23.105063,48.868589],[23.109543,48.866601],[23.114914,48.866919],[23.122947,48.863354],[23.201553,48.7771],[23.290834,48.780823],[23.292491,48.778643],[23.295842,48.778781],[23.30294,48.764893],[23.313904,48.750458],[23.339968,48.762774],[23.349781,48.768542],[23.350516,48.767755],[23.353287,48.769063],[23.355081,48.767143],[23.355547,48.767364],[23.359474,48.762439],[23.385727,48.734314],[23.440846,48.730347]]]]},"properties":{"name":"Львовская область","name_uk":"Львівська область","zone_type":"oblast","faction":"side_a","faction_name":"Side A","faction_color":"#3b82f6","source":"manual","last_updated":"2026-08-03T17:31:34Z","override":false,"id":"fmsek442f_5x9"}},{"type":"Feature","geometry":{"type":"MultiPolygon","coordinates":[[[[25.214533,48.925015],[25.234061,48.930514],[25.236956,48.928885],[25.240447,48.929867],[25.244221,48.927742],[25.243204,48.925366],[25.245773,48.92392],[25.2267,48.88678],[25.225311,48.84198],[25.250061,48.859436],[25.327728,48.84198],[25.250061,48.817688],[25.238953,48.801025],[25.250992,48.775146],[25.327728,48.814667],[25.350991,48.81394],[25.351056,48.821787],[25.352426,48.849547],[25.355845,48.849543],[25.355956,48.851784],[25.359374,48.85178],[25.359379,48.85187],[25.36007,48.851779],[25.377665,48.851756],[25.394936,48.849488],[25.412531,48.849459],[25.413281,48.849361],[25.413425,48.849458],[25.418198,48.849449],[25.421522,48.851685],[25.426295,48.851676],[25.429142,48.853591],[25.431344,48.85829],[25.436572,48.861804],[25.438775,48.866503],[25.442954,48.869311],[25.446474,48.868458],[25.446899,48.868744],[25.471085,48.862488],[25.449997,48.835754],[25.461105,48.825287],[25.495746,48.814724],[25.528808,48.802162],[25.56342,48.791579],[25.563774,48.791444],[25.582156,48.781859],[25.602447,48.774127],[25.620816,48.764536],[25.623001,48.763702],[25.623539,48.763114],[25.629364,48.760071],[25.632405,48.753409],[25.639508,48.745631],[25.63992,48.744727],[25.638118,48.740889],[25.638931,48.739105],[25.630608,48.717307],[25.646255,48.697235],[25.639393,48.686896],[25.639393,48.686896],[25.634482,48.682293],[25.636283,48.680398],[25.641073,48.679571],[25.643703,48.676803],[25.648493,48.675975],[25.650844,48.673499],[25.681479,48.670273],[25.68148,48.670273],[25.715042,48.664459],[25.742325,48.6297],[25.793533,48.670044],[25.859589,48.618713],[25.860293,48.615134],[25.863358,48.61261],[25.863072,48.60339],[25.866446,48.60253],[25.866442,48.602412],[25.869399,48.601777],[25.927841,48.586853],[25.96019,48.596405],[25.985626,48.623505],[25.999972,48.622723],[25.999972,48.622723],[26.01365,48.619727],[26.017708,48.619505],[26.018636,48.621702],[26.022092,48.621513],[26.028931,48.637695],[26.031718,48.639068],[26.033094,48.642553],[26.036406,48.644184],[26.049133,48.647644],[26.062302,48.628326],[26.052597,48.571686],[26.079773,48.547272],[26.117249,48.541931],[26.129639,48.554596],[26.110708,48.575457],[26.105596,48.582482],[26.104729,48.588841],[26.10231,48.592163],[26.103292,48.599371],[26.10231,48.606567],[26.104296,48.606739],[26.104609,48.609029],[26.118215,48.610204],[26.133057,48.609222],[26.145767,48.596344],[26.14949,48.539551],[26.180847,48.526672],[26.256714,48.533417],[26.289227,48.525717],[26.289227,48.525717],[26.320441,48.515937],[26.328556,48.51401],[26.335534,48.51473],[26.3422,48.513146],[26.349177,48.513865],[26.354428,48.512617],[26.35904,48.51488],[26.366263,48.515623],[26.372118,48.518495],[26.375835,48.518877],[26.375171,48.519992],[26.377874,48.521318],[26.357437,48.553711],[26.358028,48.554863],[26.356097,48.558101],[26.359975,48.565653],[26.365512,48.569434],[26.368418,48.57509],[26.306686,48.605591],[26.310351,48.626817],[26.313019,48.634728],[26.311751,48.634919],[26.312138,48.637157],[26.308797,48.637659],[26.309184,48.639896],[26.302925,48.640837],[26.29391,48.639896],[26.29391,48.639896],[26.284988,48.641235],[26.282108,48.660097],[26.235474,48.684937],[26.249893,48.747101],[26.247465,48.750743],[26.247771,48.752046],[26.228869,48.779475],[26.231261,48.781426],[26.230667,48.782288],[26.245563,48.793082],[26.260732,48.805437],[26.258414,48.807131],[26.259517,48.808029],[26.244406,48.817368],[26.217178,48.83725],[26.221054,48.900452],[26.202223,48.901741],[26.193258,48.903463],[26.193888,48.905673],[26.192474,48.905945],[26.202255,48.934998],[26.192747,48.947985],[26.192746,48.947985],[26.189993,48.954002],[26.192379,48.956588],[26.191049,48.959493],[26.191509,48.959992],[26.198101,48.962788],[26.203876,48.969043],[26.203557,48.97429],[26.199646,48.982235],[26.19947,48.985123],[26.202765,48.987324],[26.202577,48.990411],[26.213258,48.997541],[26.216404,49.00079],[26.215007,49.003547],[26.217374,49.005991],[26.213314,49.014003],[26.199463,49.036102],[26.201107,49.038079],[26.199624,49.041002],[26.202604,49.044584],[26.231445,49.074524],[26.210938,49.11911],[26.218582,49.154877],[26.19838,49.184906],[26.205811,49.223389],[26.241684,49.241211],[26.257038,49.28716],[26.23439,49.319458],[26.227011,49.398556],[26.191391,49.424683],[26.14856,49.511536],[26.149712,49.513725],[26.148407,49.51651],[26.161749,49.536576],[26.167984,49.548401],[26.170477,49.549691],[26.171082,49.550598],[26.1783,49.553736],[26.20937,49.56979],[26.220902,49.616547],[26.223993,49.619949],[26.22493,49.623413],[26.253311,49.652191],[26.205505,49.696289],[26.207026,49.698465],[26.204776,49.700712],[26.213523,49.713223],[26.22833,49.731279],[26.234543,49.772308],[26.186752,49.821838],[26.192161,49.862479],[26.18903,49.865272],[26.189044,49.865377],[26.188012,49.86618],[26.157089,49.893738],[26.164529,49.929146],[26.151199,49.957153],[26.151881,49.958285],[26.150421,49.961365],[26.154965,49.963403],[26.157228,49.967158],[26.162373,49.969464],[26.164636,49.973219],[26.164637,49.973219],[26.165679,49.973686],[26.188973,49.981384],[26.210454,49.991],[26.233765,49.998688],[26.22757,50.013367],[26.202839,50.020983],[26.196838,50.023476],[26.198698,50.025369],[26.195756,50.026591],[26.200485,50.031404],[26.231918,50.059143],[26.2052,50.086304],[26.259811,50.094238],[26.271314,50.110688],[26.266559,50.116823],[26.260013,50.120228],[26.256269,50.125057],[26.254587,50.125931],[26.24297,50.129086],[26.233173,50.134176],[26.221553,50.137329],[26.210581,50.143026],[26.213681,50.144298],[26.211761,50.145294],[26.233141,50.152358],[26.227491,50.185029],[26.201782,50.209076],[26.209907,50.224472],[26.221293,50.238999],[26.223839,50.243815],[26.222456,50.248229],[26.224706,50.252486],[26.223472,50.256424],[26.220136,50.255631],[26.219438,50.257859],[26.214152,50.256603],[26.188069,50.248007],[26.188068,50.248007],[26.160553,50.241455],[26.06612,50.263491],[26.060964,50.26231],[26.059278,50.262702],[26.050421,50.259893],[26.021942,50.253357],[25.947174,50.264526],[25.809036,50.179138],[25.675766,50.170563],[25.63588,50.150787],[25.609145,50.160102],[25.566681,50.140747],[25.525026,50.147595],[25.525026,50.147595],[25.484359,50.156575],[25.460359,50.160503],[25.457487,50.158662],[25.453533,50.159309],[25.449815,50.156926],[25.448057,50.151733],[25.444521,50.129033],[25.467041,50.105194],[25.419291,50.071305],[25.410721,50.027954],[25.407603,50.028302],[25.407471,50.027679],[25.402472,50.028874],[25.383732,50.030961],[25.383732,50.030961],[25.377364,50.032481],[25.377113,50.031698],[25.37366,50.032082],[25.370556,50.022422],[25.369999,50.009558],[25.369845,50.009079],[25.366551,50.010777],[25.366512,50.009857],[25.36993,50.007962],[25.36977,50.004255],[25.399432,49.975279],[25.433563,49.945374],[25.431132,49.944268],[25.433052,49.942389],[25.421729,49.937237],[25.393204,49.927002],[25.395236,49.906918],[25.394062,49.890801],[25.390291,49.886988],[25.389962,49.88247],[25.386602,49.879072],[25.380693,49.877284],[25.377193,49.873743],[25.345312,49.864085],[25.255977,49.839432],[25.2453,49.836182],[25.242949,49.835828],[25.240036,49.835022],[25.221344,49.832577],[25.105144,49.815011],[25.095976,49.8138],[25.09591,49.813609],[25.092139,49.813036],[25.079844,49.777496],[25.089463,49.765002],[25.099989,49.746284],[25.104166,49.740854],[25.103552,49.739946],[25.105276,49.736878],[25.103258,49.733895],[25.104982,49.730827],[25.103104,49.728051],[25.097585,49.725508],[25.094873,49.721498],[25.093442,49.720839],[25.077435,49.716219],[25.066711,49.711273],[25.061136,49.711513],[25.057877,49.710571],[25.053672,49.711834],[25.044079,49.712245],[25.044079,49.712245],[25.035351,49.714864],[25.026772,49.715231],[25.025014,49.71306],[25.021217,49.713222],[25.01946,49.711052],[25.018179,49.711106],[24.967081,49.646242],[24.954208,49.63028],[24.94937,49.628669],[24.948166,49.627136],[24.907302,49.612128],[24.831648,49.58686],[24.774187,49.565647],[24.768129,49.565582],[24.761222,49.563265],[24.753431,49.56318],[24.746525,49.560862],[24.741453,49.560806],[24.740587,49.558868],[24.736339,49.557441],[24.735009,49.554464],[24.732077,49.55348],[24.723218,49.528048],[24.707047,49.49176],[24.788483,49.408844],[24.795414,49.398121],[24.804138,49.388855],[24.831074,49.342654],[24.831853,49.336792],[24.829313,49.329862],[24.830258,49.322753],[24.82772,49.315823],[24.8289,49.306951],[24.835316,49.28469],[24.837885,49.265349],[24.845811,49.258439],[24.855913,49.253367],[24.863541,49.246712],[24.867777,49.244583],[24.868968,49.241974],[24.874931,49.236769],[24.877769,49.23055],[24.87912,49.22937],[24.879247,49.22731],[24.881607,49.222137],[24.880297,49.210328],[24.880829,49.201721],[24.87918,49.200253],[24.878967,49.198334],[24.867853,49.190165],[24.852739,49.176696],[24.862381,49.116425],[24.911835,49.123138],[24.915376,49.122482],[24.917114,49.122681],[24.920024,49.121621],[24.934343,49.118966],[24.934343,49.118966],[24.94735,49.114224],[24.961665,49.111566],[24.961665,49.111566],[24.965612,49.110126],[24.970141,49.10591],[24.977024,49.103398],[24.981552,49.099182],[24.992859,49.060608],[24.98558,49.051727],[24.903626,49.061035],[24.898819,49.039063],[24.950333,49.020752],[24.992554,48.969605],[25.067017,48.972443],[25.119629,48.951355],[25.129654,48.934387],[25.122986,48.907593],[25.165573,48.865479],[25.197342,48.917725],[25.214533,48.925015]]]]},"properties":{"name":"Тернопольская область","name_uk":"Тернопільська область","zone_type":"oblast","faction":"side_a","faction_name":"Side A","faction_color":"#3b82f6","source":"manual","last_updated":"2026-08-03T17:31:32Z","override":false,"id":"fmsek442f_6wv"}},{"type":"Feature","geometry":{"type":"MultiPolygon","coordinates":[[[[24.656571,50.388581],[24.694934,50.371733],[24.698627,50.369833],[24.700316,50.366085],[24.703628,50.36438],[24.712625,50.346416],[24.716275,50.345534],[24.847466,50.347306],[24.916659,50.349253],[24.925542,50.351168],[24.930744,50.356871],[24.931168,50.361806],[24.935065,50.366076],[24.935103,50.36652],[24.935384,50.366425],[24.937151,50.368362],[24.940267,50.367305],[24.941498,50.368652],[25.003876,50.345703],[25.043762,50.348846],[25.046489,50.347177],[25.048889,50.34726],[25.055178,50.341855],[25.0616,50.337921],[25.061671,50.336274],[25.063766,50.334473],[25.06607,50.315932],[25.066071,50.315932],[25.066766,50.299808],[25.067984,50.300527],[25.068338,50.297676],[25.200973,50.375671],[25.198034,50.383139],[25.198356,50.387211],[25.196166,50.387882],[25.195054,50.390706],[25.167892,50.399017],[25.097305,50.454529],[25.097054,50.455206],[25.094055,50.457581],[25.095977,50.458106],[25.095154,50.460323],[25.098446,50.461222],[25.097669,50.463314],[25.117109,50.466319],[25.136588,50.471633],[25.142749,50.472583],[25.146002,50.476019],[25.15361,50.488408],[25.162604,50.497897],[25.160415,50.499481],[25.161859,50.501831],[25.15923,50.503733],[25.159927,50.504866],[25.119774,50.532844],[25.121478,50.534982],[25.119782,50.536163],[25.124758,50.539097],[25.129369,50.544881],[25.135808,50.548676],[25.140704,50.548495],[25.144289,50.550607],[25.149185,50.550427],[25.149287,50.550486],[25.151199,50.550352],[25.219044,50.547828],[25.286591,50.54303],[25.304412,50.566083],[25.286438,50.610657],[25.381576,50.611786],[25.352539,50.632019],[25.353376,50.63469],[25.35144,50.636261],[25.356722,50.645361],[25.362945,50.66519],[25.361273,50.67139],[25.363036,50.677002],[25.366382,50.676132],[25.366943,50.677917],[25.448593,50.654724],[25.60286,50.706879],[25.655609,50.707031],[25.659097,50.705704],[25.666366,50.70555],[25.670021,50.704159],[25.675272,50.699548],[25.682978,50.696613],[25.700256,50.681429],[25.716751,50.663086],[25.82724,50.631165],[25.868089,50.696583],[25.870441,50.727359],[25.870136,50.769828],[25.871385,50.786096],[25.875113,50.788257],[25.875358,50.791448],[25.887682,50.798586],[25.923408,50.816214],[25.935089,50.822968],[25.937219,50.823022],[25.942016,50.825385],[25.950663,50.825605],[25.988312,50.82431],[25.998054,50.834404],[25.998257,50.834544],[25.998215,50.83457],[26.000111,50.836534],[25.997502,50.838153],[25.998307,50.838986],[25.992583,50.841203],[25.992583,50.841203],[25.981298,50.8482],[25.967802,50.853423],[25.967121,50.853845],[25.969,50.85582],[25.966384,50.857441],[25.991811,50.884148],[25.991812,50.88415],[26.012399,50.904941],[26.010219,50.906986],[26.010358,50.907127],[26.007191,50.909828],[25.977875,50.937317],[25.97796,50.938513],[25.975388,50.940704],[25.978958,50.952484],[26.006144,50.959162],[26.034442,50.963698],[26.061643,50.970363],[26.061643,50.970363],[26.064114,50.970758],[26.064621,50.971092],[26.072466,50.973012],[26.078266,50.976837],[26.086113,50.978757],[26.093257,50.983466],[26.075891,51.031613],[26.041321,51.066315],[25.979736,51.06369],[25.960866,51.070249],[25.947202,51.077067],[25.947849,51.079605],[25.946716,51.08017],[25.957245,51.116394],[26.047577,51.135986],[26.051938,51.149229],[26.058314,51.15951],[26.057095,51.164878],[26.05924,51.171382],[26.057104,51.180789],[26.005356,51.21582],[25.928879,51.239532],[25.925882,51.241553],[25.924957,51.241852],[25.865067,51.282135],[25.864692,51.282754],[25.861801,51.284699],[25.857706,51.294304],[25.849366,51.308086],[25.846053,51.309423],[25.816528,51.319916],[25.816521,51.321337],[25.813385,51.322601],[25.816415,51.342916],[25.816301,51.366379],[25.818006,51.377786],[25.816248,51.377407],[25.816237,51.379776],[25.812637,51.379],[25.812636,51.379216],[25.809409,51.378304],[25.809409,51.378304],[25.772613,51.370361],[25.740493,51.384775],[25.740493,51.384775],[25.739093,51.385532],[25.73898,51.385453],[25.736039,51.386772],[25.700729,51.362183],[25.644798,51.363521],[25.632766,51.364289],[25.632135,51.36382],[25.627578,51.363927],[25.624657,51.361755],[25.623133,51.361791],[25.614864,51.354473],[25.587296,51.333954],[25.555679,51.349335],[25.566055,51.457642],[25.551483,51.525421],[25.597782,51.576335],[25.598224,51.576779],[25.598201,51.576795],[25.600089,51.578867],[25.597577,51.580674],[25.598416,51.581595],[25.565104,51.604004],[25.555403,51.610967],[25.514542,51.615418],[25.514413,51.617716],[25.511597,51.618103],[25.509888,51.698639],[25.523682,51.724731],[25.638351,51.816772],[25.63092,51.87207],[25.658409,51.88812],[25.653853,51.888552],[25.654373,51.888855],[25.642132,51.889661],[25.642131,51.889661],[25.563888,51.897034],[25.547394,51.919434],[25.351959,51.921478],[25.138031,51.948944],[25.002731,51.910461],[24.721817,51.882324],[24.639755,51.89212],[24.369598,51.875092],[24.311508,51.827545],[24.272339,51.742859],[24.244125,51.718201],[23.981293,51.585999],[23.941299,51.581909],[23.884872,51.619873],[23.74968,51.64447],[23.60643,51.618103],[23.593308,51.596954],[23.628662,51.53122],[23.624115,51.5159],[23.606232,51.517395],[23.614807,51.497192],[23.662766,51.480164],[23.647156,51.460175],[23.697601,51.404419],[23.678894,51.394043],[23.683853,51.37027],[23.634033,51.339294],[23.635162,51.304687],[23.687256,51.292389],[23.742661,51.216248],[23.863586,51.148254],[23.868801,51.142577],[23.869164,51.142181],[23.874741,51.136108],[23.854477,51.121521],[23.90419,51.062714],[23.911743,51.006805],[23.955048,50.983551],[23.97934,50.9375],[24.143143,50.856415],[24.130844,50.83905],[24.100464,50.834961],[23.992874,50.836212],[23.957626,50.807983],[23.974274,50.776154],[24.025848,50.767029],[24.012817,50.743286],[24.026871,50.727997],[24.081039,50.712952],[24.074936,50.690186],[24.108154,50.63028],[24.108456,50.629734],[24.111203,50.632264],[24.125885,50.641815],[24.164703,50.640198],[24.170853,50.621429],[24.258911,50.575561],[24.358536,50.60965],[24.397598,50.588898],[24.403562,50.582407],[24.406194,50.575091],[24.41745,50.562833],[24.427265,50.556594],[24.43425,50.548981],[24.500809,50.545532],[24.530624,50.524048],[24.537445,50.503815],[24.534903,50.502723],[24.535404,50.500227],[24.533455,50.49939],[24.497062,50.48645],[24.462557,50.471591],[24.456148,50.469307],[24.456596,50.469022],[24.453627,50.467742],[24.489027,50.445206],[24.498779,50.439636],[24.499027,50.438834],[24.503501,50.435983],[24.503766,50.435122],[24.503991,50.422745],[24.508242,50.408959],[24.510358,50.408091],[24.51568,50.40857],[24.515982,50.408446],[24.528918,50.409763],[24.537741,50.410556],[24.539014,50.412935],[24.539216,50.412953],[24.554241,50.438123],[24.557721,50.437623],[24.558212,50.438446],[24.559961,50.437301],[24.564102,50.436707],[24.590973,50.416992],[24.62912,50.415314],[24.630051,50.413685],[24.633992,50.41335],[24.642321,50.398778],[24.643591,50.398126],[24.646179,50.39392],[24.656571,50.388581]]]]},"properties":{"name":"Волынская область","name_uk":"Волинська область","zone_type":"oblast","faction":"side_a","faction_name":"Side A","faction_color":"#3b82f6","source":"manual","last_updated":"2026-08-03T17:31:31Z","override":false,"id":"fmsek442f_7b3"}},{"type":"Feature","geometry":{"type":"MultiPolygon","coordinates":[[[[25.169488,50.217359],[25.169036,50.216954],[25.173325,50.211492],[25.192856,50.18161],[25.184021,50.140076],[25.193161,50.102692],[25.268995,50.063817],[25.342477,50.023175],[25.369845,50.009079],[25.369999,50.009558],[25.370556,50.022422],[25.37366,50.032082],[25.377113,50.031698],[25.377364,50.032481],[25.383732,50.030961],[25.402472,50.028874],[25.407471,50.027679],[25.407603,50.028302],[25.410721,50.027954],[25.419291,50.071305],[25.467041,50.105194],[25.444521,50.129033],[25.448057,50.151733],[25.449815,50.156926],[25.453533,50.159309],[25.457487,50.158662],[25.460359,50.160503],[25.484359,50.156575],[25.525026,50.147595],[25.566681,50.140747],[25.609145,50.160102],[25.63588,50.150787],[25.675766,50.170563],[25.809036,50.179138],[25.947174,50.264526],[26.021942,50.253357],[26.050421,50.259892],[26.059278,50.262702],[26.060964,50.26231],[26.06612,50.263491],[26.160553,50.241455],[26.188068,50.248007],[26.214152,50.256603],[26.219438,50.257859],[26.220136,50.255631],[26.223472,50.256424],[26.224706,50.252486],[26.222456,50.248229],[26.223839,50.243815],[26.221294,50.239],[26.209907,50.224472],[26.201782,50.209076],[26.227491,50.185029],[26.232741,50.154674],[26.232926,50.154735],[26.233147,50.15236],[26.303436,50.175537],[26.38353,50.244141],[26.387541,50.244535],[26.389893,50.24646],[26.479858,50.253571],[26.645737,50.361969],[26.648224,50.381134],[26.649599,50.381961],[26.65007,50.384399],[26.702988,50.414032],[26.736526,50.461456],[26.737294,50.461428],[26.738878,50.463613],[26.758819,50.462889],[26.758819,50.462889],[26.791779,50.459442],[26.805572,50.499603],[26.806814,50.500035],[26.807129,50.500885],[26.895431,50.530792],[26.97641,50.519165],[27.068303,50.55712],[27.078538,50.567419],[27.090209,50.583369],[27.091995,50.585164],[27.095831,50.584806],[27.097595,50.586578],[27.126175,50.58197],[27.14415,50.548431],[27.192261,50.541199],[27.19428,50.54315],[27.194572,50.542931],[27.211139,50.555343],[27.229079,50.572658],[27.230891,50.5785],[27.235565,50.583008],[27.232786,50.584606],[27.233398,50.586578],[27.196915,50.605225],[27.195206,50.623779],[27.196091,50.625098],[27.215787,50.648668],[27.232293,50.673201],[27.232293,50.673202],[27.240173,50.682611],[27.243465,50.689787],[27.255068,50.706999],[27.263325,50.724967],[27.271698,50.737366],[27.270066,50.739623],[27.270615,50.740814],[27.254851,50.760666],[27.227622,50.798275],[27.240219,50.88324],[27.218599,50.917761],[27.224664,50.922098],[27.231966,50.930717],[27.23252,50.931113],[27.232426,50.931261],[27.234617,50.933846],[27.232877,50.93657],[27.233871,50.937744],[27.210063,50.978271],[27.202022,50.990837],[27.202374,50.991347],[27.200578,50.9944],[27.223175,51.027191],[27.305069,51.05249],[27.343414,51.092255],[27.343903,51.093752],[27.349504,51.099695],[27.349753,51.100456],[27.355697,51.129837],[27.360626,51.144897],[27.398544,51.192837],[27.407026,51.198726],[27.428718,51.210424],[27.442136,51.219728],[27.444484,51.224709],[27.449097,51.227905],[27.450604,51.237685],[27.453751,51.244354],[27.45203,51.246938],[27.452667,51.251068],[27.418198,51.297699],[27.422656,51.29954],[27.423962,51.302768],[27.434614,51.307164],[27.445989,51.309167],[27.455836,51.313227],[27.467215,51.315228],[27.477065,51.319287],[27.484415,51.320578],[27.487213,51.323466],[27.494216,51.326349],[27.49855,51.33082],[27.503571,51.332886],[27.507051,51.339587],[27.50946,51.342072],[27.508845,51.343041],[27.510585,51.346391],[27.504488,51.355984],[27.488327,51.375305],[27.504988,51.440348],[27.508181,51.440496],[27.511791,51.438418],[27.516697,51.438644],[27.524851,51.433948],[27.543068,51.420403],[27.563897,51.408394],[27.582094,51.394843],[27.584016,51.393733],[27.588767,51.394043],[27.59227,51.392021],[27.594421,51.392161],[27.595713,51.394495],[27.599673,51.394753],[27.601018,51.397184],[27.598746,51.399976],[27.60038,51.402929],[27.598107,51.405721],[27.598155,51.405808],[27.588985,51.416925],[27.588982,51.416928],[27.583071,51.424186],[27.583393,51.428609],[27.580071,51.432632],[27.580399,51.437142],[27.579518,51.438209],[27.580704,51.441334],[27.581585,51.453428],[27.586938,51.467514],[27.591106,51.468709],[27.59216,51.471478],[27.59764,51.473048],[27.613474,51.475115],[27.628157,51.479317],[27.643995,51.48138],[27.658682,51.485577],[27.665326,51.486441],[27.664426,51.486736],[27.664705,51.487298],[27.666138,51.490173],[27.705154,51.568329],[27.676834,51.594788],[27.620605,51.595886],[27.512421,51.623077],[27.477264,51.623657],[27.408997,51.591705],[27.267456,51.587494],[27.254013,51.595367],[27.277481,51.651123],[27.189011,51.663757],[27.177841,51.74707],[27.151077,51.756744],[27.021576,51.764526],[26.920807,51.742523],[26.854767,51.749329],[26.665741,51.801361],[26.445587,51.805573],[26.435836,51.811243],[26.430713,51.814222],[26.419235,51.820892],[26.407761,51.850586],[26.175323,51.856689],[26.08075,51.900635],[25.981125,51.903473],[25.767914,51.928497],[25.547394,51.919434],[25.563888,51.897034],[25.64213,51.889661],[25.654373,51.888855],[25.653853,51.888552],[25.658409,51.88812],[25.63092,51.87207],[25.638351,51.816772],[25.523682,51.724731],[25.509888,51.698639],[25.511597,51.618103],[25.514413,51.617716],[25.514542,51.615418],[25.555403,51.610967],[25.565104,51.604004],[25.598416,51.581595],[25.597577,51.580674],[25.600089,51.578867],[25.598201,51.576795],[25.598224,51.576779],[25.597782,51.576334],[25.551483,51.525421],[25.566055,51.457642],[25.555679,51.349335],[25.587296,51.333954],[25.614864,51.354473],[25.623133,51.361791],[25.624657,51.361755],[25.627578,51.363927],[25.632135,51.36382],[25.632766,51.364289],[25.644798,51.363521],[25.700729,51.362183],[25.736039,51.386772],[25.73898,51.385453],[25.739093,51.385532],[25.740494,51.384774],[25.772613,51.370361],[25.809409,51.378304],[25.812636,51.379216],[25.812637,51.379],[25.816237,51.379776],[25.816248,51.377407],[25.818006,51.377786],[25.816301,51.366379],[25.816415,51.342916],[25.813385,51.322601],[25.816521,51.321337],[25.816528,51.319916],[25.846053,51.309423],[25.849366,51.308086],[25.857706,51.294304],[25.861801,51.284699],[25.864692,51.282754],[25.865067,51.282135],[25.924957,51.241852],[25.925882,51.241553],[25.928879,51.239532],[26.005356,51.21582],[26.057104,51.180789],[26.05924,51.171382],[26.057095,51.164878],[26.058314,51.15951],[26.051938,51.149229],[26.047577,51.135986],[25.957245,51.116394],[25.946716,51.08017],[25.947849,51.079605],[25.947202,51.077067],[25.960866,51.070249],[25.979736,51.06369],[26.041321,51.066315],[26.075891,51.031613],[26.093257,50.983466],[26.086113,50.978757],[26.078266,50.976837],[26.072466,50.973012],[26.072466,50.973012],[26.064621,50.971092],[26.064114,50.970758],[26.061642,50.970363],[26.034442,50.963698],[26.006144,50.959162],[25.978958,50.952484],[25.975388,50.940704],[25.97796,50.938513],[25.977875,50.937317],[26.007191,50.909828],[26.010358,50.907127],[26.010219,50.906986],[26.012399,50.904941],[25.991813,50.884151],[25.966384,50.857441],[25.969,50.85582],[25.967121,50.853845],[25.967802,50.853423],[25.981298,50.8482],[25.992583,50.841203],[25.998307,50.838986],[25.997502,50.838153],[26.000111,50.836534],[25.998215,50.83457],[25.998257,50.834544],[25.998054,50.834404],[25.988312,50.82431],[25.950663,50.825605],[25.942016,50.825385],[25.937219,50.823022],[25.935089,50.822968],[25.923408,50.816214],[25.887682,50.798587],[25.875358,50.791448],[25.875113,50.788257],[25.871385,50.786096],[25.870136,50.769828],[25.870441,50.727359],[25.868089,50.696583],[25.82724,50.631165],[25.716751,50.663086],[25.700256,50.681429],[25.682978,50.696613],[25.675272,50.699548],[25.670021,50.704159],[25.666366,50.70555],[25.659097,50.705704],[25.655609,50.707031],[25.60286,50.706879],[25.448593,50.654724],[25.366943,50.677917],[25.366382,50.676132],[25.363036,50.677002],[25.361273,50.67139],[25.362945,50.66519],[25.356722,50.645361],[25.35144,50.636261],[25.353376,50.63469],[25.352539,50.632019],[25.381576,50.611786],[25.286438,50.610657],[25.304412,50.566083],[25.286591,50.54303],[25.219044,50.547828],[25.151198,50.550352],[25.151197,50.550352],[25.149287,50.550486],[25.149185,50.550427],[25.144289,50.550607],[25.140704,50.548495],[25.135808,50.548676],[25.129368,50.544881],[25.124758,50.539097],[25.119782,50.536163],[25.121478,50.534982],[25.119774,50.532844],[25.159927,50.504866],[25.15923,50.503733],[25.161859,50.501831],[25.160415,50.499481],[25.162604,50.497897],[25.15361,50.488408],[25.146002,50.476019],[25.142749,50.472583],[25.136588,50.471633],[25.117109,50.466319],[25.097669,50.463314],[25.098446,50.461222],[25.095154,50.460323],[25.095977,50.458106],[25.094055,50.457581],[25.097054,50.455206],[25.097305,50.454529],[25.167892,50.399017],[25.195054,50.390706],[25.196166,50.387882],[25.198356,50.387211],[25.198034,50.383139],[25.200973,50.375671],[25.068338,50.297676],[25.067984,50.300527],[25.066766,50.299808],[25.066926,50.29609],[25.068615,50.295449],[25.068955,50.292715],[25.072658,50.291309],[25.072997,50.288576],[25.077037,50.287043],[25.083439,50.287217],[25.088951,50.285123],[25.095353,50.285296],[25.100865,50.283202],[25.110821,50.283471],[25.120715,50.285979],[25.120715,50.285979],[25.131367,50.286265],[25.141263,50.288771],[25.151916,50.289055],[25.161814,50.29156],[25.165287,50.291651],[25.175257,50.289672],[25.18568,50.289946],[25.195648,50.287964],[25.208252,50.25589],[25.206228,50.254082],[25.207172,50.25106],[25.198477,50.24329],[25.170414,50.222057],[25.167892,50.219799],[25.169488,50.217359]]]]},"properties":{"name":"Ровненская область","name_uk":"Рівненська область","zone_type":"oblast","faction":"side_a","faction_name":"Side A","faction_color":"#3b82f6","source":"manual","last_updated":"2026-08-03T17:31:29Z","override":false,"id":"fmsek442f_8be"}},{"type":"Feature","geometry":{"type":"MultiPolygon","coordinates":[[[[26.198101,48.962788],[26.191509,48.959992],[26.191049,48.959493],[26.192379,48.956588],[26.189993,48.954002],[26.192747,48.947985],[26.202255,48.934998],[26.192474,48.905945],[26.193888,48.905673],[26.193258,48.903463],[26.202223,48.901741],[26.221054,48.900452],[26.217178,48.83725],[26.244406,48.817368],[26.259517,48.808029],[26.258414,48.807131],[26.260732,48.805437],[26.245563,48.793082],[26.230667,48.782288],[26.231261,48.781426],[26.228869,48.779475],[26.247771,48.752046],[26.247465,48.750743],[26.249893,48.747101],[26.235474,48.684937],[26.282108,48.660097],[26.284988,48.641235],[26.29391,48.639896],[26.302925,48.640837],[26.309184,48.639896],[26.308797,48.637659],[26.312138,48.637157],[26.311751,48.634919],[26.313019,48.634728],[26.310351,48.626817],[26.306686,48.605591],[26.368418,48.57509],[26.365512,48.569434],[26.359975,48.565653],[26.356097,48.558101],[26.358028,48.554863],[26.357437,48.553711],[26.377874,48.521318],[26.375171,48.519992],[26.375835,48.518877],[26.378819,48.519184],[26.389824,48.527176],[26.403992,48.534119],[26.470551,48.538055],[26.515259,48.514862],[26.552826,48.465759],[26.605743,48.451569],[26.621857,48.458252],[26.606979,48.49231],[26.615662,48.506805],[26.654053,48.491303],[26.708984,48.496857],[26.688416,48.518372],[26.614426,48.540161],[26.612564,48.550873],[26.632813,48.562408],[26.721802,48.535156],[26.725262,48.539646],[26.730742,48.542325],[26.7309,48.54696],[26.734457,48.551573],[26.734635,48.55676],[26.734635,48.55676],[26.735172,48.557456],[26.734674,48.55789],[26.734797,48.561482],[26.716126,48.577728],[26.717209,48.594757],[26.740616,48.588898],[26.74971,48.561584],[26.772751,48.550964],[26.787582,48.568268],[26.787582,48.601776],[26.818756,48.606628],[26.829193,48.601776],[26.827942,48.56131],[26.859268,48.540344],[26.884949,48.543549],[26.945252,48.58136],[27.113357,48.559296],[27.141312,48.579041],[27.142497,48.578945],[27.145486,48.580958],[27.179915,48.57817],[27.247559,48.570404],[27.251782,48.577937],[27.256586,48.58221],[27.255236,48.584097],[27.256883,48.587034],[27.254846,48.589881],[27.256494,48.592818],[27.254195,48.59603],[27.249045,48.597985],[27.246511,48.601525],[27.24136,48.60348],[27.235193,48.61209],[27.234375,48.618469],[27.334991,48.601776],[27.370392,48.6297],[27.371226,48.63198],[27.371336,48.631936],[27.393234,48.683746],[27.393586,48.692997],[27.397391,48.703361],[27.39825,48.725857],[27.396179,48.760895],[27.425171,48.770142],[27.418245,48.791641],[27.408008,48.812579],[27.406222,48.818118],[27.404112,48.835469],[27.398611,48.852513],[27.396499,48.869864],[27.390994,48.886907],[27.390638,48.889827],[27.389213,48.892418],[27.389213,48.892419],[27.38404,48.908422],[27.375564,48.923825],[27.373201,48.931127],[27.375894,48.933606],[27.375595,48.934533],[27.395989,48.954736],[27.394986,48.95782],[27.397632,48.96044],[27.397068,48.962171],[27.388604,48.977427],[27.382709,48.995529],[27.383098,48.996229],[27.39259,49.006719],[27.397959,49.016365],[27.409033,49.024876],[27.419385,49.036298],[27.432552,49.046407],[27.442915,49.057826],[27.450591,49.063713],[27.450591,49.063713],[27.45869,49.066455],[27.4646,49.070984],[27.489258,49.117706],[27.573685,49.122528],[27.575388,49.124043],[27.578033,49.124237],[27.589324,49.136439],[27.612138,49.156711],[27.615442,49.155846],[27.616887,49.157129],[27.732866,49.125029],[27.767166,49.115997],[27.769388,49.117317],[27.772598,49.116425],[27.810623,49.141785],[27.888962,49.162567],[27.879196,49.206604],[27.855789,49.236603],[27.877335,49.276886],[27.855092,49.301521],[27.851456,49.33078],[27.848556,49.331629],[27.848343,49.333252],[27.822016,49.340381],[27.803345,49.378967],[27.838119,49.39386],[27.83823,49.395718],[27.841794,49.397428],[27.841966,49.400305],[27.841967,49.400305],[27.841966,49.400307],[27.842452,49.408421],[27.839462,49.416321],[27.825974,49.42984],[27.755685,49.435489],[27.74984,49.43577],[27.749757,49.435963],[27.746044,49.43626],[27.742617,49.444245],[27.742037,49.452949],[27.749245,49.457708],[27.761141,49.468134],[27.758966,49.47001],[27.761107,49.471886],[27.756586,49.475787],[27.724319,49.499878],[27.732132,49.526215],[27.784271,49.536072],[27.776489,49.553713],[27.77032,49.56314],[27.771541,49.564925],[27.770049,49.568303],[27.815582,49.634766],[27.813248,49.636506],[27.814346,49.638184],[27.79199,49.652347],[27.763929,49.673237],[27.753779,49.679656],[27.75428,49.680414],[27.751741,49.682303],[27.757784,49.69144],[27.767417,49.702498],[27.772175,49.702334],[27.792155,49.703885],[27.792155,49.703885],[27.803667,49.703486],[27.806397,49.704988],[27.812644,49.705472],[27.817416,49.708097],[27.821793,49.708435],[27.827422,49.7136],[27.830628,49.715363],[27.831067,49.716943],[27.835817,49.721299],[27.836025,49.722046],[27.833074,49.724168],[27.83385,49.726959],[27.821107,49.736119],[27.823628,49.737258],[27.821423,49.739005],[27.824271,49.740291],[27.824018,49.740492],[27.824892,49.740571],[27.831165,49.743404],[27.838769,49.744094],[27.845043,49.746926],[27.848153,49.747207],[27.851114,49.749665],[27.860797,49.754032],[27.868042,49.76004],[27.660706,49.79895],[27.603776,49.862922],[27.602516,49.868838],[27.601201,49.870314],[27.601135,49.87532],[27.597412,49.892792],[27.540924,49.91507],[27.544933,49.937391],[27.548666,49.938568],[27.54886,49.939646],[27.566474,49.946681],[27.575613,49.949559],[27.575232,49.950177],[27.578245,49.951379],[27.576936,49.953501],[27.579948,49.954703],[27.549184,50.004531],[27.549611,50.004509],[27.548182,50.006828],[27.609344,50.003662],[27.611779,50.004957],[27.614365,50.004852],[27.663666,50.032532],[27.660553,50.057678],[27.657461,50.059139],[27.656998,50.061127],[27.629435,50.075151],[27.626675,50.076453],[27.626723,50.07653],[27.62385,50.077991],[27.639728,50.103617],[27.646301,50.112213],[27.645624,50.113124],[27.647388,50.115966],[27.643617,50.121036],[27.627228,50.137848],[27.639333,50.145876],[27.647974,50.154603],[27.646105,50.156919],[27.648278,50.159113],[27.636636,50.173535],[27.61672,50.193304],[27.607788,50.204351],[27.607483,50.249329],[27.586716,50.256348],[27.551061,50.223818],[27.548111,50.22077],[27.547757,50.220802],[27.545503,50.218742],[27.493881,50.223281],[27.492601,50.225652],[27.491415,50.225756],[27.48968,50.231063],[27.480576,50.247925],[27.403632,50.275689],[27.403778,50.298157],[27.308182,50.340332],[27.288635,50.367859],[27.263464,50.375782],[27.237906,50.381416],[27.23681,50.384163],[27.232651,50.38547],[27.230207,50.391587],[27.253082,50.448029],[27.303786,50.474444],[27.303973,50.474553],[27.30073,50.475714],[27.303465,50.477301],[27.291555,50.481563],[27.260376,50.490143],[27.192261,50.541199],[27.14415,50.548431],[27.126175,50.58197],[27.097595,50.586578],[27.095831,50.584806],[27.091995,50.585164],[27.090208,50.583369],[27.078538,50.567419],[27.068303,50.55712],[26.97641,50.519165],[26.895431,50.530792],[26.807129,50.500885],[26.806814,50.500035],[26.805572,50.499603],[26.791779,50.459442],[26.758819,50.462889],[26.738878,50.463613],[26.737294,50.461428],[26.736526,50.461456],[26.702988,50.414032],[26.65007,50.384399],[26.649599,50.381961],[26.648224,50.381134],[26.645737,50.361969],[26.479858,50.253571],[26.389893,50.24646],[26.387541,50.244535],[26.38353,50.244141],[26.303436,50.175537],[26.233147,50.15236],[26.232926,50.154735],[26.232741,50.154674],[26.233141,50.152358],[26.211761,50.145294],[26.213681,50.144298],[26.210581,50.143026],[26.221553,50.137329],[26.233173,50.134176],[26.24297,50.129086],[26.254587,50.125931],[26.256269,50.125057],[26.260013,50.120228],[26.266559,50.116823],[26.271314,50.110688],[26.259811,50.094238],[26.2052,50.086304],[26.231918,50.059143],[26.200485,50.031404],[26.195756,50.026591],[26.198698,50.025369],[26.196838,50.023476],[26.202839,50.020983],[26.22757,50.013367],[26.233765,49.998688],[26.210454,49.991],[26.188973,49.981384],[26.188973,49.981384],[26.165679,49.973686],[26.164636,49.973219],[26.162373,49.969464],[26.157228,49.967158],[26.154965,49.963403],[26.150421,49.961365],[26.151881,49.958285],[26.151199,49.957153],[26.164529,49.929146],[26.157089,49.893738],[26.188012,49.86618],[26.189044,49.865377],[26.18903,49.865272],[26.192161,49.862479],[26.186752,49.821838],[26.234543,49.772308],[26.22833,49.731279],[26.213523,49.713223],[26.204776,49.700712],[26.207026,49.698465],[26.205505,49.696289],[26.253311,49.652191],[26.22493,49.623413],[26.223993,49.619949],[26.220902,49.616547],[26.20937,49.56979],[26.1783,49.553736],[26.171082,49.550598],[26.170477,49.549691],[26.167984,49.548401],[26.161749,49.536576],[26.148407,49.51651],[26.149712,49.513725],[26.14856,49.511536],[26.191391,49.424683],[26.227011,49.398556],[26.23439,49.319458],[26.257038,49.28716],[26.241684,49.241211],[26.205811,49.223389],[26.19838,49.184906],[26.218582,49.154877],[26.210938,49.11911],[26.231445,49.074524],[26.202604,49.044584],[26.199624,49.041002],[26.201107,49.038079],[26.199463,49.036102],[26.213314,49.014003],[26.217374,49.005991],[26.215007,49.003547],[26.216404,49.00079],[26.213258,48.997541],[26.202577,48.990411],[26.202765,48.987324],[26.19947,48.985123],[26.199646,48.982235],[26.203557,48.97429],[26.203876,48.969043],[26.198101,48.962788]]],[[[27.194572,50.542931],[27.19428,50.54315],[27.192261,50.541199],[27.194572,50.542931]]]]},"properties":{"name":"Хмельницкая область","name_uk":"Хмельницька область","zone_type":"oblast","faction":"side_a","faction_name":"Side A","faction_color":"#3b82f6","source":"manual","last_updated":"2026-08-03T17:31:28Z","override":false,"id":"fmsek442f_97r"}},{"type":"Feature","geometry":{"type":"MultiPolygon","coordinates":[[[[27.39825,48.725857],[27.397391,48.703361],[27.397391,48.703361],[27.393586,48.692997],[27.393234,48.683746],[27.370392,48.6297],[27.438187,48.602509],[27.503642,48.472695],[27.604797,48.4841],[27.606873,48.457794],[27.627014,48.451233],[27.75177,48.451965],[27.785248,48.441559],[27.864838,48.398895],[27.926437,48.339417],[28.076401,48.314911],[28.098312,48.284088],[28.078674,48.244904],[28.093246,48.237427],[28.178513,48.25885],[28.189362,48.223022],[28.216949,48.20813],[28.294464,48.236481],[28.357727,48.238586],[28.368164,48.230621],[28.363358,48.19101],[28.322174,48.163208],[28.317413,48.135345],[28.349564,48.1297],[28.388626,48.168579],[28.398152,48.169454],[28.411575,48.170685],[28.43689,48.149841],[28.419006,48.122223],[28.447433,48.082733],[28.479584,48.064911],[28.490021,48.065491],[28.519318,48.149109],[28.541595,48.155945],[28.79924,48.111786],[28.830765,48.030853],[28.862076,48.000488],[28.862372,48.000591],[28.973171,48.041011],[29.031253,48.074536],[29.046049,48.083923],[29.042389,48.131622],[29.078247,48.14444],[29.08015,48.143763],[29.083889,48.144964],[29.129237,48.128826],[29.200387,48.100918],[29.24472,48.085071],[29.33844,48.086212],[29.449692,48.113525],[29.510361,48.090424],[29.671399,48.092112],[29.672922,48.094366],[29.676655,48.094402],[29.677985,48.096369],[29.683379,48.109833],[29.691968,48.122528],[29.696441,48.133675],[29.665863,48.168945],[29.671127,48.177368],[29.774795,48.203095],[29.776864,48.214958],[29.782256,48.226333],[29.783318,48.232412],[29.783201,48.248882],[29.782822,48.249069],[29.783269,48.251624],[29.771902,48.257203],[29.757419,48.261535],[29.744637,48.267803],[29.743443,48.26816],[29.743561,48.268331],[29.740775,48.269697],[29.742215,48.271764],[29.739548,48.273071],[29.763745,48.302642],[29.776064,48.320287],[29.77699,48.325175],[29.779297,48.353088],[29.782771,48.355641],[29.783005,48.356873],[29.883423,48.432587],[29.88761,48.432481],[29.889465,48.433838],[29.897408,48.432234],[29.91062,48.4319],[29.912588,48.431502],[29.913862,48.42891],[29.916962,48.428284],[29.930067,48.395938],[29.938869,48.378013],[29.942695,48.3777],[29.945234,48.379744],[29.945772,48.3797],[29.951153,48.38451],[29.993896,48.418884],[30.038757,48.427673],[30.076126,48.455078],[30.073498,48.456514],[30.074531,48.457272],[30.07726,48.457352],[30.06471,48.464208],[30.052691,48.467877],[30.042481,48.47345],[30.014467,48.467856],[29.985635,48.464435],[29.963657,48.460034],[29.963084,48.461753],[29.959745,48.461356],[29.959015,48.463546],[29.956329,48.463226],[29.958455,48.465226],[29.957461,48.468208],[29.999443,48.50765],[30.013565,48.52158],[30.015033,48.527076],[30.01973,48.531706],[30.020605,48.534977],[29.963623,48.609833],[29.955783,48.656351],[29.915715,48.673752],[29.865484,48.692861],[29.864966,48.693085],[29.864037,48.696159],[29.86004,48.69789],[29.858785,48.70204],[29.857529,48.717682],[29.871336,48.731009],[29.883492,48.739791],[29.881661,48.740968],[29.883603,48.742841],[29.879394,48.745544],[29.839966,48.766144],[29.77774,48.767883],[29.776475,48.769102],[29.772476,48.769287],[29.770774,48.77459],[29.767502,48.77774],[29.74762,48.841108],[29.743323,48.843681],[29.74221,48.847224],[29.722338,48.856243],[29.703583,48.867462],[29.700382,48.880207],[29.700386,48.880454],[29.703872,48.883881],[29.703888,48.884796],[29.722351,48.902039],[29.713043,48.91803],[29.638733,48.94455],[29.643828,48.955269],[29.652102,48.965095],[29.655933,48.973145],[29.660723,48.975329],[29.664473,48.979779],[29.670853,48.982686],[29.672644,48.98481],[29.672211,48.998688],[29.594803,49.026977],[29.5965,49.039547],[29.602169,49.05307],[29.606612,49.055154],[29.608057,49.058598],[29.640357,49.073729],[29.670669,49.085144],[29.67485,49.114624],[29.690893,49.124884],[29.700747,49.129485],[29.700965,49.131322],[29.704705,49.133712],[29.705912,49.143843],[29.703303,49.15095],[29.705507,49.169424],[29.710556,49.182739],[29.674545,49.209686],[29.697235,49.227264],[29.687714,49.241211],[29.641983,49.245087],[29.64016,49.247296],[29.63858,49.247498],[29.591235,49.304303],[29.567445,49.31065],[29.533687,49.317233],[29.531385,49.317846],[29.529456,49.320772],[29.525452,49.321838],[29.499832,49.365662],[29.501749,49.378155],[29.504683,49.384792],[29.509308,49.387095],[29.510915,49.39073],[29.557841,49.414078],[29.559039,49.416463],[29.563998,49.419072],[29.568318,49.427667],[29.567659,49.434967],[29.563405,49.44366],[29.563405,49.44366],[29.562799,49.450371],[29.551743,49.467479],[29.540024,49.491394],[29.566223,49.508392],[29.56542,49.529171],[29.561862,49.531418],[29.56186,49.531468],[29.56081,49.532082],[29.496262,49.572784],[29.510078,49.637442],[29.506679,49.637979],[29.506811,49.638598],[29.442198,49.649378],[29.442927,49.650326],[29.442201,49.65044],[29.432569,49.649655],[29.423115,49.651141],[29.421812,49.651034],[29.416918,49.648378],[29.411667,49.647949],[29.362671,49.618896],[29.281799,49.611633],[29.265829,49.592767],[29.261975,49.5868],[29.260795,49.586815],[29.258923,49.584602],[29.256575,49.584632],[29.182148,49.587785],[29.107595,49.588654],[29.033158,49.591709],[29.024429,49.591801],[29.023293,49.59211],[29.012808,49.592535],[29.003109,49.595168],[28.992623,49.595592],[28.987163,49.597073],[28.987762,49.599333],[28.986977,49.599546],[28.988688,49.602819],[28.992478,49.617092],[28.997223,49.62616],[28.995398,49.628077],[28.995667,49.629089],[28.980124,49.644115],[28.948786,49.676987],[28.960757,49.690786],[28.980978,49.709469],[28.998255,49.729343],[28.999797,49.730766],[28.999613,49.730904],[29.001418,49.732979],[28.998997,49.734796],[29.000802,49.736871],[28.991463,49.743873],[28.975912,49.7521],[28.963533,49.761372],[28.942291,49.787964],[28.939652,49.831116],[28.937437,49.832916],[28.93718,49.835297],[28.93155,49.841304],[28.918606,49.85182],[28.917378,49.856418],[28.912429,49.861693],[28.910812,49.867749],[28.906071,49.872802],[28.901481,49.87336],[28.899139,49.875854],[28.875935,49.876463],[28.852424,49.879314],[28.833628,49.8798],[28.831223,49.877623],[28.827049,49.877731],[28.82012,49.871459],[28.814648,49.86262],[28.80629,49.855049],[28.757492,49.837219],[28.737553,49.818717],[28.720604,49.799023],[28.720603,49.799023],[28.717788,49.796406],[28.71389,49.796734],[28.711666,49.794666],[28.634613,49.801117],[28.570999,49.786621],[28.519012,49.807281],[28.430847,49.807739],[28.407638,49.793619],[28.388554,49.779138],[28.382285,49.778178],[28.377237,49.775102],[28.369662,49.773941],[28.362091,49.775085],[28.354547,49.773928],[28.346547,49.775135],[28.346547,49.775135],[28.294739,49.785233],[28.275345,49.788147],[28.270499,49.787614],[28.267441,49.788208],[28.025391,49.760345],[27.868042,49.76004],[27.860797,49.754032],[27.851114,49.749665],[27.848153,49.747207],[27.845043,49.746926],[27.838769,49.744094],[27.831165,49.743404],[27.824892,49.740571],[27.824018,49.740492],[27.824271,49.740291],[27.821423,49.739005],[27.823628,49.737258],[27.821107,49.736119],[27.83385,49.726959],[27.833074,49.724168],[27.836025,49.722046],[27.835817,49.721299],[27.831067,49.716943],[27.830628,49.715363],[27.827422,49.7136],[27.821793,49.708435],[27.817416,49.708097],[27.812644,49.705472],[27.806397,49.704988],[27.803667,49.703486],[27.792155,49.703885],[27.772175,49.702334],[27.767417,49.702498],[27.757784,49.69144],[27.751741,49.682303],[27.75428,49.680414],[27.753779,49.679656],[27.763928,49.673238],[27.763928,49.673237],[27.79199,49.652347],[27.814346,49.638184],[27.813248,49.636506],[27.815582,49.634766],[27.770049,49.568303],[27.771541,49.564925],[27.77032,49.56314],[27.776489,49.553713],[27.784271,49.536072],[27.732132,49.526215],[27.724319,49.499878],[27.756587,49.475786],[27.761107,49.471886],[27.758966,49.47001],[27.761141,49.468134],[27.749245,49.457708],[27.742037,49.452949],[27.742617,49.444245],[27.746044,49.43626],[27.749757,49.435963],[27.74984,49.43577],[27.755685,49.435489],[27.825974,49.42984],[27.839462,49.416321],[27.842452,49.408421],[27.841966,49.400307],[27.841967,49.400305],[27.841966,49.400305],[27.841794,49.397428],[27.83823,49.395718],[27.838119,49.39386],[27.803345,49.378967],[27.822016,49.340381],[27.848343,49.333252],[27.848556,49.331629],[27.851456,49.33078],[27.855092,49.301521],[27.877335,49.276886],[27.855789,49.236603],[27.879196,49.206604],[27.888962,49.162567],[27.810623,49.141785],[27.772598,49.116425],[27.769388,49.117317],[27.767166,49.115997],[27.732864,49.125029],[27.732863,49.12503],[27.616887,49.157129],[27.615442,49.155846],[27.612138,49.156711],[27.589324,49.136439],[27.578033,49.124237],[27.575388,49.124043],[27.573685,49.122528],[27.489258,49.117706],[27.4646,49.070984],[27.45869,49.066455],[27.450591,49.063713],[27.442915,49.057826],[27.432552,49.046407],[27.419385,49.036298],[27.409033,49.024876],[27.409033,49.024876],[27.397959,49.016365],[27.39259,49.006719],[27.383098,48.996229],[27.382709,48.995529],[27.388604,48.977427],[27.397068,48.962171],[27.397632,48.96044],[27.394986,48.95782],[27.395989,48.954736],[27.375595,48.934533],[27.375894,48.933606],[27.373201,48.931127],[27.375564,48.923825],[27.38404,48.908422],[27.389213,48.892419],[27.390638,48.889827],[27.390994,48.886907],[27.396499,48.869864],[27.398611,48.852513],[27.404112,48.835469],[27.404112,48.835469],[27.406222,48.818118],[27.408008,48.812579],[27.418245,48.791641],[27.425171,48.770142],[27.396179,48.760895],[27.39825,48.725857]]]]},"properties":{"name":"Винницкая область","name_uk":"Вінницька область","zone_type":"oblast","faction":"side_a","faction_name":"Side A","faction_color":"#3b82f6","source":"manual","last_updated":"2026-08-03T17:31:26Z","override":false,"id":"fmsek442f_aiv"}},{"type":"Feature","geometry":{"type":"MultiPolygon","coordinates":[[[[27.54886,49.939646],[27.548666,49.938568],[27.544933,49.937391],[27.540924,49.91507],[27.597412,49.892792],[27.601135,49.87532],[27.601201,49.870314],[27.602516,49.868838],[27.603776,49.862922],[27.660706,49.79895],[27.868042,49.76004],[28.025391,49.760345],[28.267441,49.788208],[28.270499,49.787614],[28.275345,49.788147],[28.294739,49.785233],[28.346546,49.775135],[28.354547,49.773928],[28.362091,49.775085],[28.369662,49.773941],[28.377237,49.775102],[28.382285,49.778178],[28.388554,49.779138],[28.407638,49.793619],[28.430847,49.807739],[28.519012,49.807281],[28.570999,49.786621],[28.634613,49.801117],[28.711666,49.794666],[28.71389,49.796734],[28.717788,49.796406],[28.720604,49.799023],[28.737553,49.818716],[28.757492,49.837219],[28.80629,49.855049],[28.814648,49.86262],[28.82012,49.87146],[28.827049,49.877731],[28.831223,49.877623],[28.833628,49.8798],[28.852424,49.879314],[28.875935,49.876463],[28.899139,49.875854],[28.901481,49.87336],[28.906071,49.872802],[28.910812,49.867749],[28.912429,49.861693],[28.917378,49.856418],[28.918606,49.85182],[28.93155,49.841304],[28.93718,49.835297],[28.937437,49.832916],[28.939652,49.831116],[28.942291,49.787964],[28.963533,49.761372],[28.975912,49.7521],[28.991463,49.743873],[28.991463,49.743873],[29.000802,49.736871],[28.998997,49.734796],[29.001418,49.732979],[28.999613,49.730904],[28.999797,49.730766],[28.998255,49.729343],[28.980978,49.709469],[28.960757,49.690786],[28.948786,49.676987],[28.980124,49.644115],[28.995667,49.629089],[28.995398,49.628077],[28.997223,49.62616],[28.992478,49.617092],[28.988688,49.602819],[28.988688,49.602819],[28.986977,49.599546],[28.987762,49.599333],[28.987163,49.597073],[28.992623,49.595592],[29.003109,49.595168],[29.012808,49.592535],[29.023293,49.59211],[29.024429,49.591801],[29.033158,49.591709],[29.107595,49.588654],[29.182148,49.587785],[29.256575,49.584632],[29.258923,49.584602],[29.260795,49.586815],[29.261975,49.5868],[29.265829,49.592767],[29.281799,49.611633],[29.362671,49.618896],[29.411667,49.647949],[29.416918,49.648378],[29.421812,49.651034],[29.423115,49.651141],[29.432569,49.649655],[29.442201,49.65044],[29.442927,49.650326],[29.443069,49.65051],[29.44722,49.650848],[29.483078,49.697418],[29.475831,49.706478],[29.475672,49.706871],[29.475509,49.70688],[29.473624,49.709236],[29.46906,49.709504],[29.443344,49.708765],[29.420506,49.710097],[29.421785,49.712267],[29.419464,49.712402],[29.449081,49.758545],[29.442088,49.777969],[29.43963,49.791656],[29.442917,49.792901],[29.442479,49.79534],[29.445766,49.796584],[29.445674,49.797093],[29.465377,49.804003],[29.55805,49.838983],[29.631965,49.864751],[29.652591,49.878602],[29.7285,49.931974],[29.730658,49.938636],[29.728153,49.941951],[29.729317,49.945542],[29.719193,49.958934],[29.694012,49.987085],[29.671906,50.016266],[29.68345,50.035176],[29.669113,50.082886],[29.671127,50.093933],[29.683584,50.099355],[29.697698,50.102779],[29.714704,50.110173],[29.719304,50.114887],[29.726506,50.118016],[29.733414,50.12509],[29.724307,50.157412],[29.708453,50.170891],[29.691437,50.182129],[29.691563,50.185241],[29.691132,50.185608],[29.691428,50.269953],[29.68643,50.274423],[29.678665,50.277513],[29.67336,50.282256],[29.671263,50.28309],[29.669129,50.286038],[29.658157,50.295843],[29.650246,50.306762],[29.641265,50.31478],[29.603638,50.326904],[29.567322,50.406891],[29.536621,50.424194],[29.487918,50.417327],[29.446728,50.413415],[29.442295,50.415256],[29.437068,50.414758],[29.431903,50.416903],[29.431023,50.419936],[29.426939,50.421632],[29.426756,50.422263],[29.429912,50.423765],[29.429196,50.42623],[29.432352,50.427732],[29.43232,50.427843],[29.432817,50.427954],[29.442206,50.43242],[29.4533,50.43489],[29.462178,50.439111],[29.460598,50.441164],[29.461629,50.441654],[29.458324,50.444118],[29.452092,50.45221],[29.442876,50.459076],[29.442503,50.459559],[29.446142,50.459934],[29.444523,50.462035],[29.470071,50.464668],[29.482419,50.465671],[29.498901,50.491669],[29.47316,50.522339],[29.497727,50.536672],[29.499442,50.540086],[29.504757,50.558069],[29.504757,50.558069],[29.509243,50.566987],[29.507785,50.568305],[29.508695,50.571381],[29.505845,50.573955],[29.505846,50.573958],[29.479879,50.598496],[29.481757,50.600741],[29.480759,50.601685],[29.537399,50.667114],[29.584732,50.691559],[29.592331,50.71109],[29.570574,50.755489],[29.564594,50.77015],[29.56331,50.770295],[29.562131,50.772698],[29.55819,50.773142],[29.557481,50.774588],[29.531918,50.776102],[29.489899,50.780823],[29.504665,50.867709],[29.393066,50.970093],[29.394625,50.972931],[29.39905,50.974093],[29.400609,50.976931],[29.400945,50.977019],[29.408703,50.976626],[29.415866,50.978506],[29.423625,50.978112],[29.429703,50.979706],[29.437051,50.97743],[29.446672,50.97694],[29.455332,50.974257],[29.458563,50.974092],[29.458632,50.97633],[29.462205,50.976148],[29.462274,50.978387],[29.462314,50.978385],[29.462288,50.978837],[29.462288,50.978837],[29.463547,51.019348],[29.477472,51.043259],[29.481367,51.048462],[29.4814,51.049999],[29.485125,51.056386],[29.485328,51.065631],[29.48179,51.067831],[29.4818,51.068284],[29.479723,51.069116],[29.467721,51.076576],[29.453462,51.082285],[29.441453,51.089742],[29.432201,51.093443],[29.430425,51.096588],[29.424575,51.100217],[29.421835,51.105066],[29.415983,51.108695],[29.415309,51.109888],[29.404471,51.115834],[29.40447,51.115835],[29.362824,51.141632],[29.339618,51.141483],[29.310852,51.118713],[29.270493,51.236847],[29.299009,51.249978],[29.329546,51.261237],[29.350389,51.270813],[29.356514,51.276411],[29.365279,51.280434],[29.371407,51.286032],[29.371407,51.286032],[29.371755,51.286191],[29.371954,51.286531],[29.380214,51.294073],[29.385137,51.302464],[29.388706,51.336709],[29.389999,51.362625],[29.381767,51.365857],[29.372955,51.366674],[29.36542,51.369631],[29.362394,51.369911],[29.361118,51.36777],[29.296997,51.373688],[29.264847,51.432892],[29.221024,51.466949],[29.226502,51.519043],[29.160416,51.603302],[29.123871,51.62503],[29.043579,51.62616],[28.980835,51.569458],[28.863632,51.558899],[28.799866,51.532593],[28.752228,51.483704],[28.751602,51.428741],[28.730488,51.403327],[28.727441,51.403445],[28.703949,51.442596],[28.663544,51.433991],[28.637299,51.449615],[28.603912,51.553528],[28.461227,51.571655],[28.346878,51.525146],[28.333847,51.528351],[28.310898,51.574432],[28.257782,51.601746],[28.245117,51.640595],[28.210037,51.651947],[28.166214,51.633087],[28.114227,51.575592],[28.070816,51.557617],[27.954758,51.560761],[27.87558,51.608032],[27.831238,51.612915],[27.799515,51.585175],[27.792542,51.517273],[27.730118,51.465149],[27.670319,51.484802],[27.665327,51.486441],[27.658682,51.485577],[27.643995,51.48138],[27.628157,51.479317],[27.613474,51.475115],[27.59764,51.473048],[27.59216,51.471478],[27.591106,51.468709],[27.586938,51.467514],[27.581585,51.453428],[27.580704,51.441334],[27.579518,51.438209],[27.580399,51.437142],[27.580071,51.432632],[27.583393,51.428608],[27.583071,51.424186],[27.588979,51.416932],[27.598155,51.405808],[27.598107,51.405721],[27.60038,51.402929],[27.598746,51.399976],[27.601018,51.397184],[27.599673,51.394753],[27.595713,51.394495],[27.594421,51.392161],[27.59227,51.392021],[27.588767,51.394043],[27.584016,51.393733],[27.582094,51.394842],[27.582094,51.394843],[27.563897,51.408394],[27.543068,51.420403],[27.524851,51.433948],[27.516697,51.438644],[27.511791,51.438418],[27.508181,51.440496],[27.504988,51.440348],[27.488327,51.375305],[27.504489,51.355984],[27.504489,51.355983],[27.510585,51.346391],[27.508845,51.343041],[27.50946,51.342072],[27.507051,51.339587],[27.503571,51.332886],[27.49855,51.33082],[27.494216,51.326349],[27.487213,51.323466],[27.484415,51.320578],[27.477065,51.319287],[27.467215,51.315228],[27.455836,51.313227],[27.445989,51.309167],[27.434614,51.307164],[27.423962,51.302768],[27.422656,51.29954],[27.418198,51.297699],[27.452667,51.251068],[27.45203,51.246938],[27.453751,51.244354],[27.450604,51.237685],[27.449097,51.227905],[27.444484,51.224709],[27.442136,51.219728],[27.428718,51.210424],[27.407026,51.198726],[27.398544,51.192837],[27.360626,51.144897],[27.355697,51.129837],[27.349753,51.100456],[27.349504,51.099695],[27.343903,51.093752],[27.343414,51.092255],[27.305069,51.05249],[27.223175,51.027191],[27.200578,50.9944],[27.202374,50.991347],[27.202022,50.990837],[27.210062,50.978273],[27.210063,50.978272],[27.233871,50.937744],[27.232877,50.93657],[27.234617,50.933846],[27.232426,50.931261],[27.23252,50.931113],[27.231966,50.930717],[27.224664,50.922098],[27.218599,50.917761],[27.240219,50.88324],[27.227622,50.798275],[27.254851,50.760666],[27.270615,50.740814],[27.270066,50.739623],[27.271698,50.737366],[27.263325,50.724967],[27.255068,50.706998],[27.243465,50.689788],[27.240173,50.682611],[27.232293,50.673201],[27.215787,50.648668],[27.215787,50.648668],[27.196091,50.625098],[27.195206,50.623779],[27.196915,50.605225],[27.233398,50.586578],[27.232786,50.584606],[27.235565,50.583008],[27.230891,50.5785],[27.229079,50.572658],[27.211139,50.555343],[27.211139,50.555343],[27.192261,50.541199],[27.260376,50.490143],[27.291555,50.481563],[27.303465,50.477301],[27.30073,50.475714],[27.303973,50.474553],[27.303786,50.474444],[27.253082,50.448029],[27.230207,50.391587],[27.232651,50.38547],[27.23681,50.384163],[27.237906,50.381416],[27.263464,50.375782],[27.288635,50.367859],[27.308182,50.340332],[27.403778,50.298157],[27.403632,50.275689],[27.480576,50.247925],[27.48968,50.231063],[27.491415,50.225756],[27.492601,50.225652],[27.493881,50.223281],[27.545503,50.218742],[27.547757,50.220802],[27.548111,50.22077],[27.551061,50.223818],[27.586716,50.256348],[27.607483,50.249329],[27.607788,50.204351],[27.61672,50.193304],[27.636636,50.173535],[27.648278,50.159113],[27.646105,50.156919],[27.647974,50.154603],[27.639333,50.145876],[27.627228,50.137848],[27.643617,50.121036],[27.647388,50.115966],[27.645624,50.113124],[27.646301,50.112213],[27.639728,50.103617],[27.62385,50.077991],[27.626723,50.07653],[27.626675,50.076453],[27.629433,50.075152],[27.629434,50.075152],[27.656998,50.061127],[27.657461,50.059139],[27.660553,50.057678],[27.663666,50.032532],[27.614365,50.004852],[27.611779,50.004957],[27.609344,50.003662],[27.548182,50.006828],[27.549611,50.004509],[27.549184,50.004531],[27.579948,49.954703],[27.576936,49.953501],[27.578245,49.951379],[27.575232,49.950177],[27.575613,49.949559],[27.566474,49.946681],[27.54886,49.939646]]]]},"properties":{"name":"Житомирская область","name_uk":"Житомирська область","zone_type":"oblast","faction":"side_a","faction_name":"Side A","faction_color":"#3b82f6","source":"manual","last_updated":"2026-08-03T17:31:24Z","override":false,"id":"fmsek442f_btv"}},{"type":"Feature","geometry":{"type":"MultiPolygon","coordinates":[[[[29.426756,50.422263],[29.426939,50.421632],[29.431023,50.419936],[29.431903,50.416903],[29.437068,50.414758],[29.442295,50.415256],[29.446728,50.413415],[29.487918,50.417327],[29.536621,50.424194],[29.567322,50.406891],[29.603638,50.326904],[29.641265,50.31478],[29.650246,50.306762],[29.658157,50.295843],[29.669129,50.286038],[29.671263,50.28309],[29.67336,50.282256],[29.678665,50.277513],[29.68643,50.274423],[29.691428,50.269953],[29.691132,50.185608],[29.691563,50.185241],[29.691437,50.182129],[29.708453,50.170891],[29.724307,50.157412],[29.733414,50.12509],[29.726506,50.118016],[29.719304,50.114887],[29.714704,50.110173],[29.697698,50.102779],[29.683584,50.099355],[29.671127,50.093933],[29.669113,50.082886],[29.68345,50.035176],[29.671906,50.016266],[29.694012,49.987086],[29.719193,49.958934],[29.719194,49.958934],[29.729317,49.945542],[29.728153,49.941951],[29.730658,49.938636],[29.7285,49.931974],[29.652591,49.878602],[29.631965,49.864751],[29.55805,49.838983],[29.465376,49.804003],[29.465375,49.804003],[29.445674,49.797093],[29.445766,49.796584],[29.442479,49.79534],[29.442917,49.792901],[29.43963,49.791656],[29.442088,49.777969],[29.449081,49.758545],[29.419464,49.712402],[29.421785,49.712267],[29.420506,49.710097],[29.443344,49.708765],[29.46906,49.709504],[29.473624,49.709236],[29.475509,49.70688],[29.475672,49.706871],[29.475831,49.706478],[29.483078,49.697418],[29.44722,49.650848],[29.443069,49.65051],[29.442198,49.649378],[29.506811,49.638598],[29.506679,49.637979],[29.510078,49.637442],[29.496262,49.572784],[29.56081,49.532082],[29.56186,49.531468],[29.561862,49.531418],[29.56542,49.529171],[29.566223,49.508392],[29.540024,49.491394],[29.551743,49.467479],[29.562799,49.450371],[29.563405,49.443659],[29.567659,49.434967],[29.568318,49.427667],[29.563998,49.419072],[29.559039,49.416463],[29.557841,49.414078],[29.510915,49.39073],[29.509308,49.387095],[29.504683,49.384792],[29.501749,49.378155],[29.499832,49.365662],[29.525452,49.321838],[29.529456,49.320772],[29.531385,49.317846],[29.533687,49.317233],[29.567445,49.31065],[29.591235,49.304303],[29.63858,49.247498],[29.64016,49.247296],[29.641983,49.245087],[29.687714,49.241211],[29.697235,49.227264],[29.723374,49.222141],[29.736199,49.218425],[29.736,49.21604],[29.739373,49.215062],[29.739174,49.212677],[29.739381,49.212617],[29.739156,49.212466],[29.73887,49.209042],[29.735211,49.206585],[29.734925,49.203162],[29.732813,49.201743],[29.734679,49.20021],[29.734398,49.196844],[29.73763,49.194188],[29.73735,49.190822],[29.737563,49.190647],[29.750754,49.183397],[29.761459,49.174591],[29.862335,49.173828],[29.920059,49.246216],[30.008232,49.265579],[30.03241,49.283386],[30.035785,49.283028],[30.038482,49.285006],[30.076158,49.281],[30.076163,49.280999],[30.111299,49.277155],[30.110079,49.288904],[30.105609,49.298612],[30.105273,49.301847],[30.108515,49.303956],[30.108414,49.304932],[30.146454,49.328613],[30.179169,49.323395],[30.166138,49.296875],[30.17421,49.28244],[30.349548,49.258026],[30.363235,49.236603],[30.381989,49.232941],[30.419876,49.335938],[30.437698,49.348511],[30.441972,49.348315],[30.444992,49.350006],[30.449387,49.347975],[30.455966,49.347673],[30.461347,49.345185],[30.461422,49.345182],[30.461577,49.345079],[30.47726,49.337826],[30.490685,49.328875],[30.50017,49.324484],[30.550201,49.340637],[30.596451,49.331818],[30.619584,49.355216],[30.619585,49.355216],[30.624086,49.359044],[30.678207,49.35437],[30.678336,49.354269],[30.683229,49.353916],[30.692174,49.346831],[30.720261,49.321045],[30.868164,49.360626],[30.870482,49.359783],[30.874602,49.360842],[30.876587,49.36012],[30.876587,49.36012],[30.908005,49.34613],[30.946198,49.410461],[31.078113,49.491818],[31.104019,49.527679],[31.107848,49.529923],[31.109909,49.532684],[31.156919,49.561642],[31.156784,49.585175],[31.132858,49.593353],[31.13257,49.594658],[31.129745,49.595764],[31.128204,49.61441],[31.172647,49.671953],[31.171967,49.698914],[31.176481,49.708787],[31.176481,49.708787],[31.184236,49.717781],[31.184833,49.719085],[31.186977,49.731725],[31.192558,49.74391],[31.194793,49.757057],[31.188985,49.766864],[31.182053,49.773804],[31.18341,49.776274],[31.182831,49.777252],[31.194177,49.802598],[31.194177,49.802599],[31.19503,49.804148],[31.194926,49.804272],[31.196152,49.807007],[31.18307,49.818392],[31.180078,49.821955],[31.182225,49.824107],[31.1819,49.824493],[31.212021,49.853943],[31.335999,49.896729],[31.435165,49.905792],[31.493608,49.843556],[31.495687,49.845672],[31.496469,49.844838],[31.500572,49.850645],[31.514282,49.864593],[31.56107,49.865243],[31.568514,49.864989],[31.568723,49.865348],[31.572494,49.865399],[31.591064,49.897308],[31.606628,49.886749],[31.613129,49.858124],[31.714427,49.848718],[31.767852,49.912064],[31.802763,49.955262],[31.806679,49.982486],[31.80661,50.001343],[31.80956,50.002479],[31.809961,50.005253],[31.81732,50.008087],[31.873322,50.027008],[31.853485,50.099976],[31.918488,50.147888],[31.947693,50.14566],[31.987534,50.169281],[31.994454,50.184558],[31.973267,50.216034],[31.994248,50.243134],[32.011609,50.248911],[32.021467,50.250859],[32.026665,50.249542],[32.031769,50.250549],[32.069488,50.238678],[32.071486,50.240643],[32.071557,50.24063],[32.095734,50.263428],[32.095869,50.264608],[32.097992,50.266693],[32.096708,50.271906],[32.097844,50.281783],[32.097002,50.285198],[32.098476,50.287281],[32.098938,50.29129],[32.137708,50.348022],[32.137668,50.348039],[32.13913,50.350098],[32.078796,50.373871],[32.074594,50.377206],[32.072723,50.377991],[32.073009,50.378464],[32.070443,50.380499],[32.071902,50.382917],[32.071032,50.383606],[32.074163,50.386663],[32.08023,50.39671],[32.089478,50.405731],[32.01532,50.422791],[32.007568,50.45105],[31.977295,50.46991],[31.97555,50.473929],[31.973572,50.475342],[31.974446,50.476471],[31.973025,50.479742],[31.973908,50.480882],[31.99176,50.499603],[31.992437,50.499686],[31.993012,50.500427],[32.00185,50.500842],[32.028434,50.504102],[32.032532,50.539276],[31.975675,50.547982],[31.9607,50.550883],[31.955547,50.554214],[31.953888,50.554535],[31.847427,50.623932],[31.795577,50.611483],[31.780411,50.574524],[31.748428,50.553192],[31.686508,50.552826],[31.66251,50.54128],[31.636521,50.531584],[31.612546,50.520026],[31.611373,50.519588],[31.597606,50.517046],[31.585286,50.512439],[31.5672,50.509094],[31.491791,50.517303],[31.462906,50.500214],[31.410567,50.503424],[31.358659,50.508826],[31.329023,50.510619],[31.319096,50.512927],[31.300669,50.514832],[31.283128,50.518904],[31.280594,50.519165],[31.279662,50.519708],[31.275162,50.520752],[31.274189,50.522896],[31.269184,50.525812],[31.26222,50.541159],[31.258377,50.557739],[31.214508,50.563568],[31.185608,50.582275],[31.185531,50.58286],[31.18251,50.584869],[31.184438,50.59116],[31.18335,50.599424],[31.184905,50.604497],[31.189257,50.606875],[31.189331,50.607117],[31.218536,50.622864],[31.210411,50.66071],[31.162201,50.697815],[31.161193,50.700426],[31.159103,50.701965],[31.158899,50.706371],[31.15516,50.716056],[31.126161,50.72131],[31.113165,50.723953],[31.113216,50.726287],[31.110062,50.726929],[31.11344,50.736559],[31.113483,50.738519],[31.110009,50.742666],[31.110053,50.744687],[31.102893,50.75116],[31.089386,50.767273],[30.963409,50.75882],[30.938751,50.747467],[30.934735,50.747936],[30.930847,50.74646],[30.871735,50.75528],[30.836334,50.737],[30.78959,50.759249],[30.74646,50.755646],[30.737625,50.760193],[30.771484,50.811157],[30.77597,50.847412],[30.652939,50.894989],[30.660097,50.969113],[30.655764,50.975576],[30.64749,50.982133],[30.646098,50.984209],[30.642471,50.986111],[30.631603,50.994719],[30.617973,51.001861],[30.60666,51.004646],[30.586381,51.007236],[30.586381,51.007236],[30.567109,51.011973],[30.54914,51.014261],[30.538871,51.01329],[30.528677,51.014586],[30.518408,51.013613],[30.513538,51.014231],[30.513482,51.016516],[30.512329,51.016663],[30.511231,51.108032],[30.531387,51.180267],[30.515884,51.224731],[30.532587,51.228931],[30.55029,51.230969],[30.550449,51.233419],[30.554112,51.234339],[30.554642,51.242493],[30.539612,51.235138],[30.508087,51.25766],[30.465042,51.261932],[30.428085,51.291748],[30.355118,51.305267],[30.317093,51.340576],[30.330002,51.370331],[30.32019,51.402069],[30.256882,51.425049],[30.177307,51.479492],[30.008682,51.482056],[29.925064,51.457855],[29.886261,51.464783],[29.886261,51.464783],[29.828644,51.429962],[29.7379,51.439484],[29.682709,51.49118],[29.618011,51.485626],[29.568191,51.449615],[29.505463,51.437439],[29.466293,51.38504],[29.402725,51.396118],[29.353256,51.377045],[29.36411,51.372787],[29.362833,51.370646],[29.362394,51.369911],[29.36542,51.369631],[29.372955,51.366674],[29.381767,51.365857],[29.389999,51.362625],[29.388706,51.336709],[29.385137,51.302464],[29.380214,51.294073],[29.371954,51.286531],[29.371755,51.286191],[29.371407,51.286032],[29.365279,51.280434],[29.356514,51.276411],[29.350389,51.270813],[29.329547,51.261237],[29.329546,51.261237],[29.299009,51.249978],[29.270493,51.236847],[29.310852,51.118713],[29.339618,51.141483],[29.362824,51.141632],[29.404469,51.115835],[29.415309,51.109888],[29.415983,51.108695],[29.421835,51.105066],[29.424575,51.100217],[29.430425,51.096588],[29.430425,51.096588],[29.432201,51.093443],[29.441453,51.089742],[29.441453,51.089742],[29.453462,51.082285],[29.467721,51.076576],[29.479723,51.069116],[29.4818,51.068284],[29.48179,51.067831],[29.485328,51.065631],[29.485125,51.056386],[29.4814,51.049999],[29.481367,51.048462],[29.477472,51.043259],[29.463547,51.019348],[29.462288,50.978837],[29.462314,50.978385],[29.462274,50.978387],[29.462205,50.976148],[29.458632,50.97633],[29.458563,50.974092],[29.455332,50.974257],[29.446672,50.97694],[29.437051,50.97743],[29.429703,50.979706],[29.423625,50.978112],[29.415866,50.978506],[29.408703,50.976626],[29.400945,50.977019],[29.400609,50.976931],[29.39905,50.974093],[29.394625,50.972931],[29.393066,50.970093],[29.504665,50.867709],[29.489899,50.780823],[29.531918,50.776102],[29.557481,50.774588],[29.55819,50.773142],[29.562131,50.772698],[29.56331,50.770295],[29.564594,50.77015],[29.570574,50.755489],[29.592331,50.71109],[29.584732,50.691559],[29.537399,50.667114],[29.480759,50.601685],[29.481757,50.600741],[29.479879,50.598496],[29.505846,50.573958],[29.505845,50.573955],[29.508695,50.571381],[29.507784,50.568305],[29.509243,50.566987],[29.504757,50.558068],[29.499442,50.540086],[29.497727,50.536672],[29.47316,50.522339],[29.498901,50.491669],[29.482419,50.465671],[29.470073,50.464668],[29.444523,50.462035],[29.446142,50.459934],[29.442503,50.459559],[29.442876,50.459076],[29.452092,50.45221],[29.458324,50.444118],[29.461629,50.441654],[29.460598,50.441164],[29.462178,50.439111],[29.4533,50.43489],[29.442206,50.43242],[29.432817,50.427954],[29.43232,50.427843],[29.432352,50.427732],[29.429196,50.42623],[29.429912,50.423765],[29.426756,50.422263]]]]},"properties":{"name":"Киевская область","name_uk":"Київська область","zone_type":"oblast","faction":"side_a","faction_name":"Side A","faction_color":"#3b82f6","source":"manual","last_updated":"2026-08-03T17:31:22Z","override":false,"id":"fmsek442f_chl"}},{"type":"Feature","geometry":{"type":"MultiPolygon","coordinates":[[[[29.915715,48.673752],[29.955783,48.656351],[29.963623,48.609833],[30.020605,48.534977],[30.01973,48.531706],[30.015033,48.527076],[30.013565,48.521579],[30.013564,48.521579],[29.999443,48.50765],[29.957461,48.468208],[29.958455,48.465226],[29.956329,48.463226],[29.959015,48.463546],[29.959745,48.461356],[29.963084,48.461753],[29.963657,48.460034],[29.985635,48.464435],[30.014467,48.467856],[30.042481,48.47345],[30.052691,48.467877],[30.06471,48.464208],[30.074917,48.458632],[30.078944,48.457402],[30.086278,48.457618],[30.092964,48.455575],[30.100298,48.45579],[30.106983,48.453746],[30.109496,48.453819],[30.114556,48.456208],[30.1208,48.45639],[30.12091,48.456442],[30.150575,48.473195],[30.182375,48.488172],[30.18547,48.489915],[30.185876,48.489819],[30.189222,48.491393],[30.193119,48.490465],[30.194047,48.490901],[30.205332,48.487552],[30.247269,48.477539],[30.383589,48.530002],[30.384945,48.530548],[30.386095,48.533646],[30.387116,48.534058],[30.396103,48.560577],[30.414703,48.571899],[30.456467,48.57077],[30.484421,48.553497],[30.563776,48.561509],[30.567594,48.562002],[30.568191,48.564363],[30.571765,48.564825],[30.574652,48.576234],[30.575532,48.59337],[30.577484,48.601074],[30.575968,48.601827],[30.576096,48.604309],[30.574401,48.605397],[30.552985,48.616026],[30.546741,48.620031],[30.549066,48.621652],[30.546617,48.623223],[30.599396,48.659973],[30.600171,48.662996],[30.60141,48.663849],[30.615372,48.722168],[30.702286,48.765167],[30.820053,48.749786],[30.938141,48.756195],[31.060715,48.727539],[31.115951,48.728333],[31.223648,48.753845],[31.299675,48.744023],[31.305838,48.740949],[31.307281,48.740762],[31.309065,48.73934],[31.320815,48.733477],[31.330185,48.726002],[31.33391,48.724142],[31.462296,48.761078],[31.479631,48.79995],[31.527298,48.835205],[31.529465,48.904022],[31.544098,48.924194],[31.651108,48.917419],[31.672195,48.932328],[31.678345,48.937779],[31.680111,48.937921],[31.683713,48.940465],[31.689006,48.94089],[31.690885,48.942217],[31.700353,48.941801],[31.718372,48.943244],[31.727467,48.942841],[31.773234,48.929648],[31.84296,48.907492],[31.864487,48.87085],[31.886703,48.859741],[31.939163,48.896179],[32.021911,48.926478],[32.028629,48.925384],[32.122207,48.911277],[32.123974,48.913298],[32.127476,48.912769],[32.132898,48.91897],[32.14034,48.932013],[32.143646,48.935791],[32.1434,48.937372],[32.144867,48.939941],[32.14199,48.9464],[32.140066,48.958725],[32.137559,48.964349],[32.138918,48.966072],[32.138278,48.970174],[32.140273,48.972704],[32.192535,48.999756],[32.241394,49.052032],[32.287811,49.05014],[32.288757,49.070007],[32.323164,49.083678],[32.325902,49.084987],[32.32606,49.084828],[32.328986,49.085989],[32.330867,49.084106],[32.333792,49.085267],[32.342686,49.076358],[32.3544,49.060528],[32.36911,49.045776],[32.408386,49.041168],[32.449228,49.054886],[32.453971,49.029984],[32.454163,49.025269],[32.455055,49.024291],[32.456104,49.018784],[32.458223,49.016464],[32.487732,48.988492],[32.502448,48.972352],[32.509122,48.950753],[32.515592,48.931136],[32.519486,48.929956],[32.519775,48.929077],[32.521658,48.929298],[32.526916,48.927704],[32.529636,48.927959],[32.547327,48.930031],[32.54866,48.932461],[32.5513,48.93277],[32.558684,48.944062],[32.564234,48.954169],[32.565202,48.954025],[32.566566,48.956108],[32.634308,48.945984],[32.683044,48.986298],[32.742895,48.970341],[32.776842,48.96261],[32.779808,48.964294],[32.782349,48.963715],[32.798084,48.974658],[32.823714,48.98918],[32.847764,49.005872],[32.851261,49.011583],[32.855286,49.014374],[32.853532,49.01529],[32.854856,49.017451],[32.849872,49.020056],[32.837223,49.023813],[32.829737,49.027723],[32.808899,49.059969],[32.807467,49.062653],[32.80504,49.074014],[32.803741,49.07645],[32.801758,49.089379],[32.78949,49.146759],[32.76901,49.169795],[32.756307,49.181654],[32.757028,49.183262],[32.754632,49.185954],[32.788727,49.26178],[32.789337,49.333862],[32.747589,49.406128],[32.744204,49.40971],[32.74292,49.411865],[32.675903,49.481873],[32.716669,49.52591],[32.728705,49.53269],[32.750976,49.543121],[32.7521,49.545859],[32.754395,49.54715],[32.754204,49.550983],[32.757307,49.558539],[32.756387,49.577067],[32.752075,49.593811],[32.710785,49.619965],[32.692963,49.671631],[32.571472,49.705872],[32.56247,49.766571],[32.529724,49.783264],[32.500897,49.781824],[32.463776,49.807739],[32.427124,49.80722],[32.372681,49.863617],[32.365692,49.884644],[32.388237,49.889427],[32.407386,49.895619],[32.407685,49.898227],[32.408997,49.898651],[32.415649,49.967468],[32.376932,49.992337],[32.329407,50.051758],[32.317478,50.053538],[32.305275,50.053068],[32.285557,50.056006],[32.276704,50.059614],[32.266483,50.061134],[32.253278,50.066511],[32.231476,50.112061],[32.267609,50.127991],[32.272156,50.15332],[32.269498,50.154248],[32.269676,50.156726],[32.269454,50.156804],[32.263956,50.156182],[32.259041,50.157897],[32.253542,50.157274],[32.250361,50.158383],[32.240599,50.155807],[32.240598,50.155807],[32.224492,50.153979],[32.209412,50.149994],[32.201727,50.156378],[32.191553,50.161161],[32.18389,50.167524],[32.173538,50.169627],[32.173538,50.169627],[32.164762,50.173748],[32.154375,50.175857],[32.145325,50.180104],[32.099548,50.23346],[32.069488,50.238678],[32.031769,50.250549],[32.026665,50.249542],[32.021467,50.250859],[32.011609,50.248911],[31.994248,50.243134],[31.973267,50.216034],[31.994454,50.184558],[31.987534,50.169281],[31.947693,50.14566],[31.918488,50.147888],[31.853485,50.099976],[31.873322,50.027008],[31.81732,50.008087],[31.809961,50.005253],[31.80956,50.002479],[31.80661,50.001343],[31.806679,49.982486],[31.802763,49.955262],[31.767852,49.912064],[31.714427,49.848718],[31.613129,49.858124],[31.606628,49.886749],[31.591064,49.897308],[31.572494,49.865399],[31.568723,49.865348],[31.568514,49.864989],[31.56107,49.865243],[31.514282,49.864593],[31.500572,49.850645],[31.496469,49.844838],[31.495687,49.845672],[31.493608,49.843556],[31.435165,49.905792],[31.335999,49.896729],[31.212021,49.853943],[31.1819,49.824493],[31.182225,49.824107],[31.180078,49.821955],[31.18307,49.818392],[31.196152,49.807007],[31.194926,49.804272],[31.19503,49.804148],[31.194176,49.802598],[31.182831,49.777252],[31.18341,49.776274],[31.182053,49.773804],[31.188985,49.766864],[31.194793,49.757057],[31.192558,49.74391],[31.186977,49.731725],[31.184833,49.719085],[31.184236,49.717781],[31.176481,49.708787],[31.171967,49.698914],[31.172647,49.671953],[31.128204,49.61441],[31.129745,49.595764],[31.13257,49.594658],[31.132858,49.593353],[31.156784,49.585175],[31.156919,49.561642],[31.109909,49.532684],[31.107848,49.529923],[31.104019,49.527679],[31.078113,49.491818],[30.946198,49.410461],[30.908005,49.34613],[30.876588,49.36012],[30.874602,49.360842],[30.870482,49.359783],[30.868164,49.360626],[30.720261,49.321045],[30.692174,49.346831],[30.683229,49.353916],[30.678336,49.354269],[30.678207,49.35437],[30.624086,49.359044],[30.619584,49.355216],[30.596451,49.331818],[30.550201,49.340637],[30.50017,49.324484],[30.490685,49.328875],[30.47726,49.337826],[30.461576,49.345079],[30.461422,49.345182],[30.461347,49.345185],[30.455966,49.347673],[30.449387,49.347975],[30.444992,49.350006],[30.441972,49.348315],[30.437698,49.348511],[30.419876,49.335938],[30.381989,49.232941],[30.363235,49.236603],[30.349548,49.258026],[30.17421,49.28244],[30.166138,49.296875],[30.179169,49.323395],[30.146454,49.328613],[30.108414,49.304932],[30.108515,49.303956],[30.105273,49.301847],[30.105609,49.298612],[30.110079,49.288904],[30.111299,49.277155],[30.076176,49.280998],[30.038482,49.285006],[30.035785,49.283028],[30.03241,49.283386],[30.008232,49.265579],[29.920059,49.246216],[29.862335,49.173828],[29.761459,49.174591],[29.750754,49.183397],[29.737563,49.190647],[29.73735,49.190822],[29.73763,49.194188],[29.734398,49.196844],[29.734679,49.20021],[29.732813,49.201743],[29.734925,49.203162],[29.735211,49.206585],[29.73887,49.209042],[29.739156,49.212466],[29.739381,49.212617],[29.739174,49.212677],[29.739373,49.215062],[29.736,49.21604],[29.736199,49.218425],[29.723374,49.222141],[29.697235,49.227264],[29.674545,49.209686],[29.710556,49.182739],[29.705507,49.169424],[29.703303,49.15095],[29.705912,49.143843],[29.704705,49.133712],[29.700965,49.131322],[29.700747,49.129485],[29.690892,49.124884],[29.67485,49.114624],[29.670669,49.085144],[29.640357,49.073729],[29.608057,49.058598],[29.606612,49.055154],[29.602169,49.05307],[29.5965,49.039547],[29.594803,49.026977],[29.672211,48.998688],[29.672644,48.98481],[29.670853,48.982686],[29.664473,48.979779],[29.660723,48.975329],[29.655933,48.973145],[29.652102,48.965096],[29.643828,48.955269],[29.638733,48.94455],[29.713043,48.91803],[29.722351,48.902039],[29.703888,48.884796],[29.703872,48.883881],[29.700386,48.880454],[29.700382,48.880207],[29.703583,48.867462],[29.722338,48.856243],[29.74221,48.847224],[29.743323,48.843681],[29.74762,48.841108],[29.767502,48.77774],[29.770774,48.77459],[29.772476,48.769287],[29.776475,48.769102],[29.77774,48.767883],[29.839966,48.766144],[29.879394,48.745544],[29.883603,48.742841],[29.881661,48.740968],[29.883492,48.739791],[29.871336,48.731009],[29.857529,48.717682],[29.858785,48.70204],[29.86004,48.69789],[29.864037,48.696159],[29.864966,48.693085],[29.865484,48.692861],[29.915715,48.673752]]],[[[32.071557,50.24063],[32.071486,50.240643],[32.069488,50.238678],[32.071557,50.24063]]]]},"properties":{"name":"Черкасская область","name_uk":"Черкаська область","zone_type":"oblast","faction":"side_a","faction_name":"Side A","faction_color":"#3b82f6","source":"manual","last_updated":"2026-08-03T17:31:21Z","override":false,"id":"fmsek442f_djx"}},{"type":"Feature","geometry":{"type":"MultiPolygon","coordinates":[[[[32.752075,49.593811],[32.756387,49.577067],[32.757307,49.558539],[32.754204,49.550983],[32.754395,49.54715],[32.7521,49.545859],[32.750976,49.543121],[32.728705,49.53269],[32.716669,49.52591],[32.675903,49.481873],[32.74292,49.411865],[32.744204,49.40971],[32.747589,49.406128],[32.789337,49.333862],[32.788727,49.26178],[33.038208,49.181946],[33.149323,49.12561],[33.204101,49.070892],[33.297058,49.06485],[33.30034,49.063316],[33.301392,49.063232],[33.341614,49.044006],[33.347168,49.036011],[33.344965,49.035227],[33.345825,49.032975],[33.325294,49.025672],[33.324846,49.025039],[33.319738,49.023195],[33.316307,49.018346],[33.309247,49.00299],[33.305476,48.997655],[33.306473,48.996953],[33.305336,48.994478],[33.308056,48.992563],[33.307747,48.99189],[33.324412,48.981048],[33.383148,48.939636],[33.387943,48.943352],[33.394848,48.945209],[33.399644,48.948924],[33.406169,48.950677],[33.41261,48.949982],[33.418609,48.951593],[33.425049,48.950897],[33.544234,48.903516],[33.54768,48.904748],[33.548315,48.904495],[33.555715,48.907621],[33.596985,48.922363],[33.641388,48.906403],[33.667452,48.876111],[33.668995,48.87401],[33.669123,48.874167],[33.671126,48.871837],[33.684593,48.888346],[33.693854,48.904475],[33.693854,48.904475],[33.694992,48.905868],[33.699661,48.906802],[33.700806,48.908203],[33.778473,48.922516],[33.807403,48.903442],[33.891998,48.891724],[33.923706,48.86381],[34.047455,48.806519],[34.161957,48.784363],[34.195639,48.767371],[34.224309,48.750334],[34.227008,48.751528],[34.22987,48.750081],[34.232833,48.751392],[34.235695,48.749945],[34.252046,48.757173],[34.277688,48.77121],[34.290351,48.776799],[34.286009,48.789777],[34.279043,48.800135],[34.276555,48.807565],[34.279305,48.809805],[34.278359,48.812631],[34.284511,48.817641],[34.315918,48.8396],[34.31371,48.854274],[34.309711,48.857954],[34.309341,48.860416],[34.294197,48.872228],[34.276642,48.888367],[34.276544,48.889451],[34.274292,48.891205],[34.275439,48.901642],[34.274292,48.914307],[34.277407,48.919523],[34.27771,48.922272],[34.287704,48.936754],[34.308166,48.970947],[34.312296,48.97234],[34.314056,48.974884],[34.367889,48.991058],[34.356914,48.995864],[34.34566,49.004256],[34.346187,49.007244],[34.344482,49.008514],[34.346688,49.010089],[34.346954,49.011597],[34.402832,49.05011],[34.408264,49.076538],[34.726471,49.145966],[34.77832,49.173554],[34.782017,49.173548],[34.784058,49.174561],[34.794331,49.175761],[34.813528,49.17573],[34.832382,49.177927],[34.837778,49.177917],[34.845392,49.175672],[34.853725,49.175655],[34.861337,49.173408],[34.864777,49.173401],[34.864488,49.172478],[34.867722,49.171523],[34.865925,49.165784],[34.85733,49.149597],[34.867401,49.144897],[34.891113,49.148254],[34.915114,49.176163],[34.920671,49.181668],[34.923895,49.180753],[34.925799,49.182638],[34.936433,49.179619],[34.983917,49.163696],[34.983307,49.200317],[34.953491,49.242859],[34.954579,49.244974],[34.953034,49.247375],[34.972931,49.280609],[35.024597,49.317169],[35.029872,49.317884],[35.033447,49.320221],[35.036875,49.318832],[35.041724,49.319488],[35.054907,49.314143],[35.073647,49.303917],[35.087998,49.298091],[35.188477,49.291992],[35.243612,49.30891],[35.243612,49.30891],[35.261058,49.31349],[35.262524,49.314704],[35.26953,49.316849],[35.274287,49.320786],[35.276747,49.321538],[35.29777,49.340207],[35.360535,49.391998],[35.35302,49.42026],[35.348311,49.424741],[35.348194,49.42518],[35.347609,49.425409],[35.342977,49.429815],[35.335903,49.432578],[35.335903,49.432578],[35.325717,49.442263],[35.325716,49.442263],[35.319286,49.452339],[35.316467,49.455017],[35.316749,49.456313],[35.314126,49.46042],[35.315704,49.467676],[35.315704,49.467676],[35.319733,49.48053],[35.322142,49.481102],[35.322662,49.48349],[35.362701,49.490723],[35.419342,49.480835],[35.46029,49.494132],[35.461287,49.496966],[35.461827,49.497141],[35.461444,49.497411],[35.462372,49.500051],[35.459507,49.50207],[35.460435,49.504711],[35.444651,49.515828],[35.416419,49.532403],[35.390625,49.550537],[35.475067,49.560364],[35.413452,49.650452],[35.428192,49.670136],[35.420849,49.684032],[35.379948,49.686801],[35.370864,49.678517],[35.359242,49.66848],[35.355555,49.669066],[35.354462,49.668121],[35.34655,49.670497],[35.3292,49.673252],[35.312989,49.678114],[35.295635,49.680864],[35.290617,49.682367],[35.277258,49.68882],[35.262105,49.693356],[35.24874,49.699806],[35.243561,49.701355],[35.243032,49.70256],[35.239014,49.704498],[35.230316,49.731537],[35.205832,49.74536],[35.202356,49.747789],[35.20187,49.751418],[35.198395,49.753845],[35.196956,49.761941],[35.187704,49.831106],[35.184172,49.833833],[35.183453,49.837875],[35.176406,49.843314],[35.166335,49.847598],[35.164723,49.848842],[35.163563,49.848777],[35.158905,49.850758],[35.153356,49.850449],[35.148697,49.852429],[35.143222,49.852123],[35.1234,49.848774],[35.102936,49.847626],[35.013461,49.886753],[34.95459,49.890076],[34.93415,49.898219],[34.915764,49.908158],[34.900978,49.914041],[34.894528,49.919629],[34.883029,49.925837],[34.874102,49.933565],[34.868957,49.93634],[34.867803,49.939016],[34.863983,49.942322],[34.85244,49.974614],[34.841461,50.000031],[34.842938,50.001178],[34.842682,50.001892],[34.913178,50.055664],[34.917206,50.132416],[34.908234,50.145935],[34.814331,50.159546],[34.745117,50.138153],[34.704926,50.150879],[34.669373,50.11554],[34.536255,50.12442],[34.515971,50.120911],[34.496935,50.115296],[34.496935,50.115296],[34.478916,50.112171],[34.477762,50.114289],[34.474368,50.1137],[34.468287,50.124854],[34.465056,50.137597],[34.459933,50.146989],[34.461795,50.150453],[34.460598,50.155173],[34.463807,50.161142],[34.46842,50.162776],[34.468663,50.163228],[34.473264,50.164491],[34.503967,50.175354],[34.502411,50.203278],[34.455601,50.229628],[34.444733,50.243677],[34.426239,50.272003],[34.423221,50.271461],[34.421641,50.273501],[34.417512,50.27276],[34.401739,50.267601],[34.38412,50.264431],[34.368715,50.275152],[34.365171,50.293255],[34.363533,50.313884],[34.36833,50.32775],[34.37735,50.346039],[34.37522,50.347649],[34.375794,50.349304],[34.258056,50.439065],[34.245789,50.534576],[34.212402,50.542389],[34.121643,50.513763],[34.117004,50.496185],[34.070435,50.49472],[34.06896,50.492436],[34.065002,50.492126],[34.062547,50.482499],[34.055491,50.471557],[34.052408,50.471319],[33.970978,50.493378],[33.898193,50.532593],[33.809113,50.509888],[33.808641,50.50806],[33.806183,50.507385],[33.808155,50.506175],[33.807463,50.503494],[33.810572,50.501586],[33.810472,50.501197],[33.815291,50.49869],[33.815291,50.498689],[33.833572,50.487464],[33.833082,50.486544],[33.83602,50.485014],[33.833705,50.480669],[33.730621,50.46167],[33.644928,50.485443],[33.33316,50.527801],[33.28717,50.545078],[33.284567,50.545931],[33.278851,50.545296],[33.274872,50.5466],[33.233582,50.540253],[33.194,50.517303],[33.061523,50.538391],[33.06258,50.540521],[33.059747,50.54097],[33.05949,50.540684],[33.048769,50.524167],[33.034853,50.508633],[33.024151,50.492113],[33.023554,50.491446],[33.01585,50.487399],[33.010928,50.481895],[32.982526,50.46696],[32.905853,50.429474],[32.873413,50.394836],[32.847856,50.389746],[32.821436,50.386823],[32.808749,50.38429],[32.793644,50.378925],[32.777105,50.375618],[32.762007,50.370248],[32.745473,50.366936],[32.730383,50.361562],[32.723844,50.36025],[32.714069,50.360635],[32.704761,50.358766],[32.694986,50.359149],[32.690948,50.358337],[32.689294,50.359372],[32.683954,50.359581],[32.68014,50.361965],[32.6748,50.362173],[32.673392,50.363053],[32.657268,50.362856],[32.613629,50.364543],[32.569946,50.363978],[32.526306,50.365631],[32.503204,50.370178],[32.501177,50.37258],[32.498383,50.373352],[32.485155,50.386821],[32.470056,50.40469],[32.468079,50.404197],[32.466179,50.40613],[32.462844,50.405299],[32.46276,50.405385],[32.460686,50.40476],[32.412872,50.392822],[32.399014,50.396152],[32.386795,50.401469],[32.370646,50.405345],[32.365519,50.404192],[32.360407,50.405418],[32.35528,50.404264],[32.350372,50.405441],[32.320625,50.39646],[32.288269,50.38916],[32.235111,50.34806],[32.23511,50.348059],[32.231173,50.345261],[32.226756,50.345495],[32.223825,50.343411],[32.216865,50.343779],[32.13913,50.350098],[32.098938,50.29129],[32.098476,50.287281],[32.097002,50.285198],[32.097844,50.281783],[32.097844,50.281783],[32.096708,50.271906],[32.097992,50.266693],[32.095869,50.264608],[32.095734,50.263428],[32.069488,50.238678],[32.099548,50.23346],[32.145325,50.180104],[32.154375,50.175857],[32.164762,50.173748],[32.173538,50.169627],[32.18389,50.167524],[32.191554,50.161161],[32.201727,50.156378],[32.209412,50.149994],[32.224492,50.153979],[32.240598,50.155807],[32.250361,50.158383],[32.253543,50.157274],[32.259041,50.157897],[32.263956,50.156182],[32.269454,50.156804],[32.269676,50.156726],[32.269498,50.154248],[32.272156,50.15332],[32.267609,50.127991],[32.231476,50.112061],[32.253278,50.066511],[32.266483,50.061134],[32.276704,50.059614],[32.285557,50.056006],[32.305275,50.053068],[32.317478,50.053538],[32.329407,50.051758],[32.376932,49.992337],[32.415649,49.967468],[32.408997,49.898651],[32.407685,49.898227],[32.407386,49.895619],[32.388237,49.889427],[32.365692,49.884644],[32.372681,49.863617],[32.427124,49.80722],[32.463776,49.807739],[32.500897,49.781824],[32.529724,49.783264],[32.56247,49.766571],[32.571472,49.705872],[32.692963,49.671631],[32.710785,49.619965],[32.752075,49.593811]]]]},"properties":{"name":"Полтавская область","name_uk":"Полтавська область","zone_type":"oblast","faction":"side_a","faction_name":"Side A","faction_color":"#3b82f6","source":"manual","last_updated":"2026-08-03T17:31:19Z","override":false,"id":"fmsek442f_eu2"}},{"type":"Feature","geometry":{"type":"MultiPolygon","coordinates":[[[[29.84592,48.198203],[29.876602,48.180023],[29.878719,48.181728],[29.881425,48.180368],[29.887394,48.185173],[29.906332,48.203944],[29.926879,48.220458],[29.953705,48.210175],[29.956367,48.210843],[29.959442,48.209564],[29.99675,48.220978],[30.047806,48.155182],[30.083466,48.143707],[30.29306,48.135712],[30.322311,48.134582],[30.34436,48.159917],[30.348359,48.160012],[30.349487,48.161308],[30.404593,48.161332],[30.501785,48.163544],[30.619858,48.14502],[30.645187,48.166595],[30.704758,48.18158],[30.789001,48.177765],[30.816956,48.159058],[30.848704,48.177349],[30.856756,48.182799],[30.857307,48.182301],[30.859854,48.183767],[30.86187,48.181948],[30.8622,48.182138],[30.863661,48.180332],[30.877797,48.167577],[30.880096,48.164734],[30.881218,48.164489],[30.884648,48.161393],[30.888101,48.160639],[30.912659,48.157623],[30.979217,48.184326],[30.990416,48.195149],[30.996379,48.203785],[31.000598,48.204983],[31.004184,48.208445],[31.025022,48.21436],[31.049469,48.21867],[31.05937,48.218093],[31.062816,48.218699],[31.085416,48.216571],[31.148532,48.212856],[31.170976,48.210725],[31.178099,48.207932],[31.17905,48.204971],[31.182348,48.203678],[31.1889,48.174294],[31.189804,48.171478],[31.193212,48.170249],[31.19368,48.168152],[31.210368,48.164061],[31.223703,48.159248],[31.224608,48.156385],[31.226186,48.155815],[31.227263,48.147983],[31.233261,48.128998],[31.250305,48.120911],[31.343903,48.111786],[31.347205,48.112863],[31.351334,48.112518],[31.384262,48.124939],[31.40813,48.10839],[31.408326,48.108279],[31.412831,48.108643],[31.41449,48.107697],[31.434921,48.110428],[31.478139,48.113906],[31.497638,48.1165],[31.498435,48.115533],[31.502027,48.11582],[31.503772,48.113704],[31.503864,48.113712],[31.503862,48.113595],[31.507156,48.1096],[31.507062,48.10507],[31.509038,48.102673],[31.506847,48.094715],[31.506568,48.081215],[31.502922,48.067956],[31.502745,48.059291],[31.506085,48.057716],[31.506058,48.056366],[31.508413,48.056618],[31.511795,48.055023],[31.51325,48.057137],[31.517269,48.057567],[31.518956,48.060017],[31.522564,48.060403],[31.524998,48.068789],[31.530947,48.077422],[31.533661,48.086762],[31.580521,48.084747],[31.593713,48.110441],[31.616547,48.118713],[31.69194,48.095123],[31.752457,48.097473],[31.771928,48.064905],[31.769241,48.047028],[31.744075,48.037148],[31.720828,48.0254],[31.715684,48.023377],[31.716013,48.022965],[31.713308,48.021597],[31.714912,48.019582],[31.712208,48.018214],[31.738849,47.984712],[31.768158,47.952576],[31.821228,47.94516],[31.861425,47.895969],[31.862709,47.887069],[31.859983,47.88259],[31.86068,47.877755],[31.859525,47.875857],[31.845045,47.858037],[31.839996,47.849731],[31.840608,47.847848],[31.839065,47.845947],[31.846252,47.83047],[31.854401,47.805364],[31.857962,47.797688],[31.861478,47.797652],[31.86232,47.795837],[31.955276,47.795837],[31.956051,47.796645],[31.960014,47.796601],[31.970181,47.807197],[31.970425,47.807199],[31.972626,47.809453],[31.976685,47.809486],[31.976742,47.809545],[31.977875,47.809496],[32.02182,47.809845],[32.066391,47.789813],[32.099853,47.758423],[32.138672,47.747498],[32.169098,47.75769],[32.234436,47.820435],[32.287506,47.822449],[32.342895,47.796173],[32.378351,47.800901],[32.467041,47.781067],[32.640045,47.799561],[32.65412,47.835666],[32.658396,47.837702],[32.658441,47.837815],[32.65926,47.838113],[32.681946,47.848907],[32.663653,47.897749],[32.666783,47.898619],[32.666614,47.899068],[32.692468,47.908182],[32.711211,47.913379],[32.711372,47.914839],[32.714887,47.916076],[32.71518,47.918722],[32.716248,47.919098],[32.715289,47.919706],[32.715607,47.922574],[32.712451,47.924575],[32.712583,47.925765],[32.689541,47.93909],[32.687136,47.940613],[32.688083,47.942878],[32.68526,47.944509],[32.686252,47.946881],[32.685594,47.947261],[32.68725,47.949267],[32.691216,47.958743],[32.698326,47.967349],[32.698829,47.968548],[32.699435,47.96869],[32.701873,47.97164],[32.777557,47.989319],[32.829315,47.966675],[32.844421,47.986206],[32.870525,47.990501],[32.879607,47.99283],[32.880512,47.995469],[32.884312,47.996443],[32.884887,47.99812],[32.88625,48.012194],[32.890962,48.025919],[32.891389,48.030314],[32.89253,48.030483],[32.893362,48.032902],[32.957699,48.042403],[32.970541,48.043897],[32.972276,48.041826],[32.973943,48.042019],[33.010007,48.000011],[33.011046,47.99549],[33.015739,47.989875],[33.017191,47.983552],[33.021883,47.977937],[33.022473,47.975365],[33.027018,47.97179],[33.035187,47.962009],[33.037095,47.962162],[33.043724,47.979841],[33.055976,48.021747],[33.057495,48.025787],[33.061426,48.028597],[33.061523,48.028931],[33.066428,48.032172],[33.111267,48.064178],[33.127197,48.07227],[33.134277,48.076935],[33.137301,48.0774],[33.142639,48.080109],[33.22229,48.090424],[33.228027,48.141296],[33.246307,48.175171],[33.262115,48.142487],[33.261781,48.140371],[33.262115,48.139618],[33.261369,48.137766],[33.259105,48.123438],[33.258122,48.120998],[33.25862,48.120369],[33.257989,48.116374],[33.260825,48.112793],[33.260613,48.111449],[33.262416,48.110784],[33.265261,48.107191],[33.271026,48.105065],[33.276648,48.110975],[33.282956,48.121824],[33.292307,48.131647],[33.29507,48.136393],[33.305081,48.145056],[33.325193,48.166148],[33.325193,48.166148],[33.348114,48.185944],[33.396362,48.173218],[33.47052,48.227966],[33.486791,48.233212],[33.5043,48.236354],[33.5056,48.236773],[33.506508,48.239564],[33.510388,48.240813],[33.511296,48.243604],[33.513022,48.244159],[33.514889,48.254641],[33.522443,48.277822],[33.524829,48.291179],[33.52183,48.293534],[33.522351,48.296449],[33.509211,48.303438],[33.500305,48.310425],[33.500224,48.311069],[33.5,48.311188],[33.495577,48.34796],[33.488934,48.40069],[33.471466,48.422943],[33.483628,48.442511],[33.453507,48.500234],[33.448993,48.502009],[33.44729,48.505269],[33.446967,48.505396],[33.447049,48.505731],[33.444693,48.51024],[33.445834,48.51492],[33.443478,48.519429],[33.444077,48.521884],[33.448092,48.524173],[33.448936,48.527631],[33.451146,48.52889],[33.460083,48.531005],[33.467241,48.535082],[33.47618,48.537197],[33.479489,48.53908],[33.526386,48.551435],[33.563939,48.560282],[33.566416,48.558483],[33.569862,48.559294],[33.572338,48.557495],[33.575771,48.558302],[33.821045,48.668396],[33.775116,48.678925],[33.774745,48.679346],[33.769797,48.680515],[33.769063,48.68135],[33.769063,48.68135],[33.759666,48.693575],[33.755278,48.694329],[33.754177,48.695762],[33.686227,48.706175],[33.603485,48.720306],[33.602303,48.72126],[33.598541,48.721832],[33.585306,48.734966],[33.563565,48.752485],[33.563174,48.752872],[33.561497,48.758574],[33.55777,48.762268],[33.559629,48.764927],[33.558509,48.768733],[33.565329,48.778486],[33.574461,48.786134],[33.578369,48.791718],[33.580635,48.791303],[33.582902,48.7932],[33.59225,48.791489],[33.604017,48.787022],[33.615898,48.784844],[33.670837,48.807404],[33.697393,48.793144],[33.709333,48.785311],[33.710832,48.785923],[33.713632,48.784418],[33.728384,48.790437],[33.751769,48.802618],[33.760964,48.806364],[33.762561,48.804367],[33.765462,48.805549],[33.767226,48.803342],[33.769676,48.795471],[33.775385,48.78833],[33.776784,48.783831],[33.778162,48.784855],[33.77987,48.782718],[33.782282,48.78451],[33.782527,48.784204],[33.790459,48.79058],[33.797791,48.79602],[33.799016,48.793891],[33.801509,48.795894],[33.803756,48.791986],[33.819336,48.758545],[33.919434,48.865784],[33.917292,48.86781],[33.918139,48.868714],[33.891998,48.891724],[33.807403,48.903442],[33.778473,48.922516],[33.700806,48.908203],[33.699661,48.906802],[33.694992,48.905868],[33.693854,48.904475],[33.684593,48.888346],[33.671126,48.871837],[33.669123,48.874167],[33.668995,48.87401],[33.667451,48.876111],[33.641388,48.906403],[33.596985,48.922363],[33.555715,48.907621],[33.548315,48.904495],[33.54768,48.904748],[33.544234,48.903516],[33.425049,48.950897],[33.418609,48.951593],[33.41261,48.949982],[33.406169,48.950677],[33.399644,48.948924],[33.394848,48.945209],[33.387943,48.943352],[33.383148,48.939636],[33.324412,48.981048],[33.307747,48.99189],[33.308056,48.992563],[33.305336,48.994478],[33.306473,48.996953],[33.305476,48.997655],[33.309247,49.00299],[33.316307,49.018346],[33.319738,49.023195],[33.324846,49.025039],[33.325294,49.025672],[33.345825,49.032975],[33.344965,49.035227],[33.347168,49.036011],[33.341614,49.044006],[33.301392,49.063232],[33.30034,49.063316],[33.297058,49.06485],[33.204101,49.070892],[33.149323,49.12561],[33.038208,49.181946],[32.788727,49.26178],[32.754632,49.185954],[32.757028,49.183262],[32.756307,49.181654],[32.76901,49.169795],[32.78949,49.146759],[32.801758,49.089379],[32.803741,49.07645],[32.80504,49.074014],[32.807467,49.062653],[32.808899,49.059969],[32.829737,49.027723],[32.837223,49.023813],[32.849872,49.020056],[32.854856,49.017451],[32.853532,49.01529],[32.855286,49.014374],[32.851261,49.011583],[32.847764,49.005872],[32.823714,48.98918],[32.798084,48.974658],[32.782349,48.963715],[32.779808,48.964294],[32.776842,48.96261],[32.742895,48.970341],[32.683044,48.986298],[32.634308,48.945984],[32.566566,48.956108],[32.565202,48.954025],[32.564234,48.954169],[32.558684,48.944062],[32.5513,48.93277],[32.54866,48.932461],[32.547327,48.930031],[32.529636,48.927959],[32.526916,48.927704],[32.521658,48.929298],[32.519775,48.929077],[32.519486,48.929956],[32.515592,48.931136],[32.509122,48.950753],[32.502448,48.972352],[32.487732,48.988492],[32.458223,49.016464],[32.456104,49.018784],[32.455055,49.024291],[32.454163,49.025269],[32.453971,49.029984],[32.449228,49.054886],[32.408386,49.041168],[32.36911,49.045776],[32.354399,49.060528],[32.342686,49.076358],[32.333792,49.085267],[32.330867,49.084106],[32.328986,49.085989],[32.32606,49.084828],[32.325902,49.084987],[32.323164,49.083678],[32.288757,49.070007],[32.287811,49.05014],[32.241394,49.052032],[32.192535,48.999756],[32.140273,48.972704],[32.138278,48.970174],[32.138918,48.966072],[32.137559,48.964349],[32.140065,48.958725],[32.140066,48.958725],[32.14199,48.9464],[32.144867,48.939941],[32.1434,48.937372],[32.143646,48.935791],[32.14034,48.932013],[32.132898,48.91897],[32.132898,48.91897],[32.127476,48.912769],[32.123974,48.913298],[32.122207,48.911277],[32.028632,48.925383],[32.021911,48.926478],[31.939163,48.896179],[31.886703,48.859741],[31.864487,48.87085],[31.84296,48.907492],[31.773234,48.929648],[31.727467,48.942841],[31.718372,48.943244],[31.700353,48.941801],[31.690885,48.942217],[31.689006,48.94089],[31.683713,48.940465],[31.680111,48.937921],[31.678345,48.937779],[31.672195,48.932328],[31.651108,48.917419],[31.544098,48.924194],[31.529465,48.904022],[31.527298,48.835205],[31.479631,48.79995],[31.462296,48.761078],[31.33391,48.724142],[31.330185,48.726001],[31.330185,48.726002],[31.320815,48.733477],[31.309065,48.73934],[31.307281,48.740762],[31.305838,48.740949],[31.299675,48.744023],[31.223648,48.753845],[31.115951,48.728333],[31.060715,48.727539],[30.938141,48.756195],[30.820053,48.749786],[30.702286,48.765167],[30.615372,48.722168],[30.60141,48.663849],[30.600171,48.662996],[30.599396,48.659973],[30.546617,48.623223],[30.549066,48.621652],[30.546741,48.620031],[30.552985,48.616026],[30.574401,48.605397],[30.576096,48.604309],[30.575968,48.601827],[30.577484,48.601074],[30.575532,48.59337],[30.574651,48.576234],[30.571765,48.564825],[30.568191,48.564363],[30.567594,48.562002],[30.563776,48.561509],[30.484421,48.553497],[30.456467,48.57077],[30.414703,48.571899],[30.396103,48.560577],[30.387116,48.534058],[30.386095,48.533646],[30.384945,48.530548],[30.383589,48.530002],[30.247269,48.477539],[30.205332,48.487552],[30.205332,48.487552],[30.194047,48.490901],[30.193119,48.490465],[30.189222,48.491393],[30.185876,48.489819],[30.18547,48.489915],[30.182375,48.488172],[30.150575,48.473195],[30.120909,48.456441],[30.120909,48.456441],[30.1208,48.45639],[30.114556,48.456208],[30.109496,48.453819],[30.106983,48.453746],[30.100298,48.45579],[30.092964,48.455575],[30.086278,48.457618],[30.078944,48.457402],[30.074917,48.458632],[30.07726,48.457352],[30.074531,48.457272],[30.073498,48.456514],[30.076126,48.455078],[30.038757,48.427673],[29.993896,48.418884],[29.951153,48.38451],[29.945772,48.3797],[29.945234,48.379744],[29.942695,48.3777],[29.938869,48.378013],[29.930067,48.395938],[29.916962,48.428284],[29.913862,48.42891],[29.912588,48.431502],[29.91062,48.4319],[29.897408,48.432234],[29.889465,48.433838],[29.88761,48.432481],[29.883423,48.432587],[29.783005,48.356873],[29.782771,48.355641],[29.779297,48.353088],[29.77699,48.325175],[29.776064,48.320287],[29.763745,48.302642],[29.739548,48.273071],[29.742215,48.271764],[29.740775,48.269697],[29.743561,48.268331],[29.743443,48.26816],[29.744637,48.267803],[29.757419,48.261535],[29.771902,48.257203],[29.783269,48.251624],[29.782822,48.249069],[29.783201,48.248882],[29.783318,48.232412],[29.782256,48.226333],[29.776864,48.214958],[29.774795,48.203095],[29.770773,48.202099],[29.769838,48.200125],[29.775431,48.200892],[29.801522,48.206756],[29.823017,48.209696],[29.84592,48.198203]]],[[[30.29306,48.135712],[30.293553,48.133469],[30.293996,48.133452],[30.29306,48.135712]]]]},"properties":{"name":"Кировоградская область","name_uk":"Кіровоградська область","zone_type":"oblast","faction":"side_a","faction_name":"Side A","faction_color":"#3b82f6","source":"manual","last_updated":"2026-08-03T17:31:17Z","override":false,"id":"fmsek442f_fmu"}},{"type":"Feature","geometry":{"type":"MultiPolygon","coordinates":[[[[28.862076,48.000488],[28.862076,48.000487],[28.862088,48.000491],[28.862091,48.000488],[28.914795,47.953125],[28.980835,47.926361],[29.017212,47.931061],[29.061035,47.969757],[29.123978,47.975983],[29.147964,47.955353],[29.172562,47.890991],[29.236023,47.870697],[29.186722,47.818207],[29.177826,47.789703],[29.221954,47.774811],[29.238602,47.755981],[29.196945,47.717499],[29.182068,47.61319],[29.117416,47.533325],[29.155609,47.449982],[29.182068,47.429871],[29.201858,47.446564],[29.232605,47.44632],[29.281387,47.411469],[29.300812,47.378174],[29.345825,47.365814],[29.367584,47.308197],[29.409546,47.279724],[29.459152,47.293488],[29.480866,47.338257],[29.520966,47.338898],[29.556564,47.324036],[29.580185,47.260437],[29.544006,47.234222],[29.54483,47.135559],[29.478683,47.108459],[29.520126,47.059906],[29.551346,47.090179],[29.57016,47.091431],[29.602097,47.060974],[29.595428,47.032135],[29.572479,47.011749],[29.558685,46.94574],[29.631851,46.914398],[29.696137,46.904663],[29.75412,46.858002],[29.843628,46.854126],[29.872208,46.837708],[29.884872,46.812653],[29.928177,46.809753],[29.931793,46.77243],[29.951111,46.743103],[29.931274,46.619141],[29.949661,46.578857],[29.938095,46.557312],[29.898819,46.553101],[29.901916,46.530823],[29.967026,46.493835],[30.002838,46.494202],[30.021698,46.470642],[30.014053,46.462006],[30.076996,46.422821],[30.130094,46.422821],[30.130715,46.422006],[30.081131,46.374176],[29.918655,46.373627],[29.828125,46.339386],[29.808182,46.354675],[29.800323,46.398346],[29.714127,46.471161],[29.702866,46.428314],[29.654388,46.422668],[29.645508,46.37558],[29.615631,46.361816],[29.582977,46.369629],[29.541428,46.413025],[29.480865,46.42514],[29.486435,46.475861],[29.457611,46.48468],[29.37471,46.416168],[29.368408,46.416046],[29.362106,46.415924],[29.306717,46.471985],[29.289139,46.45163],[29.283249,46.3974],[29.200668,46.357117],[29.183411,46.377594],[29.205627,46.406097],[29.206772,46.502502],[29.184235,46.538025],[29.020325,46.489502],[28.945801,46.454773],[28.919235,46.404633],[28.94487,46.320709],[28.933502,46.258972],[29.009827,46.204346],[29.01535,46.182587],[28.938766,46.089264],[28.956863,46.001373],[28.740234,45.953217],[28.728394,45.921936],[28.746429,45.870575],[28.738266,45.837555],[28.669739,45.812012],[28.669739,45.777283],[28.576675,45.761902],[28.560608,45.743195],[28.561432,45.716583],[28.515228,45.701996],[28.473999,45.657928],[28.511307,45.63504],[28.536881,45.579773],[28.49823,45.558716],[28.501999,45.508728],[28.41684,45.503784],[28.270493,45.521484],[28.21727,45.493347],[28.201553,45.468842],[28.212921,45.450195],[28.237625,45.452057],[28.286408,45.421722],[28.281189,45.401825],[28.330231,45.322906],[28.577042,45.248077],[28.710053,45.226929],[28.778686,45.231079],[28.802658,45.244141],[28.767258,45.257751],[28.759659,45.27417],[28.790146,45.292053],[28.789734,45.321411],[28.831802,45.322296],[28.929886,45.279083],[28.952835,45.285065],[28.973648,45.323669],[29.174316,45.388946],[29.228165,45.423737],[29.281799,45.422272],[29.322113,45.443817],[29.569687,45.394928],[29.650253,45.3461],[29.672272,45.272919],[29.659073,45.215881],[29.70874,45.223328],[29.728027,45.236877],[29.754883,45.312683],[29.750168,45.385803],[29.728001,45.415259],[29.728332,45.415607],[29.747803,45.414276],[29.754639,45.447235],[29.732269,45.475708],[29.717294,45.44466],[29.710797,45.445027],[29.708664,45.452759],[29.672363,45.453827],[29.672363,45.477112],[29.656006,45.474182],[29.651855,45.442993],[29.640793,45.441772],[29.605713,45.478149],[29.707031,45.573303],[29.648438,45.54538],[29.589691,45.559051],[29.603195,45.691284],[29.637543,45.7099],[29.623871,45.751526],[29.651855,45.789001],[29.633545,45.82135],[29.642822,45.827209],[29.693848,45.781311],[29.679199,45.751526],[29.685303,45.704224],[29.723969,45.667419],[29.733734,45.614319],[29.789062,45.635437],[29.789063,45.655243],[29.80957,45.64856],[29.860107,45.668915],[29.843018,45.690643],[29.803223,45.704163],[29.802414,45.737488],[29.874023,45.751526],[29.887695,45.765106],[29.932373,45.724182],[29.939301,45.751526],[29.917725,45.782898],[29.923769,45.80475],[29.928472,45.805174],[29.932373,45.799866],[29.952881,45.771942],[29.968506,45.838928],[29.990723,45.847046],[30.061203,45.813446],[30.094574,45.814819],[30.110596,45.875061],[30.124145,45.888145],[30.128045,45.8874],[30.138428,45.819763],[30.261398,45.895477],[30.371262,45.997925],[30.494141,46.080444],[30.523285,46.133759],[30.561859,46.161682],[30.682373,46.29953],[30.686523,46.320007],[30.656494,46.338989],[30.660644,46.350891],[30.714523,46.347961],[30.772461,46.396423],[30.798187,46.446411],[30.754883,46.515839],[30.790695,46.552917],[30.866943,46.555786],[30.991379,46.601257],[31.186859,46.62912],[31.185987,46.636065],[31.180029,46.65731],[31.177324,46.678832],[31.175707,46.684594],[31.174485,46.701422],[31.166701,46.76334],[31.162201,46.825378],[31.056366,46.897369],[31.032959,46.938477],[31.034139,46.942454],[31.032033,46.946724],[31.032384,46.947906],[31.035903,46.948395],[31.036613,46.950784],[31.062412,46.954366],[31.088043,46.955627],[31.113785,46.975403],[31.223953,46.977417],[31.257954,46.999273],[31.29454,47.050446],[31.304153,47.101807],[31.272842,47.107391],[31.270661,47.109976],[31.269119,47.110352],[31.223496,47.165802],[31.1819,47.157715],[31.1203,47.178558],[31.120118,47.180926],[31.116703,47.182208],[31.116608,47.183434],[31.116608,47.183435],[31.118864,47.19722],[31.118118,47.206909],[31.120717,47.208536],[31.120911,47.209717],[31.171967,47.24057],[31.159888,47.257849],[31.155837,47.265993],[31.154347,47.265771],[31.152892,47.267852],[31.149584,47.267359],[31.148128,47.26944],[31.144081,47.268837],[31.092272,47.258805],[31.039627,47.250915],[31.01059,47.269104],[30.915298,47.276672],[30.833847,47.429504],[30.84278,47.456881],[30.854953,47.483665],[30.859893,47.498763],[30.863071,47.501505],[30.865819,47.507542],[30.871582,47.512512],[30.864991,47.541888],[30.864901,47.5427],[30.864781,47.542821],[30.86361,47.548039],[30.856122,47.555621],[30.827823,47.580855],[30.823176,47.581294],[30.822952,47.581493],[30.789961,47.58639],[30.789457,47.588751],[30.785978,47.589267],[30.784999,47.593848],[30.779846,47.633728],[30.722785,47.623665],[30.694794,47.587921],[30.665802,47.625641],[30.597084,47.636801],[30.567502,47.624801],[30.554535,47.618317],[30.551852,47.618447],[30.549728,47.617584],[30.546604,47.618701],[30.538432,47.619096],[30.531174,47.621689],[30.523002,47.622083],[30.520592,47.622943],[30.51618,47.622411],[30.502679,47.62306],[30.489394,47.621455],[30.489393,47.621455],[30.475891,47.622101],[30.420334,47.648346],[30.40152,47.68692],[30.409651,47.717926],[30.410141,47.719236],[30.410023,47.719343],[30.410817,47.72237],[30.378433,47.751648],[30.396279,47.769248],[30.394547,47.792145],[30.325043,47.82962],[30.293756,47.948742],[30.265365,47.975569],[30.257288,47.982205],[30.246189,47.986651],[30.217194,47.995972],[30.217565,47.998106],[30.215958,47.998749],[30.226196,48.047638],[30.21431,48.058079],[30.210486,48.063001],[30.212378,48.065426],[30.210526,48.06781],[30.215015,48.068806],[30.217248,48.071668],[30.283628,48.086367],[30.307514,48.092351],[30.306614,48.094526],[30.309775,48.095317],[30.308876,48.097492],[30.310872,48.097991],[30.307708,48.100315],[30.305735,48.105085],[30.300724,48.108764],[30.297008,48.117744],[30.29306,48.135712],[30.083466,48.143707],[30.047806,48.155182],[29.99675,48.220978],[29.959442,48.209564],[29.956367,48.210843],[29.953705,48.210175],[29.926879,48.220458],[29.906332,48.203944],[29.887394,48.185172],[29.887393,48.185172],[29.881425,48.180368],[29.878719,48.181728],[29.876602,48.180023],[29.84592,48.198203],[29.823017,48.209696],[29.801522,48.206756],[29.775431,48.200892],[29.775431,48.200892],[29.769838,48.200125],[29.770773,48.202099],[29.671127,48.177368],[29.665863,48.168945],[29.696441,48.133675],[29.691968,48.122528],[29.683379,48.109833],[29.677985,48.096369],[29.676655,48.094402],[29.672922,48.094366],[29.671399,48.092112],[29.510361,48.090424],[29.449692,48.113525],[29.33844,48.086212],[29.24472,48.085071],[29.200387,48.100918],[29.129238,48.128826],[29.083889,48.144964],[29.08015,48.143763],[29.078247,48.14444],[29.042389,48.131622],[29.046049,48.083923],[29.031253,48.074536],[28.973171,48.041011],[28.862372,48.000591],[28.862076,48.000488]]],[[[29.807465,45.614319],[29.908051,45.666443],[30.125977,45.811462],[30.075684,45.792419],[29.856689,45.649109],[29.814789,45.641052],[29.801437,45.621887],[29.730957,45.59137],[29.807465,45.614319]]]]},"properties":{"name":"Одесская область","name_uk":"Одеська область","zone_type":"oblast","faction":"side_a","faction_name":"Side A","faction_color":"#3b82f6","source":"manual","last_updated":"2026-08-03T17:31:14Z","override":false,"id":"fmsek442f_gal"}},{"type":"Feature","geometry":{"type":"MultiPolygon","coordinates":[[[[34.221442,47.441774],[34.304748,47.269775],[34.340454,47.279785],[34.346054,47.279059],[34.352461,47.280498],[34.376037,47.277438],[34.390891,47.275231],[34.428558,47.312897],[34.492166,47.313724],[34.506016,47.313412],[34.504131,47.311221],[34.507927,47.311135],[34.507511,47.310652],[34.499491,47.305825],[34.494103,47.299556],[34.486086,47.294728],[34.482497,47.29055],[34.481741,47.285168],[34.47774,47.280509],[34.477033,47.275466],[34.479949,47.272403],[34.479652,47.270285],[34.486553,47.265466],[34.495629,47.255929],[34.503021,47.250763],[34.50242,47.24879],[34.504578,47.246521],[34.496447,47.22918],[34.492187,47.215179],[34.498779,47.145269],[34.501293,47.135589],[34.508668,47.11567],[34.540436,47.099701],[34.56134,47.010906],[34.592102,46.99823],[34.593669,46.995375],[34.595062,46.994812],[34.614899,46.956665],[34.717804,46.928497],[34.718289,46.927556],[34.721985,46.926514],[34.743525,46.88403],[34.74786,46.882328],[34.749077,46.879924],[34.781949,46.867189],[34.783641,46.863977],[34.788021,46.862279],[34.788486,46.861395],[34.792313,46.84751],[34.796509,46.839539],[34.795734,46.835093],[34.796661,46.831726],[34.795038,46.831106],[34.794556,46.828337],[34.771567,46.819545],[34.749693,46.812431],[34.7468,46.805874],[34.745592,46.795295],[34.741126,46.785163],[34.74081,46.78239],[34.738399,46.778972],[34.738398,46.778972],[34.732284,46.765087],[34.72309,46.752039],[34.721039,46.747375],[34.718706,46.745815],[34.717957,46.744751],[34.709367,46.739568],[34.68338,46.722168],[34.680052,46.721861],[34.678741,46.721069],[34.637116,46.717896],[34.629211,46.69278],[34.732666,46.662292],[34.744965,46.633575],[34.743702,46.631663],[34.744354,46.629852],[34.72401,46.596717],[34.766998,46.544983],[34.857636,46.541717],[34.866303,46.536774],[34.858626,46.516673],[34.858626,46.516672],[34.856251,46.512411],[34.856627,46.511434],[34.854946,46.507028],[34.856788,46.502237],[34.860192,46.502159],[34.860737,46.50074],[34.890953,46.501455],[34.918152,46.500824],[34.920262,46.499902],[34.9245,46.5],[34.931192,46.497757],[34.955424,46.487159],[34.981224,46.478499],[34.986221,46.476311],[34.988178,46.476163],[34.996784,46.473272],[35.00627,46.472557],[35.014874,46.469664],[35.023346,46.469025],[35.024471,46.466437],[35.028454,46.465097],[35.035227,46.449514],[35.060089,46.38443],[35.059631,46.306],[35.105042,46.295044],[35.209473,46.396423],[35.201996,46.440491],[35.166656,46.493134],[35.187887,46.512032],[35.188571,46.511953],[35.2146,46.462616],[35.284515,46.437378],[35.258545,46.373352],[35.267578,46.351044],[35.311523,46.337616],[35.341065,46.357652],[35.345297,46.356228],[35.342133,46.335754],[35.264771,46.260498],[35.267406,46.259538],[35.267578,46.259735],[35.279511,46.255127],[35.380127,46.368469],[35.491455,46.447968],[35.628662,46.498474],[35.771149,46.601257],[35.901611,46.65271],[36.062012,46.670105],[36.189453,46.669006],[36.244293,46.635315],[36.245758,46.610809],[36.266047,46.624515],[36.267843,46.624077],[36.270844,46.607391],[36.303467,46.659241],[36.400146,46.723938],[36.524078,46.75885],[36.589996,46.75885],[36.633942,46.779968],[36.696045,46.779968],[36.758057,46.75885],[36.80249,46.724731],[36.771637,46.643433],[36.743805,46.642151],[36.769287,46.63739],[36.812256,46.680542],[36.82959,46.731873],[36.862457,46.776916],[36.853668,46.800476],[36.886231,46.804016],[36.938812,46.839478],[37.03775,46.876648],[37.037712,46.876716],[37.037689,46.876709],[37.014093,46.912471],[37.008478,46.922449],[37.010896,46.9244],[37.009552,46.926788],[37.03903,46.947086],[37.051147,46.956848],[37.053751,46.957213],[37.057037,46.959473],[37.063669,46.958602],[37.072017,46.959771],[37.080449,46.958663],[37.088797,46.95983],[37.089625,46.959722],[37.090324,46.960044],[37.098819,46.961231],[37.105944,46.964513],[37.114441,46.965698],[37.104447,46.982198],[37.097593,46.999373],[37.097348,46.999778],[37.097406,46.999844],[37.096194,47.00288],[37.098543,47.005549],[37.09848,47.005707],[37.118469,47.028168],[37.073813,47.055689],[37.070684,47.054621],[37.070573,47.054689],[37.069647,47.054267],[37.045868,47.046143],[37.010925,47.065613],[36.967468,47.135468],[36.942463,47.145219],[36.919244,47.156823],[36.89422,47.166564],[36.890795,47.168274],[36.886051,47.173397],[36.878833,47.176998],[36.874087,47.18212],[36.866867,47.185721],[36.861388,47.191632],[36.864601,47.192356],[36.862786,47.194313],[36.865999,47.195037],[36.865601,47.195466],[36.869394,47.195801],[36.885867,47.199505],[36.903151,47.201023],[36.919628,47.204723],[36.920958,47.204839],[36.92133,47.205104],[36.92805,47.206612],[36.932887,47.210062],[36.935272,47.210597],[36.93525,47.211748],[36.938532,47.214089],[36.938366,47.22283],[36.934872,47.231527],[36.934873,47.231527],[36.934702,47.240492],[36.934377,47.2413],[36.934377,47.241301],[36.922576,47.262125],[36.91394,47.2836],[36.919403,47.30127],[37.028931,47.287537],[37.069971,47.299872],[37.075277,47.3178],[37.076721,47.326385],[37.078425,47.328424],[37.078888,47.329987],[37.114441,47.37146],[37.135529,47.370544],[37.16163,47.347647],[37.179138,47.35083],[37.181381,47.366137],[37.186925,47.381023],[37.187853,47.387347],[37.1925,47.395982],[37.200553,47.417565],[37.21182,47.438462],[37.218229,47.455595],[37.214923,47.45601],[37.215011,47.456245],[37.208804,47.456778],[37.152161,47.463867],[37.138047,47.453337],[37.133475,47.450863],[37.131137,47.452495],[37.128693,47.451172],[37.012901,47.53488],[36.99358,47.54831],[36.944214,47.570374],[36.894533,47.551342],[36.865975,47.567896],[36.797882,47.610229],[36.781719,47.606279],[36.76466,47.604495],[36.7597,47.603281],[36.759559,47.603961],[36.756255,47.603615],[36.755795,47.605831],[36.752491,47.605485],[36.74916,47.621554],[36.749451,47.636444],[36.727839,47.640403],[36.727265,47.640573],[36.726094,47.643343],[36.723724,47.644043],[36.720001,47.657745],[36.744181,47.669723],[36.743125,47.672004],[36.743151,47.672017],[36.743112,47.672033],[36.741635,47.675223],[36.703094,47.690826],[36.652985,47.787811],[36.58374,47.791382],[36.57434888455038,47.841336883739785],[36.574222,47.841334],[36.574092,47.841349],[36.573968,47.84138],[36.573856,47.841427],[36.57376,47.841487],[36.573684,47.84156],[36.57363,47.84164],[36.5736,47.841727],[36.573273,47.843468],[36.392068,47.825239],[36.391928,47.825235],[36.391789,47.825251],[36.391658,47.825285],[36.387787,47.82664],[36.387722,47.826638],[36.387596,47.82665],[36.387476,47.826679],[36.387366,47.826722],[36.38687,47.82696],[36.366006,47.834258],[36.365925,47.834291],[36.362089121917876,47.836133463589704],[36.361391958770504,47.83637728067362],[36.361189,47.83626],[36.36108,47.836209],[36.360958,47.836173],[36.360829,47.836154],[36.360696,47.836153],[36.360566,47.836169],[36.360443,47.836202],[36.35838151789316,47.83692307950115],[36.355585555959884,47.836009397392914],[36.340871201964156,47.827521453914464],[36.33276749177072,47.82245963786485],[36.325713,47.81744],[36.325603,47.817378],[36.325476,47.817332],[36.325337,47.817306],[36.32331304800548,47.81707619320582],[36.321934296075455,47.816591270599986],[36.318857,47.814814],[36.318742,47.814761],[36.318614,47.814725],[36.318477,47.814707],[36.286037,47.812845],[36.285894,47.812847],[36.285755,47.812869],[36.214681,47.829868],[36.21456,47.829907],[36.214453,47.82996],[36.214364,47.830027],[36.214297,47.830104],[36.214253,47.830188],[36.20642314824904,47.85234460708501],[36.202051,47.855232],[36.197146,47.856455],[36.191917,47.856325],[36.1906422735378,47.855996204228816],[36.152615,47.837527],[36.152515,47.837487],[36.152406,47.837459],[36.152292,47.837444],[36.138983,47.836511],[36.138815,47.836513],[36.13624883172095,47.83676676056428],[36.107339,47.834732],[36.096528,47.839334],[36.07584,47.83634],[36.07556307775339,47.83748038194295],[36.062622,47.836592],[36.068802,47.808386],[36.03756,47.805675],[36.002712,47.802965],[36.003737599952785,47.78405021664135],[36.004078,47.782471],[36.003825,47.782445],[36.00563,47.78263],[36.014557,47.723744],[35.999535,47.723662],[35.987091,47.735878],[36.000738,47.722481],[36.001339,47.722492],[36.020908,47.715098],[36.028118,47.70447],[36.031208,47.695918],[36.024857,47.694299],[36.007175,47.692797],[35.996189,47.68482],[35.998936,47.679964],[36.020565,47.674298],[36.019535,47.668412],[36.011295,47.667718],[35.982285,47.665174],[35.959797,47.659159],[35.945206,47.654532],[35.933018,47.649442],[35.932381,47.64922],[35.930271,47.644138],[35.926151,47.640667],[35.920486,47.628751],[35.910702,47.610813],[35.905552,47.597732],[35.897999,47.579439],[35.881519,47.581992],[35.879459,47.578632],[35.866585,47.575624],[35.848217,47.571801],[35.836201,47.563668],[35.824699,47.554048],[35.811996,47.544196],[35.798435,47.534689],[35.788994,47.534921],[35.777149,47.528543],[35.76479,47.527036],[35.743675,47.530399],[35.727711,47.535269],[35.712948,47.532721],[35.690117,47.529707],[35.664196,47.53933],[35.647545,47.547767],[35.643425,47.557271],[35.609436,47.554026],[35.6036,47.561443],[35.594673,47.597356],[35.579224,47.596198],[35.569611,47.623291],[35.562744,47.638799],[35.559161,47.656183],[35.504894,47.659737],[35.462322,47.657771],[35.445671,47.658581],[35.436058,47.671072],[35.425587,47.679282],[35.414085,47.686335],[35.393049,47.693532],[35.385246,47.692845],[35.377264,47.690591],[35.373788,47.688714],[35.364969,47.684896],[35.362158,47.683494],[35.351944,47.676852],[35.349884,47.66668],[35.361042,47.650258],[35.376148,47.63522],[35.377522,47.625963],[35.378208,47.60062],[35.369625,47.596451],[35.348854,47.598883],[35.344219,47.60722],[35.342674,47.619608],[35.354519,47.641597],[35.348511,47.656662],[35.335979,47.677447],[35.315243,47.676227],[35.296326,47.662734],[35.266113,47.642373],[35.276413,47.583113],[35.281906,47.526121],[35.221481,47.482516],[35.071545,47.466265],[34.922791,47.453725],[34.850693,47.484838],[34.719543,47.529006],[34.685898,47.54431],[34.656372,47.542455],[34.597321,47.555902],[34.527969,47.538746],[34.414673,47.507201],[34.331589,47.486315],[34.225845,47.442661],[34.221442,47.441774]]],[[[36.00378573537859,47.7831624717184],[36.003828,47.782383],[36.003825,47.782445],[36.00378573537859,47.7831624717184]]],[[[36.13624883172095,47.83676676056428],[36.138815,47.836513],[36.138983,47.836511],[36.152292,47.837444],[36.152406,47.837459],[36.152515,47.837487],[36.152615,47.837527],[36.1906422735378,47.855996204228816],[36.188199,47.855366],[36.152222,47.837891],[36.13624883172095,47.83676676056428]]],[[[36.20642314824904,47.85234460708501],[36.214253,47.830188],[36.214297,47.830104],[36.214364,47.830027],[36.214453,47.82996],[36.21456,47.829907],[36.214681,47.829868],[36.285755,47.812869],[36.285894,47.812847],[36.286037,47.812845],[36.318477,47.814707],[36.318614,47.814725],[36.318742,47.814761],[36.318857,47.814814],[36.321934296075455,47.816591270599986],[36.317717,47.815108],[36.28598,47.813293],[36.214905,47.830292],[36.207322,47.851751],[36.20642314824904,47.85234460708501]]],[[[36.32331304800548,47.81707619320582],[36.325337,47.817306],[36.325476,47.817332],[36.325603,47.817378],[36.325713,47.81744],[36.33276749177072,47.82245963786485],[36.325226,47.817749],[36.32331304800548,47.81707619320582]]],[[[36.340871201964156,47.827521453914464],[36.355585555959884,47.836009397392914],[36.353225,47.835238],[36.340871201964156,47.827521453914464]]],[[[36.35838151789316,47.83692307950115],[36.360443,47.836202],[36.360566,47.836169],[36.360696,47.836153],[36.360829,47.836154],[36.360958,47.836173],[36.36108,47.836209],[36.361189,47.83626],[36.361391958770504,47.83637728067362],[36.359131,47.837168],[36.35838151789316,47.83692307950115]]],[[[36.362089121917876,47.836133463589704],[36.365925,47.834291],[36.366006,47.834258],[36.38687,47.82696],[36.387366,47.826722],[36.387476,47.826679],[36.387596,47.82665],[36.387722,47.826638],[36.387787,47.82664],[36.391658,47.825285],[36.391789,47.825251],[36.391928,47.825235],[36.392068,47.825239],[36.573273,47.843468],[36.5736,47.841727],[36.57363,47.84164],[36.573684,47.84156],[36.57376,47.841487],[36.573856,47.841427],[36.573968,47.84138],[36.574092,47.841349],[36.574222,47.841334],[36.57434902127152,47.84133688684708],[36.574349,47.841337],[36.574354,47.841337],[36.576551,47.841535],[36.576676,47.841555],[36.576793,47.84159],[36.576898,47.84164],[36.576987,47.841702],[36.577057,47.841774],[36.577105,47.841854],[36.577129,47.841938],[36.577129,47.842024],[36.576808,47.844251],[36.576802,47.844272],[36.576799,47.844294],[36.570116,47.867426],[36.570083,47.867503],[36.57003,47.867575],[36.569959,47.867639],[36.569871,47.867694],[36.551373369469914,47.87741004883906],[36.569458,47.86734],[36.576141,47.844208],[36.391968,47.825684],[36.362089121917876,47.836133463589704]]],[[[36.003737,47.784053],[36.003825,47.782445],[36.004078,47.782471],[36.003737,47.784053]]]]},"properties":{"name":"Russia-Zaporozhye","zone_type":"oblast","faction":"side_b","faction_name":"Side B","faction_color":"#ef4444","source":"bootstrap","last_updated":"2026-08-03T17:28:38Z","override":false,"id":"fmsek442f_hnu"}},{"type":"Feature","geometry":{"type":"Polygon","coordinates":[[[37.857774299616814,49.23038672801486],[37.866288,49.227217],[37.887095,49.216909],[37.909801,49.208444],[37.930183,49.198332],[37.926904,49.197166],[37.92991,49.195674],[37.916436,49.190884],[37.903579,49.188872],[37.893464,49.185272],[37.891084,49.176615],[37.887261,49.168682],[37.888542,49.167364],[37.887649,49.164112],[37.893546,49.158047],[37.976563,49.131348],[38.02063,49.152252],[38.042842,49.150378],[38.064384,49.146315],[38.066729,49.146116],[38.066697,49.145878],[38.070089,49.145238],[38.069786,49.142984],[38.07016,49.142914],[38.068581,49.134],[38.063324,49.094727],[38.060979,49.090993],[38.060211,49.086639],[38.055887,49.08288],[38.050685,49.07459],[38.044865,49.069528],[38.04607,49.067231],[38.044094,49.06408],[38.068728,49.01709],[38.077449,48.999706],[38.074511,48.998369],[38.075632,48.996134],[38.059681,48.988868],[38.015839,48.971619],[38.010623,48.956243],[38.057739,48.937042],[38.210083,48.92392],[38.234802,48.850739],[38.281494,48.835205],[38.29483,48.778198],[38.266419,48.732727],[38.303833,48.728516],[38.305389,48.719299],[38.249536,48.66435],[38.257594,48.626177],[38.270019,48.573608],[38.269196,48.571181],[38.269836,48.568146],[38.260071,48.54425],[38.293105,48.529705],[38.313592,48.518914],[38.313097,48.516335],[38.31485,48.515411],[38.309411,48.497105],[38.30409,48.469301],[38.306234,48.462489],[38.305778,48.460098],[38.307174,48.459504],[38.308132,48.456459],[38.312141,48.454754],[38.313099,48.451709],[38.315303,48.450771],[38.340581,48.442648],[38.364197,48.432587],[38.399109,48.442291],[38.466158,48.376756],[38.466785,48.376103],[38.468798,48.369852],[38.474018,48.364418],[38.47603,48.358168],[38.476775,48.357392],[38.476457,48.356842],[38.477768,48.35277],[38.475541,48.348914],[38.476852,48.344843],[38.473941,48.339799],[38.469543,48.338522],[38.467843,48.335575],[38.459118,48.33304],[38.436841,48.329016],[38.415769,48.322883],[38.414139,48.322588],[38.414217,48.322431],[38.411106,48.321525],[38.420396,48.302711],[38.42653,48.287094],[38.428437,48.286418],[38.42994,48.283372],[38.434249,48.281845],[38.434775,48.280778],[38.43749,48.280696],[38.444358,48.27826],[38.452109,48.278025],[38.458976,48.275588],[38.479355,48.274965],[38.525033,48.275783],[38.52503336402086,48.275782988611155],[38.525034,48.275783],[38.57074,48.274353],[38.604279,48.213318],[38.607261,48.190192],[38.607088,48.180472],[38.608576,48.179995],[38.608908,48.177429],[38.814026,48.11142],[38.822723,48.094269],[38.802082,48.059766],[38.804524,48.057725],[38.804159,48.057115],[38.81202,48.051458],[38.840118,48.027954],[38.925107,48.0183],[39.009484,48.006394],[39.023853,48.004743],[39.023882,48.004355],[39.027302,48.00387],[39.027471,48.001578],[39.03089,48.001093],[39.03128,47.995795],[39.031281,47.949829],[39.055512,47.917358],[39.036266,47.857315],[39.037204,47.856966],[39.037202993933754,47.85696602802682],[39.113495,47.828552],[39.319672,47.846008],[39.391602,47.822601],[39.570007,47.830902],[39.733826,47.815979],[39.775574,47.858002],[39.779816,47.922455],[39.793976,47.945679],[39.794373,47.971283],[39.761932,48.009766],[39.764853,48.01663],[39.768127,48.024322],[39.842957,48.036377],[39.82901,48.076782],[39.843048,48.119751],[39.893707,48.182953],[39.977631,48.235443],[39.993225,48.273224],[39.957367,48.293365],[39.884827,48.278992],[39.815887,48.308136],[39.924103,48.376099],[39.844726,48.48349],[39.842133,48.499054],[39.869507,48.509888],[39.855041,48.556091],[39.835297,48.573456],[39.690094,48.593658],[39.631714,48.586884],[39.702911,48.746582],[39.736298,48.761505],[39.779388,48.807709],[39.824158,48.815613],[39.934936,48.786682],[39.97525,48.789673],[40.038696,48.829987],[40.053803,48.869202],[40.00885,48.887817],[39.950348,48.852753],[39.908173,48.878387],[39.758728,48.895386],[39.725952,48.937012],[39.673981,48.970123],[39.681122,49.020294],[39.918701,49.04779],[39.930908,49.100555],[39.952087,49.124542],[40.038391,49.168518],[40.141663,49.245758],[40.159515,49.333557],[40.061951,49.425812],[40.034882,49.48703],[40.054321,49.519745],[40.126038,49.559082],[40.130707,49.579803],[39.998077,49.608215],[39.889374,49.553253],[39.801514,49.542175],[39.729156,49.58078],[39.622925,49.613434],[39.557495,49.723968],[39.499115,49.728119],[39.443603,49.749512],[39.327637,49.726318],[39.260864,49.744507],[39.182739,49.85849],[39.155762,49.873596],[39.117096,49.86438],[39.049103,49.810547],[38.937378,49.803467],[38.852203,49.865784],[38.747833,49.885406],[38.687256,49.913788],[38.664337,49.962677],[38.497498,49.948151],[38.376282,49.974915],[38.344147,49.992065],[38.299896,50.060486],[38.253815,50.059051],[38.17392,50.06012],[38.166168,49.940552],[38.119019,49.919159],[38.079132,49.929901],[38.022919,49.909119],[38.025496846017845,49.904135381598536],[38.026553,49.903517],[38.031647531522765,49.89224457460243],[38.043488,49.869354],[38.078979,49.84903],[38.077221,49.848492],[38.079908,49.84683],[38.07989879797789,49.84682718745807],[38.080422,49.846526],[38.068546851695395,49.8433575343169],[38.061357,49.84116],[38.00528,49.826477],[38.001587,49.812164],[38.02846,49.798389],[38.043084,49.789192],[38.0429332629116,49.78863531955827],[38.047371,49.786272],[38.03014064588246,49.7722216737051],[38.009928,49.754875],[38.004106,49.750498],[38.00350973293212,49.750505752260246],[38.001012,49.748469],[37.963541,49.746555],[37.945749,49.728999],[37.952002,49.717201],[37.996002,49.717834],[38.003068,49.655422],[37.949763,49.598457],[37.965685,49.565154],[37.95755,49.551917],[37.965471,49.518643],[37.928545,49.494827],[37.910909,49.454309],[37.878251,49.440996],[37.860657,49.422699],[37.887687,49.38345],[37.88282288920324,49.32603049680207],[37.88282210823175,49.3260199316285],[37.931192,49.295464],[37.928301202814836,49.29141667579862],[37.929077,49.290924],[37.92449160214074,49.286082960557366],[37.911748,49.268241],[37.89969084109328,49.259881746201785],[37.898224,49.258331],[37.895103209659254,49.256701131615344],[37.862628,49.234186],[37.862567410934034,49.2345331849653],[37.857774299616814,49.23038672801486]]]},"properties":{"name":"Lugansk","zone_type":"oblast","faction":"side_b","faction_name":"Side B","faction_color":"#ef4444","source":"bootstrap","last_updated":"2026-08-03T17:29:19Z","override":false,"id":"fmsek442f_iey"}},{"type":"Feature","geometry":{"type":"MultiPolygon","coordinates":[[[[30.209816,48.062958],[30.209841,48.062874],[30.209889,48.062794],[30.213713,48.057872],[30.213775,48.057807],[30.225491,48.047515],[30.215293,47.998811],[30.215287,47.998724],[30.215307,47.998637],[30.215352,47.998555],[30.21542,47.99848],[30.215508,47.998415],[30.215613,47.998363],[30.216847,47.997869],[30.216527,47.996024],[30.216525,47.995931],[30.216552,47.99584],[30.216606,47.995755],[30.216685,47.995679],[30.216785,47.995615],[30.216903,47.995567],[30.24587,47.986255],[30.256842,47.98186],[30.26483,47.975297],[30.293121,47.948565],[30.324383,47.829542],[30.324415,47.829464],[30.324467,47.829391],[30.324537,47.829325],[30.324624,47.829269],[30.393894,47.791921],[30.395599,47.769376],[30.37788,47.751901],[30.377815,47.75182],[30.377776,47.751731],[30.377764,47.751639],[30.377781,47.751547],[30.377826,47.751459],[30.377896,47.75138],[30.410109,47.722257],[30.409365,47.719421],[30.409355,47.71933],[30.409373,47.71924],[30.409417,47.719153],[30.40942,47.71915],[30.409003,47.718036],[30.408993,47.718004],[30.400862,47.686998],[30.400852,47.686925],[30.40086,47.686851],[30.400885,47.68678],[30.4197,47.648206],[30.419759,47.648118],[30.419844,47.648041],[30.419951,47.647978],[30.475508,47.621733],[30.475612,47.621693],[30.475725,47.621665],[30.475844,47.621652],[30.489346,47.621006],[30.489511,47.621012],[30.502715,47.622608],[30.516132,47.621962],[30.516298,47.621968],[30.520483,47.622473],[30.52269,47.621686],[30.522818,47.621651],[30.522954,47.621634],[30.530986,47.621247],[30.53812,47.618699],[30.538248,47.618664],[30.538384,47.618648],[30.546416,47.618259],[30.549415,47.617187],[30.549543,47.617152],[30.549678,47.617136],[30.549815,47.617138],[30.549948,47.61716],[30.550072,47.617199],[30.552015,47.617988],[30.554487,47.617869],[30.554605,47.61787],[30.554721,47.617885],[30.554832,47.617914],[30.554933,47.617956],[30.567874,47.624427],[30.597194,47.636321],[30.66535,47.625252],[30.694202,47.587714],[30.694274,47.58764],[30.694366,47.587576],[30.694475,47.587526],[30.694596,47.587492],[30.694726,47.587474],[30.694857,47.587473],[30.694987,47.587491],[30.695108,47.587525],[30.695218,47.587574],[30.695311,47.587637],[30.695384,47.587711],[30.723238,47.62328],[30.77925,47.633158],[30.784335,47.593809],[30.784339,47.593784],[30.785318,47.589203],[30.785351,47.589115],[30.785409,47.589033],[30.78549,47.588961],[30.785591,47.588901],[30.785707,47.588856],[30.785835,47.588828],[30.788863,47.588379],[30.789301,47.586326],[30.789334,47.586238],[30.789392,47.586156],[30.789473,47.586084],[30.789574,47.586024],[30.78969,47.585979],[30.789818,47.585951],[30.822569,47.581089],[30.822645,47.581022],[30.822734,47.580958],[30.822839,47.580906],[30.822957,47.580869],[30.823084,47.580849],[30.827458,47.580435],[30.855579,47.55536],[30.862974,47.547873],[30.864122,47.542754],[30.86416,47.542658],[30.864227,47.542571],[30.86425,47.542548],[30.864327,47.541854],[30.864332,47.541821],[30.870881,47.512637],[30.865295,47.507819],[30.865229,47.50775],[30.865183,47.507674],[30.862471,47.501717],[30.859369,47.49904],[30.859291,47.498955],[30.859243,47.49886],[30.854309,47.48378],[30.842144,47.457013],[30.842131,47.456978],[30.833198,47.429601],[30.833183,47.429517],[30.833191,47.429433],[30.833222,47.429351],[30.914675,47.27652],[30.914726,47.276444],[30.914798,47.276377],[30.914886,47.27632],[30.914989,47.276274],[30.915102,47.276243],[30.915221,47.276225],[31.010299,47.268674],[31.039178,47.250585],[31.039279,47.250532],[31.039393,47.250494],[31.039516,47.250472],[31.039644,47.250465],[31.03977,47.250476],[31.092415,47.258365],[31.092454,47.258372],[31.144243,47.268401],[31.147755,47.268924],[31.148985,47.267166],[31.149051,47.267092],[31.149135,47.267028],[31.149237,47.266976],[31.149351,47.266938],[31.149473,47.266916],[31.1496,47.266909],[31.149726,47.26692],[31.152519,47.267336],[31.153748,47.265578],[31.153814,47.265504],[31.153898,47.26544],[31.154,47.265388],[31.154114,47.26535],[31.154236,47.265328],[31.154363,47.265321],[31.154489,47.265332],[31.155399,47.265467],[31.15926,47.257705],[31.159289,47.257656],[31.171156,47.240682],[31.120471,47.210053],[31.120388,47.209993],[31.120323,47.209924],[31.120278,47.209847],[31.120253,47.209767],[31.120087,47.208753],[31.117669,47.20724],[31.117574,47.207165],[31.117505,47.207079],[31.117465,47.206984],[31.117457,47.206886],[31.1182,47.197233],[31.11595,47.183485],[31.115947,47.183411],[31.116042,47.182184],[31.116063,47.182094],[31.11611,47.182009],[31.116181,47.181932],[31.116273,47.181866],[31.116383,47.181814],[31.119477,47.180653],[31.119639,47.178535],[31.119661,47.178441],[31.119712,47.178352],[31.119788,47.178273],[31.119888,47.178206],[31.120005,47.178155],[31.181605,47.157313],[31.181719,47.157282],[31.181839,47.157267],[31.181962,47.157267],[31.182082,47.157283],[31.223175,47.165272],[31.268542,47.110133],[31.268609,47.110066],[31.268692,47.110009],[31.268789,47.109962],[31.268896,47.109929],[31.270209,47.109609],[31.272269,47.107167],[31.272345,47.107095],[31.272441,47.107034],[31.272552,47.106987],[31.272675,47.106956],[31.303424,47.101472],[31.293899,47.050576],[31.257414,46.999544],[31.223684,46.977862],[31.113767,46.975852],[31.113634,46.975841],[31.113507,46.975811],[31.113391,46.975764],[31.113292,46.975702],[31.087728,46.956062],[31.062365,46.954814],[31.062281,46.954807],[31.036482,46.951225],[31.036359,46.951199],[31.036246,46.951157],[31.036147,46.951102],[31.036066,46.951034],[31.036005,46.950957],[31.035967,46.950873],[31.035344,46.948776],[31.032253,46.948347],[31.03213,46.948321],[31.032017,46.948279],[31.031918,46.948224],[31.031837,46.948156],[31.031776,46.948079],[31.031738,46.947995],[31.031387,46.946813],[31.031375,46.946735],[31.031382,46.946657],[31.031409,46.94658],[31.033458,46.942425],[31.032314,46.938566],[31.0323,46.938481],[31.032311,46.938396],[31.032345,46.938314],[31.055753,46.897206],[31.055815,46.897123],[31.055902,46.89705],[31.161557,46.825182],[31.166045,46.763319],[31.166047,46.763302],[31.173831,46.701392],[31.175052,46.684572],[31.175063,46.684509],[31.176674,46.67877],[31.179376,46.657271],[31.179386,46.657225],[31.185337,46.636003],[31.186207,46.629081],[31.186229,46.628998],[31.186273,46.62892],[31.186337,46.628848],[31.18642,46.628786],[31.186519,46.628736],[31.186629,46.628699],[31.186747,46.628677],[31.18687,46.62867],[31.186992,46.62868],[31.187359,46.628732],[31.187771,46.628655],[31.187773,46.628655],[31.337474,46.600823],[31.337594,46.600809],[31.337715,46.60081],[31.337834,46.600826],[31.337947,46.600858],[31.416483,46.62872],[31.416576,46.62876],[31.416658,46.62881],[31.416726,46.628869],[31.506403,46.720146],[31.506464,46.720224],[31.506502,46.720309],[31.506515,46.720397],[31.506502,46.720485],[31.506465,46.72057],[31.506404,46.720648],[31.506322,46.720716],[31.456409,46.754804],[31.44473,46.790221],[31.450181,46.792011],[31.507798,46.744889],[31.507893,46.744826],[31.508005,46.744777],[31.50813,46.744744],[31.508261,46.744729],[31.508394,46.744733],[31.508523,46.744755],[31.508643,46.744794],[31.508749,46.74485],[31.582866,46.79231],[31.590092,46.787963],[31.559284,46.759115],[31.559226,46.75905],[31.490303,46.66359],[31.490263,46.663521],[31.49024,46.663449],[31.484382,46.632321],[31.484378,46.632226],[31.484404,46.632134],[31.484457,46.632047],[31.484536,46.631969],[31.484636,46.631904],[31.484753,46.631856],[31.484883,46.631825],[31.578709,46.616872],[31.578833,46.616861],[31.578959,46.616866],[31.579081,46.616887],[31.579194,46.616925],[31.579295,46.616976],[31.57938,46.61704],[31.579446,46.617114],[31.597613,46.642788],[31.674033,46.652735],[31.814501,46.622587],[31.814618,46.62257],[31.814738,46.622567],[31.814856,46.62258],[31.814969,46.622607],[31.899686,46.649188],[31.899785,46.649227],[31.899873,46.649276],[31.899947,46.649336],[31.900005,46.649403],[31.90913,46.662526],[31.909177,46.662617],[31.909194,46.662712],[31.909181,46.662808],[31.900077,46.693989],[31.90739,46.738169],[31.907393,46.738249],[31.907375,46.738328],[31.907337,46.738403],[31.90728,46.738473],[31.865888,46.780109],[31.865405,46.806451],[31.899065,46.842552],[31.945372,46.859098],[31.945477,46.859145],[31.945567,46.859204],[31.945639,46.859274],[31.945691,46.859352],[31.973447,46.915199],[31.973479,46.915303],[31.973476,46.915408],[31.968914,46.937045],[31.968885,46.937127],[31.968834,46.937204],[31.968763,46.937273],[31.968674,46.937332],[31.968571,46.937378],[31.968457,46.93741],[31.968337,46.937428],[31.968213,46.937429],[31.968091,46.937415],[31.967976,46.937386],[31.92557,46.923393],[31.908233,46.926819],[31.900132,46.943764],[31.947681,46.998856],[31.947736,46.998936],[31.947766,46.999023],[31.947771,46.999111],[31.94775,46.999199],[31.947705,46.999282],[31.947636,46.999358],[31.947547,46.999423],[31.947441,46.999474],[31.947322,46.99951],[31.947195,46.99953],[31.838129,47.008815],[31.84537,47.053551],[31.874858,47.093609],[31.874903,47.093686],[31.874925,47.093768],[31.874926,47.09385],[31.874904,47.093932],[31.874861,47.094009],[31.874798,47.09408],[31.874716,47.094141],[31.87462,47.094191],[31.820609,47.117332],[31.806809,47.192744],[31.806319,47.195416],[31.807035,47.195728],[31.829973,47.186454],[31.844902,47.133918],[31.844942,47.133829],[31.845007,47.133747],[31.845096,47.133677],[31.845204,47.13362],[31.881786,47.118288],[31.89612,47.0927],[31.864606,47.026476],[31.864578,47.026381],[31.864579,47.026284],[31.86461,47.02619],[31.864671,47.026103],[31.864757,47.026026],[31.880626,47.014704],[31.880716,47.014651],[31.880818,47.01461],[31.880929,47.014581],[31.881046,47.014567],[31.975863,47.008948],[31.935297,46.955008],[31.935249,46.954926],[31.935226,46.954839],[31.935229,46.95475],[31.935257,46.954663],[31.935309,46.954582],[31.935384,46.95451],[31.935478,46.954449],[31.935587,46.954401],[32.00599,46.930216],[32.001795,46.895566],[31.93561,46.800547],[31.935571,46.800476],[31.93555,46.8004],[31.935548,46.800324],[31.939622,46.75882],[31.939641,46.758738],[31.939682,46.758661],[31.960831,46.727411],[31.960891,46.72734],[31.960969,46.727277],[31.961063,46.727226],[31.961168,46.727187],[31.961282,46.727161],[31.961401,46.727151],[31.966437839123554,46.727020383570775],[31.966316,46.727474],[32.222656,46.804962],[32.543864,46.874015],[32.547349821795564,46.87413042577488],[32.547394,46.874237],[32.54782700620554,46.87414622674908],[32.810497,46.882844],[32.811388,46.885319],[32.81633380100005,46.88618425508563],[32.953119,46.964463],[32.922244356430426,47.07721728814291],[32.921844,47.077332],[32.921134,47.079705],[32.91983,47.080109],[32.916182,47.096255],[32.915955,47.097015],[32.915997,47.097075],[32.915314,47.100098],[32.96671,47.173362],[32.976278,47.186746],[32.97718951532841,47.186611313406694],[33.10485398058362,47.27570694824766],[33.104675,47.276001],[33.104869851776215,47.276898319014386],[33.03567683661968,47.396254612356365],[33.030694,47.400642],[33.028192,47.402981],[33.029691,47.405388],[33.027397,47.407532],[33.03441040255625,47.418784611339284],[33.085623,47.579629],[33.075458,47.581595],[33.049209,47.584353],[33.049128,47.584365],[33.02356,47.589298],[33.005086,47.591231],[33.004965,47.591251],[33.004852,47.591287],[33.004751,47.591336],[33.004665,47.591396],[33.00233,47.59339],[32.997088,47.5944],[32.996959,47.594434],[32.996844,47.594486],[32.996748,47.594553],[32.994426,47.596534],[32.994352,47.596612],[32.994304,47.596699],[32.994283,47.59679],[32.99429,47.596883],[32.994325,47.596972],[32.99556,47.599169],[32.993369,47.601039],[32.993295,47.601117],[32.993247,47.601204],[32.993226,47.601295],[32.993233,47.601388],[32.993268,47.601477],[33.004999,47.622346],[33.005026,47.622387],[33.019974,47.642616],[32.987124,47.713152],[32.987098,47.713237],[32.987096,47.713323],[32.987118,47.713407],[32.987164,47.713488],[32.987232,47.71356],[32.987319,47.713623],[32.987422,47.713674],[32.987538,47.713711],[33.086782,47.737439],[33.059669,47.775379],[33.059619,47.775475],[33.059603,47.775576],[33.059794,47.798867],[33.059797,47.798911],[33.063346,47.822032],[33.063418,47.830581],[33.063436,47.830682],[33.065626,47.836873],[33.068284,47.85415],[33.068299,47.854208],[33.074278,47.871084],[33.076944,47.88836],[33.076959,47.888418],[33.078032,47.891444],[33.077609,47.892064],[33.07757,47.892139],[33.07755,47.892218],[33.077552,47.892297],[33.078211,47.896565],[33.072899,47.90434],[33.067446,47.907072],[33.067363,47.907121],[33.067293,47.90718],[33.067238,47.907245],[33.0663,47.908619],[33.063706,47.908997],[33.06357,47.909027],[33.063447,47.909076],[33.057141,47.912232],[33.049454,47.913351],[33.049318,47.913381],[33.049195,47.91343],[33.042888,47.916586],[33.038266,47.917258],[33.038143,47.917284],[33.038029,47.917326],[33.03793,47.917382],[33.037848,47.917449],[33.037788,47.917526],[33.03775,47.917609],[33.037737,47.917695],[33.037749,47.917782],[33.038094,47.918985],[33.035427,47.92032],[33.035334,47.920376],[33.035258,47.920442],[33.035202,47.920517],[33.035168,47.920598],[33.035157,47.920681],[33.035169,47.920765],[33.035786,47.92292],[33.033119,47.924255],[33.033026,47.924311],[33.03295,47.924378],[33.032894,47.924452],[33.03286,47.924533],[33.032849,47.924616],[33.032861,47.9247],[33.04102,47.953188],[33.039344,47.954507],[33.039274,47.954572],[33.039223,47.954646],[33.039193,47.954724],[33.039184,47.954804],[33.039196,47.954884],[33.039951,47.957474],[33.037364,47.959511],[33.037294,47.959577],[33.037243,47.95965],[33.037213,47.959728],[33.037204,47.959808],[33.037216,47.959888],[33.037972,47.962478],[33.037076,47.963183],[33.037003,47.963253],[33.036951,47.963331],[33.036922,47.963414],[33.036917,47.963499],[33.036936,47.963583],[33.036556,47.962572],[33.035554,47.962491],[33.027604,47.972009],[33.027529,47.972081],[33.023108,47.975559],[33.022547,47.978005],[33.022518,47.978083],[33.022469,47.978157],[33.017837,47.983701],[33.016403,47.989943],[33.016374,47.990021],[33.016325,47.990094],[33.011692,47.995639],[33.010671,48.000079],[33.010641,48.00016],[33.01059,48.000235],[32.974526,48.042243],[32.974446,48.042317],[32.974346,48.042379],[32.974229,48.042426],[32.9741,48.042456],[32.973965,48.042468],[32.973828,48.042462],[32.97263,48.042323],[32.971128,48.044117],[32.971048,48.044192],[32.970948,48.044255],[32.97083,48.044303],[32.9707,48.044334],[32.970563,48.044346],[32.970426,48.04434],[32.957584,48.042846],[32.957554,48.042842],[32.893217,48.033341],[32.893097,48.033315],[32.892986,48.033275],[32.892889,48.033221],[32.892808,48.033157],[32.892746,48.033083],[32.892707,48.033003],[32.89197,48.030861],[32.891244,48.030753],[32.891126,48.030728],[32.891017,48.030689],[32.890921,48.030637],[32.890841,48.030574],[32.890779,48.030503],[32.890737,48.030425],[32.890718,48.030343],[32.890295,48.025984],[32.885595,48.012295],[32.885579,48.012223],[32.88422,47.998185],[32.883737,47.996777],[32.880272,47.995889],[32.880154,47.99585],[32.88005,47.995796],[32.879964,47.995729],[32.879899,47.995653],[32.879857,47.99557],[32.879032,47.993164],[32.870324,47.990931],[32.844261,47.986643],[32.844126,47.98661],[32.844005,47.986559],[32.843903,47.986492],[32.843824,47.986413],[32.82906,47.967324],[32.777924,47.989695],[32.777816,47.989734],[32.777699,47.989758],[32.777577,47.989768],[32.777455,47.989763],[32.777336,47.989744],[32.701651,47.972064],[32.70154,47.972031],[32.70144,47.971984],[32.701354,47.971925],[32.701285,47.971858],[32.698971,47.969058],[32.698607,47.968972],[32.69849,47.968936],[32.698386,47.968886],[32.698298,47.968823],[32.698229,47.96875],[32.698182,47.96867],[32.697701,47.967521],[32.690628,47.958961],[32.690569,47.958864],[32.686625,47.949439],[32.685007,47.947479],[32.684955,47.947398],[32.684927,47.947313],[32.684925,47.947225],[32.684948,47.947139],[32.684995,47.947058],[32.685065,47.946984],[32.685156,47.94692],[32.68549,47.946727],[32.684614,47.94463],[32.684591,47.944547],[32.684592,47.944462],[32.684617,47.944379],[32.684665,47.944301],[32.684734,47.94423],[32.684822,47.944168],[32.687322,47.942724],[32.68649,47.940734],[32.686468,47.940654],[32.686467,47.940573],[32.686489,47.940493],[32.686532,47.940417],[32.686595,47.940347],[32.686675,47.940286],[32.68908,47.938763],[32.689103,47.93875],[32.711889,47.925573],[32.711782,47.924608],[32.711784,47.924529],[32.711806,47.92445],[32.711849,47.924376],[32.711911,47.924308],[32.71199,47.924248],[32.714914,47.922394],[32.71462,47.919739],[32.714622,47.91966],[32.714644,47.919581],[32.714687,47.919507],[32.714749,47.919439],[32.714828,47.919379],[32.715105,47.919204],[32.714868,47.91912],[32.714755,47.91907],[32.714659,47.919005],[32.714585,47.918929],[32.714535,47.918845],[32.714511,47.918755],[32.714245,47.916358],[32.71106,47.915237],[32.710947,47.915187],[32.710851,47.915122],[32.710777,47.915046],[32.710727,47.914962],[32.710703,47.914872],[32.710572,47.913689],[32.692212,47.908597],[32.692156,47.90858],[32.666302,47.899466],[32.666195,47.899419],[32.666103,47.89936],[32.66603,47.899289],[32.665978,47.899211],[32.665949,47.899128],[32.665944,47.899043],[32.665964,47.898958],[32.665991,47.898886],[32.663396,47.898164],[32.663276,47.898121],[32.663172,47.898062],[32.663087,47.897991],[32.663026,47.897909],[32.662991,47.897821],[32.662983,47.89773],[32.663003,47.897639],[32.681184,47.849096],[32.658905,47.838495],[32.658122,47.83821],[32.658009,47.838159],[32.657915,47.838093],[32.657842,47.838016],[32.657821,47.83798],[32.653732,47.836033],[32.653643,47.835982],[32.653569,47.835922],[32.653511,47.835854],[32.653472,47.83578],[32.639508,47.799959],[32.467097,47.781528],[32.378562,47.801328],[32.37845,47.801346],[32.378335,47.801351],[32.378221,47.801342],[32.343047,47.796652],[32.287892,47.822816],[32.287761,47.822865],[32.287618,47.822892],[32.287468,47.822898],[32.234398,47.820884],[32.234279,47.820872],[32.234164,47.820846],[32.234059,47.820806],[32.233965,47.820755],[32.233887,47.820693],[32.168647,47.758041],[32.138648,47.747992],[32.100286,47.758789],[32.066935,47.790075],[32.066857,47.790136],[32.066763,47.790187],[32.022192,47.810219],[32.022074,47.810261],[32.021946,47.810287],[32.021812,47.810295],[31.977892,47.809946],[31.976785,47.809994],[31.976644,47.80999],[31.976506,47.809966],[31.97641,47.809933],[31.972618,47.809903],[31.972488,47.809893],[31.972363,47.809867],[31.972248,47.809824],[31.972148,47.809768],[31.972066,47.8097],[31.970053,47.807638],[31.970042,47.807637],[31.969916,47.80761],[31.969801,47.807567],[31.9697,47.80751],[31.969618,47.807441],[31.959653,47.797055],[31.956062,47.797095],[31.955927,47.797087],[31.955797,47.797061],[31.955677,47.797018],[31.955573,47.79696],[31.955488,47.796889],[31.954911,47.796287],[31.862812,47.796287],[31.862117,47.797786],[31.862062,47.797872],[31.861981,47.797948],[31.861879,47.798012],[31.861759,47.79806],[31.861627,47.79809],[31.861488,47.798102],[31.858457,47.798133],[31.855049,47.805479],[31.846906,47.830566],[31.846891,47.830604],[31.839789,47.845899],[31.841196,47.847633],[31.841244,47.847706],[31.841271,47.847784],[31.841278,47.847864],[31.841263,47.847944],[31.840695,47.84969],[31.845651,47.857844],[31.860114,47.875642],[31.860146,47.875687],[31.861301,47.877585],[31.861343,47.87769],[31.861347,47.877798],[31.860666,47.882523],[31.86333,47.886899],[31.863372,47.887004],[31.863376,47.887112],[31.862093,47.896012],[31.862066,47.896101],[31.862013,47.896185],[31.821817,47.945376],[31.821734,47.945456],[31.821628,47.945521],[31.821503,47.94557],[31.821365,47.9456],[31.76858,47.952977],[31.739433,47.984935],[31.713071,48.018087],[31.715318,48.019223],[31.715417,48.019285],[31.715495,48.019359],[31.715551,48.019441],[31.71558,48.01953],[31.715582,48.01962],[31.715557,48.019709],[31.715505,48.019793],[31.714171,48.02147],[31.716418,48.022606],[31.716518,48.022668],[31.716597,48.022742],[31.716652,48.022825],[31.716681,48.022913],[31.716683,48.023004],[31.716657,48.023093],[31.716606,48.023177],[31.716581,48.023208],[31.721169,48.025012],[31.721233,48.025041],[31.744449,48.036773],[31.769581,48.04664],[31.769684,48.04669],[31.769771,48.046751],[31.769839,48.046822],[31.769886,48.0469],[31.76991,48.046983],[31.772597,48.06486],[31.772594,48.064968],[31.772553,48.065072],[31.753082,48.09764],[31.753017,48.097722],[31.752928,48.097794],[31.752818,48.097852],[31.752693,48.097894],[31.752558,48.097918],[31.752418,48.097922],[31.692071,48.095579],[31.616832,48.11912],[31.616714,48.119149],[31.61659,48.119162],[31.616464,48.119159],[31.616341,48.119141],[31.616226,48.119108],[31.593392,48.110836],[31.593288,48.11079],[31.593199,48.110731],[31.593127,48.110663],[31.593076,48.110587],[31.580051,48.085218],[31.533704,48.087211],[31.533566,48.087207],[31.533431,48.087185],[31.533307,48.087144],[31.533197,48.087088],[31.533107,48.087017],[31.53304,48.086936],[31.533,48.086848],[31.530302,48.077561],[31.524387,48.068977],[31.524337,48.068875],[31.521993,48.060797],[31.51885,48.060461],[31.518722,48.060439],[31.518604,48.0604],[31.518499,48.060347],[31.518411,48.060281],[31.518345,48.060205],[31.516808,48.057973],[31.513144,48.057581],[31.513016,48.057559],[31.512898,48.05752],[31.512793,48.057467],[31.512705,48.057401],[31.512639,48.057325],[31.511522,48.055702],[31.508801,48.056985],[31.508688,48.057028],[31.508565,48.057056],[31.508436,48.057067],[31.508307,48.057062],[31.506741,48.056895],[31.506758,48.05771],[31.506747,48.057797],[31.506711,48.05788],[31.506652,48.057958],[31.506572,48.058027],[31.506473,48.058083],[31.503423,48.059522],[31.503594,48.067912],[31.50723,48.081134],[31.507241,48.081209],[31.507519,48.094671],[31.5097,48.102592],[31.509711,48.102694],[31.509686,48.102795],[31.509628,48.10289],[31.507738,48.105183],[31.507829,48.109594],[31.507821,48.109671],[31.507793,48.109746],[31.507746,48.109817],[31.504537,48.113708],[31.504527,48.113792],[31.504492,48.113874],[31.504435,48.113951],[31.504357,48.114018],[31.504261,48.114075],[31.504222,48.114091],[31.502617,48.116037],[31.502542,48.11611],[31.502446,48.116172],[31.502335,48.11622],[31.502211,48.116253],[31.50208,48.116268],[31.501947,48.116266],[31.498806,48.116016],[31.498228,48.116717],[31.498147,48.116794],[31.498044,48.116859],[31.497922,48.116908],[31.497788,48.116938],[31.497648,48.11695],[31.497506,48.116941],[31.478033,48.11435],[31.43484,48.110874],[31.434789,48.110869],[31.414679,48.108181],[31.413268,48.108985],[31.413154,48.109038],[31.413026,48.109073],[31.412889,48.109091],[31.41275,48.109089],[31.408546,48.10875],[31.384747,48.125251],[31.384651,48.125306],[31.384541,48.125348],[31.384422,48.125376],[31.384296,48.125388],[31.38417,48.125384],[31.384046,48.125365],[31.383931,48.125331],[31.351197,48.112983],[31.347289,48.113309],[31.347159,48.113312],[31.347031,48.113297],[31.346909,48.113267],[31.343795,48.112251],[31.250563,48.12134],[31.233866,48.129263],[31.227931,48.14805],[31.226857,48.155856],[31.226832,48.155943],[31.226782,48.156025],[31.22671,48.156098],[31.226617,48.156161],[31.226507,48.15621],[31.225203,48.156681],[31.224363,48.159341],[31.224317,48.159433],[31.224243,48.159517],[31.224144,48.159588],[31.224024,48.159643],[31.210689,48.164456],[31.210601,48.164483],[31.194288,48.168482],[31.193879,48.170315],[31.193849,48.170396],[31.193798,48.170472],[31.193726,48.17054],[31.193637,48.170598],[31.193533,48.170645],[31.190398,48.171775],[31.189564,48.174375],[31.183015,48.203744],[31.182987,48.203822],[31.182939,48.203895],[31.182872,48.203962],[31.182788,48.204019],[31.18269,48.204066],[31.179649,48.205258],[31.178759,48.208026],[31.178716,48.208115],[31.178646,48.208195],[31.178553,48.208264],[31.178441,48.20832],[31.171318,48.211113],[31.171199,48.211149],[31.171071,48.21117],[31.148627,48.213301],[31.148592,48.213304],[31.085493,48.217018],[31.06291,48.219144],[31.062776,48.219148],[31.062644,48.219134],[31.059312,48.218548],[31.049528,48.219118],[31.049411,48.219118],[31.049296,48.219105],[31.024849,48.214795],[31.024758,48.214774],[31.003919,48.208859],[31.003808,48.208818],[31.00371,48.208765],[31.003629,48.2087],[31.000154,48.205346],[30.996115,48.204199],[30.996005,48.204159],[30.995909,48.204107],[30.995828,48.204045],[30.995766,48.203973],[30.989828,48.195372],[30.978745,48.184661],[30.91253,48.158096],[30.888268,48.161076],[30.885062,48.161776],[30.88176,48.164756],[30.881667,48.164825],[30.881554,48.164879],[30.881428,48.164916],[30.880562,48.165105],[30.87839,48.16779],[30.878339,48.167844],[30.864232,48.180574],[30.862794,48.182351],[30.862719,48.182425],[30.862623,48.182488],[30.862511,48.182537],[30.862387,48.18257],[30.862256,48.182586],[30.862122,48.182585],[30.86202,48.18257],[30.860396,48.184034],[30.860303,48.184102],[30.860191,48.184157],[30.860064,48.184194],[30.859929,48.184214],[30.85979,48.184215],[30.859654,48.184197],[30.859527,48.18416],[30.859413,48.184107],[30.857417,48.182959],[30.857299,48.183066],[30.857212,48.18313],[30.857109,48.183182],[30.856993,48.18322],[30.856868,48.183242],[30.856739,48.183249],[30.856611,48.183238],[30.856488,48.183212],[30.856375,48.18317],[30.856276,48.183115],[30.848243,48.177677],[30.81699,48.159672],[30.789479,48.178082],[30.789386,48.178134],[30.789281,48.178174],[30.789166,48.178201],[30.789047,48.178214],[30.704803,48.182029],[30.70466,48.182025],[30.70452,48.182001],[30.644949,48.167016],[30.644839,48.16698],[30.64474,48.166932],[30.644656,48.166872],[30.619593,48.145524],[30.501939,48.163982],[30.501762,48.163993],[30.404581,48.161782],[30.349486,48.161758],[30.349347,48.161748],[30.349213,48.161719],[30.349091,48.161672],[30.348987,48.161609],[30.348904,48.161534],[30.347963,48.160453],[30.344336,48.160366],[30.344201,48.160354],[30.344073,48.160324],[30.343957,48.160277],[30.343857,48.160216],[30.343777,48.160143],[30.321936,48.135047],[30.293099,48.136161],[30.292971,48.136158],[30.292847,48.136139],[30.29273,48.136104],[30.292625,48.136055],[30.292536,48.135995],[30.292465,48.135923],[30.292416,48.135845],[30.29239,48.135761],[30.292388,48.135676],[30.292411,48.135592],[30.293143,48.133823],[30.293103,48.133804],[30.293014,48.133739],[30.292945,48.133663],[30.2929,48.13358],[30.29288,48.133492],[30.292886,48.133404],[30.296342,48.117679],[30.296359,48.117624],[30.300075,48.108644],[30.300134,48.108547],[30.300226,48.108461],[30.305129,48.104862],[30.307059,48.100195],[30.307118,48.100098],[30.30721,48.100013],[30.309705,48.098179],[30.30864,48.097913],[30.308528,48.097877],[30.308428,48.097827],[30.308343,48.097767],[30.308276,48.097696],[30.30823,48.097619],[30.308206,48.097537],[30.308205,48.097454],[30.308227,48.097372],[30.308962,48.095594],[30.306378,48.094947],[30.306266,48.094911],[30.306166,48.094861],[30.306081,48.0948],[30.306014,48.09473],[30.305968,48.094653],[30.305944,48.094571],[30.305943,48.094488],[30.305965,48.094406],[30.306701,48.092628],[30.283404,48.086791],[30.217036,48.072095],[30.216918,48.07206],[30.216812,48.07201],[30.216722,48.071948],[30.216651,48.071876],[30.214544,48.069175],[30.210314,48.068237],[30.210196,48.068202],[30.21009,48.068153],[30.21,48.068091],[30.20993,48.068018],[30.209881,48.067938],[30.209856,48.067854],[30.209856,48.067768],[30.209881,48.067683],[30.209929,48.067603],[30.21162,48.065426],[30.209889,48.063209],[30.209841,48.063129],[30.209816,48.063044],[30.209816,48.062958]],[[31.585159,46.794307],[31.592601,46.80532],[31.592727,46.805506],[31.606216,46.82545],[31.611589,46.819676],[31.617369,46.813464],[31.593339,46.790999],[31.585159,46.794307]],[[31.721272,47.231847],[31.738213,47.254905],[31.742602,47.255055],[31.74499,47.255136],[31.751521,47.255358],[31.757001,47.216144],[31.757838,47.210151],[31.727338,47.22084],[31.721272,47.231847]]],[[[33.085623,47.579629],[33.08578835584631,47.579594896157715],[33.08578843831665,47.5795969579162],[33.085623,47.579629]]],[[[32.547349821795564,46.87413042577488],[32.54782700620554,46.87414622674908],[32.547394,46.874237],[32.547349821795564,46.87413042577488]]],[[[32.810497,46.882844],[32.81633380100005,46.88618425508563],[32.811388,46.885319],[32.810497,46.882844]]],[[[32.915314,47.100098],[32.915997,47.097075],[32.915955,47.097015],[32.916182,47.096255],[32.91983,47.080109],[32.921134,47.079705],[32.921844,47.077332],[32.922244356430426,47.07721728814291],[32.915998,47.100029],[32.976646,47.186232],[32.97718951532841,47.186611313406694],[32.976278,47.186746],[32.96671,47.173362],[32.915314,47.100098]]],[[[33.027397,47.407532],[33.029691,47.405388],[33.028192,47.402981],[33.030694,47.400642],[33.03567683661968,47.396254612356365],[33.030229,47.405652],[33.03441040255625,47.418784611339284],[33.027397,47.407532]]],[[[33.104675,47.276001],[33.10485398058362,47.27570694824766],[33.105357,47.276058],[33.104869851776215,47.276898319014386],[33.104675,47.276001]]]]},"properties":{"name":"Ukraine-Nikolaev","zone_type":"oblast","faction":"side_a","faction_name":"Side A","faction_color":"#3b82f6","source":"bootstrap","last_updated":"2026-08-03T17:28:11Z","override":false,"id":"fmsek442f_j5u"}},{"type":"Feature","geometry":{"type":"MultiPolygon","coordinates":[[[[32.987096,47.713323],[32.987098,47.713237],[32.987124,47.713152],[33.019974,47.642616],[33.005026,47.622387],[33.004999,47.622346],[32.993268,47.601477],[32.993233,47.601388],[32.993226,47.601295],[32.993247,47.601204],[32.993295,47.601117],[32.993369,47.601039],[32.99556,47.599169],[32.994325,47.596972],[32.99429,47.596883],[32.994283,47.59679],[32.994304,47.596699],[32.994352,47.596612],[32.994426,47.596534],[32.996748,47.594553],[32.996844,47.594486],[32.996959,47.594434],[32.997088,47.5944],[33.00233,47.59339],[33.004665,47.591396],[33.004751,47.591336],[33.004852,47.591287],[33.004965,47.591251],[33.005086,47.591231],[33.02356,47.589298],[33.049128,47.584365],[33.049209,47.584353],[33.075458,47.581595],[33.085623,47.579629],[33.08578843831665,47.5795969579162],[33.085807,47.580061],[33.126769,47.572128],[33.181975840415454,47.55975669341678],[33.24098302388964,47.54758674766785],[33.283417,47.539307],[33.283757932309285,47.539010318973894],[33.54935935784958,47.57314324050415],[33.562866,47.575348],[33.586011,47.561663],[33.626923,47.508346],[33.651973076211085,47.48870907515657],[33.652185,47.488714],[33.654388,47.486816],[33.676124,47.489268],[33.67688249506326,47.489285367144475],[33.89184880050177,47.512883617753225],[33.901764,47.514435],[33.97382252741605,47.498901101876505],[34.037018,47.526073],[34.115295,47.52097],[34.1922,47.512155],[34.295197,47.523753],[34.464111,47.54787],[34.500504,47.58217],[34.579468,47.582634],[34.659805,47.576146],[34.73671,47.546479],[34.794388,47.550652],[34.83902,47.530711],[34.867859,47.54416],[34.923589,47.547112],[34.923589067457335,47.547112162281365],[34.911635,47.546479],[34.92677582713079,47.571631867931224],[34.925279,47.573294],[34.925333,47.573486],[34.925344,47.573574],[34.92533,47.573662],[34.92529,47.573747],[34.925227,47.573824],[34.92167,47.577302],[34.900071,47.601273],[34.90014388590963,47.601476601484656],[34.897308,47.604248],[34.94319166734796,47.74273124598892],[34.940718,47.74362],[34.941019,47.744526],[34.941035,47.74461],[34.941027,47.744695],[34.940995,47.744778],[34.940941,47.744854],[34.940866,47.744923],[34.940773,47.744981],[34.940666,47.745026],[34.940548,47.745057],[34.932487,47.74658],[34.92169358237404,47.75045948462712],[34.893738,47.755737],[34.89279348309864,47.760840393107024],[34.890408,47.761696],[34.89076505051792,47.77180037575595],[34.886627,47.794159],[34.89133342133088,47.80238452953911],[34.893564,47.806969],[34.89731685429023,47.812841924041706],[34.903549,47.823734],[34.861458647399054,47.85075501835285],[34.860144,47.851338],[34.828619,47.867966],[34.828574,47.867987],[34.824394,47.869837],[34.824161,47.870236],[34.824108,47.870307],[34.824038,47.870371],[34.823951,47.870426],[34.818908,47.873084],[34.816586,47.877059],[34.816533,47.87713],[34.816463,47.877194],[34.816376,47.877249],[34.811331,47.879907],[34.809221,47.883521],[34.809616227222435,47.88477177155203],[34.809244,47.885019],[34.81053970654246,47.887694297119076],[34.811413,47.890458],[34.814987144396206,47.896877099927856],[34.819763,47.906738],[34.82788148264452,47.90930341156152],[34.838414,47.913301],[34.838543,47.913364],[34.848583,47.919673],[34.862751,47.922542],[34.862887,47.922581],[34.876094,47.927585],[34.89068,47.930532],[34.890816,47.930572],[34.904028,47.935572],[34.904903,47.935748],[34.905016,47.935779],[34.905119,47.935823],[34.905209,47.935879],[34.905282,47.935944],[34.905336,47.936018],[34.905371,47.93608],[34.907630759195676,47.93693496100063],[34.91167751699949,47.96371647384096],[34.9110362311694,47.96454376446655],[34.857025,47.978363],[34.83886,48.007916],[34.82899922366716,48.01258586308651],[34.822447,48.01359],[34.819278,48.015068],[34.819462386849665,48.017102315008025],[34.81369,48.019836],[34.84021,48.04129],[34.835876,48.108582],[34.845856,48.120819],[34.869873,48.119324],[34.878969573114134,48.08761103438282],[34.88114935562336,48.082408835070375],[34.943686,48.081218],[35.028625,48.119415],[35.245087,48.130188],[35.340027,48.103973],[35.52243,48.079619],[35.604309,48.116333],[35.629110226072086,48.119656310918415],[35.673936,48.126497],[35.6877536655818,48.11912088529916],[35.7323,48.095917],[35.78779,48.086034],[35.816437,48.065948],[35.959167,48.090698],[35.960835435857,48.08317087883806],[35.964014,48.081155],[35.967186,48.066844],[35.96758475688834,48.0527214270653],[35.972229,48.031769],[35.990407,48.026445],[36.044678,48.043274],[36.02744142848672,48.017297021271986],[36.022282444083565,48.006942311512525],[36.05307,47.993011],[36.058434,47.953919],[36.117615,47.936218],[36.11751,47.932284],[36.1150786908602,47.93099725451958],[36.11927,47.933215],[36.114464,47.954383],[36.152229,47.960593],[36.16888022602185,47.95608813125606],[36.17137,47.957534],[36.175404,47.955751],[36.18124,47.954544],[36.184931,47.955809],[36.189394,47.953969],[36.192226,47.954601],[36.195316,47.952186],[36.202526,47.951607],[36.204844,47.952699],[36.209564,47.952354],[36.213512,47.955918],[36.214371,47.95977],[36.21892,47.961035],[36.219864,47.965863],[36.226988,47.973565],[36.236687,47.978219],[36.244755,47.981725],[36.248789,47.985691],[36.258917,47.987358],[36.261406,47.988507],[36.266212,47.988277],[36.27059,47.986553],[36.275225,47.984887],[36.281834,47.984369],[36.286297,47.984944],[36.292219,47.981725],[36.295052,47.977242],[36.299515,47.974253],[36.302519,47.970919],[36.306725,47.971688],[36.308956,47.966686],[36.342773,47.968274],[36.350241,47.967699],[36.353931,47.970689],[36.355476,47.974771],[36.356936,47.974656],[36.35891,47.975173],[36.361742,47.974426],[36.36363,47.973218],[36.367064,47.971954],[36.374016,47.970689],[36.38114,47.966722],[36.393585,47.963445],[36.407318,47.964768],[36.418734,47.964825],[36.42354,47.956488],[36.429977,47.95597],[36.438646,47.957178],[36.441393,47.958328],[36.45607,47.96218],[36.456757,47.96333],[36.458902,47.963618],[36.460962,47.962295],[36.468,47.960628],[36.474266,47.957408],[36.477528,47.95942],[36.484909,47.96172],[36.487398,47.964998],[36.49332,47.970111],[36.500874,47.971836],[36.511602,47.976031],[36.516752,47.991777],[36.527395,48.000279],[36.56650878219008,47.99917800613102],[36.566448,47.999473],[36.537952,48.000509],[36.539841,48.006829],[36.546192,48.010391],[36.563873,48.010391],[36.565418,48.018892],[36.5625,48.03589],[36.57589,48.039105],[36.576058,48.038957],[36.575958,48.04459],[36.575546,48.04417],[36.570568,48.046696],[36.568508,48.063341],[36.562843,48.065866],[36.561642,48.080554],[36.564217,48.083996],[36.566276,48.083997],[36.566105,48.086915],[36.570396,48.096092],[36.603355,48.109051],[36.639233,48.120058],[36.637173,48.128652],[36.662064,48.129798],[36.697769,48.13679],[36.700859,48.143666],[36.716309,48.143551],[36.727467,48.148708],[36.747551,48.152031],[36.757851,48.159821],[36.784973,48.170703],[36.823769,48.174368],[36.833586,48.169417],[36.840076,48.176281],[36.847801,48.177541],[36.852951,48.185098],[36.859989,48.186701],[36.876469,48.185098],[36.887455,48.182694],[36.879559,48.196774],[36.87664,48.208109],[36.8787,48.21829],[36.864109,48.228354],[36.860161,48.253281],[36.863594,48.253624],[36.86483795100056,48.25278915157278],[36.864281,48.254512],[36.878529,48.265603],[36.878872,48.275319],[36.885395,48.280348],[36.904449,48.27189],[36.909099,48.273941],[36.910275,48.271397],[36.911205710394235,48.271507631995064],[36.91051192294945,48.27430107946504],[36.909838,48.274258],[36.90594348081302,48.28993384150054],[36.901853850538416,48.298775803344896],[36.896301,48.301613],[36.880267590833455,48.30868681270646],[36.868883,48.311445],[36.857727,48.316496],[36.857557,48.316551],[36.857534,48.316556],[36.857411,48.316575],[36.842339,48.317871],[36.83087935878072,48.32064159474226],[36.812653,48.322205],[36.808929,48.413116],[36.846238717699535,48.43341659954437],[36.84553085819392,48.43795929388012],[36.835449,48.476318],[36.858109,48.492329],[36.85766446451839,48.510197702486565],[36.857125,48.512076],[36.85761117785615,48.51233963165439],[36.857452,48.518738],[36.888672,48.530151],[36.887421,48.573608],[36.824432,48.579773],[36.795074,48.53479],[36.763673,48.530984],[36.7610713973096,48.532389860615474],[36.755282,48.531904],[36.754776,48.533688],[36.754741,48.53377],[36.754683,48.533845],[36.754605,48.533912],[36.754509,48.533969],[36.754398,48.534012],[36.754278,48.534041],[36.754151,48.534054],[36.754023,48.534051],[36.752473,48.53392],[36.752084858813745,48.54148007517863],[36.747131,48.558167],[36.782146396145805,48.58840175380416],[36.789269541886824,48.59555002527972],[36.779904565284085,48.60428388749031],[36.73761,48.605978],[36.7376033283009,48.60599456011026],[36.732086,48.606049],[36.72270874422161,48.62820322745598],[36.72205058419925,48.62808054360208],[36.723264,48.625595],[36.723293,48.625505],[36.723294,48.625413],[36.723266,48.625323],[36.723211,48.625238],[36.723131,48.625163],[36.72303,48.6251],[36.722911,48.625052],[36.72278,48.62502],[36.625174,48.609059],[36.59549,48.603496],[36.595361,48.603481],[36.595229,48.603482],[36.595101,48.6035],[36.59498,48.603534],[36.593894,48.603923],[36.589314,48.60317],[36.58919,48.603157],[36.589064,48.60316],[36.588942,48.603178],[36.588826,48.603211],[36.584644,48.604709],[36.58412,48.604623],[36.583984,48.60461],[36.583848,48.604615],[36.583716,48.604638],[36.583593,48.604679],[36.576657,48.607569],[36.531827,48.623606],[36.531789,48.623621],[36.488643,48.641556],[36.476654,48.645834],[36.474617,48.644413],[36.474522,48.644358],[36.474412,48.644315],[36.474293,48.644287],[36.474168,48.644273],[36.474041,48.644276],[36.473917,48.644294],[36.4738,48.644326],[36.471138,48.645276],[36.470786,48.64503],[36.382909,48.580271],[36.36664,48.561528],[36.37032,48.553227],[36.373659,48.549538],[36.373718,48.549455],[36.37375,48.549365],[36.373753,48.549273],[36.373728,48.549182],[36.373676,48.549096],[36.373598,48.54902],[36.372555,48.548188],[36.373614,48.545799],[36.373638,48.545712],[36.373637,48.545624],[36.373611,48.545538],[36.373559,48.545457],[36.373485,48.545385],[36.3711,48.543483],[36.371414,48.542775],[36.371438,48.542692],[36.371439,48.542609],[36.371416,48.542526],[36.37137,48.542448],[36.371304,48.542377],[36.371218,48.542315],[36.371117,48.542265],[36.367969,48.540987],[36.361293,48.535663],[36.361216,48.53561],[36.361126,48.535567],[36.356719,48.533777],[36.35659,48.533736],[36.356451,48.533714],[36.356308,48.533712],[36.356167,48.53373],[36.3521,48.534544],[36.349448,48.533467],[36.349322,48.533427],[36.349186,48.533405],[36.349047,48.533401],[36.348909,48.533417],[36.348779,48.533451],[36.336674,48.537633],[36.319754,48.541018],[36.303948,48.535093],[36.294134,48.529612],[36.294016,48.529559],[36.293884,48.529524],[36.293744,48.529507],[36.293602,48.529511],[36.293463,48.529534],[36.293336,48.529575],[36.291389,48.530383],[36.288421,48.529269],[36.288287,48.52923],[36.288144,48.529212],[36.287998,48.529214],[36.287857,48.529237],[36.287726,48.529279],[36.282034,48.53164],[36.28194,48.531687],[36.281859,48.531744],[36.281795,48.531809],[36.281749,48.531881],[36.280191,48.535027],[36.278232,48.53584],[36.278132,48.53589],[36.278048,48.535952],[36.277983,48.536022],[36.277938,48.536099],[36.277916,48.536181],[36.277916,48.536264],[36.277939,48.536345],[36.277985,48.536422],[36.2789,48.537635],[36.27747,48.540523],[36.277441,48.540608],[36.277438,48.540696],[36.27746,48.540782],[36.277507,48.540864],[36.290096,48.557551],[36.290147,48.557607],[36.303618,48.570388],[36.305168,48.57244],[36.302939,48.573851],[36.302847,48.573924],[36.302779,48.574008],[36.302739,48.574099],[36.30273,48.574194],[36.302751,48.574288],[36.302801,48.574377],[36.303002,48.574643],[36.269966,48.595631],[36.269873,48.595704],[36.269806,48.595788],[36.269767,48.59588],[36.269758,48.595975],[36.26978,48.596069],[36.270685,48.598346],[36.270662,48.5984],[36.270654,48.598495],[36.270676,48.59859],[36.27832,48.617499],[36.284881,48.633946],[36.282408,48.635442],[36.282325,48.635503],[36.28226,48.635572],[36.282215,48.635648],[36.282191,48.635728],[36.28219,48.63581],[36.282211,48.63589],[36.282558,48.636748],[36.23065,48.666721],[36.230639,48.666728],[36.134108,48.724911],[36.134013,48.724981],[36.133943,48.725062],[36.1339,48.725152],[36.133885,48.725245],[36.133901,48.725339],[36.133946,48.725428],[36.134017,48.725509],[36.163516,48.75204],[36.163547,48.752066],[36.167617,48.755211],[36.16755,48.755388],[36.167529,48.755486],[36.167542,48.755584],[36.167586,48.755678],[36.167661,48.755764],[36.169892,48.757769],[36.16313,48.766981],[36.071729,48.828738],[36.064265,48.831366],[36.064107,48.831443],[36.063343,48.831939],[36.000129,48.853923],[35.968745,48.854348],[35.968612,48.854359],[35.968484,48.854386],[35.968367,48.85443],[35.968265,48.854487],[35.968182,48.854557],[35.968122,48.854636],[35.968086,48.854721],[35.968076,48.854809],[35.968092,48.854897],[35.968135,48.854981],[35.968201,48.855058],[35.969822,48.856564],[35.969541,48.856567],[35.969412,48.856577],[35.969288,48.856603],[35.969174,48.856644],[35.969073,48.856699],[35.96899,48.856765],[35.968928,48.85684],[35.968888,48.856922],[35.968873,48.857007],[35.968882,48.857092],[35.968916,48.857175],[35.968973,48.857252],[35.969052,48.85732],[35.976089,48.862385],[35.992101,48.877249],[35.992155,48.877293],[36.01088,48.89075],[36.019014,48.898287],[36.017536,48.900449],[36.017492,48.900537],[36.017476,48.90063],[36.01749,48.900723],[36.017532,48.900812],[36.017602,48.900893],[36.019667,48.902806],[36.019286,48.903364],[36.008269,48.914018],[36.008211,48.914087],[36.000199,48.925796],[35.989176,48.936447],[35.989118,48.936516],[35.9852,48.942239],[35.978165,48.947092],[35.978095,48.947149],[35.966385,48.958453],[35.952064,48.968327],[35.930601,48.97588],[35.830302,48.947337],[35.794205,48.93614],[35.794064,48.936108],[35.793916,48.936097],[35.793768,48.936108],[35.7919,48.936374],[35.786788,48.934913],[35.786653,48.934885],[35.786511,48.934875],[35.78637,48.934886],[35.773373,48.936739],[35.773264,48.936761],[35.754426,48.941713],[35.734605,48.944531],[35.734496,48.944552],[35.715651,48.949499],[35.702393,48.951379],[35.67596,48.952852],[35.675874,48.95286],[35.649909,48.956531],[35.623472,48.957991],[35.623385,48.957999],[35.617936,48.958768],[35.617799,48.958798],[35.617674,48.958846],[35.585778,48.97428],[35.581529,48.974246],[35.581384,48.974255],[35.581246,48.974284],[35.58112,48.974332],[35.57898,48.975346],[35.470265,48.973306],[35.470123,48.973313],[35.469987,48.973339],[35.469861,48.973383],[35.360945,49.02163],[35.360843,49.021685],[35.169478,49.146792],[34.983825,49.16325],[34.983689,49.163272],[34.983563,49.163311],[34.983451,49.163365],[34.983358,49.163434],[34.983289,49.163513],[34.983245,49.1636],[34.983229,49.163691],[34.983216579070465,49.16443597023362],[34.936748,49.180019],[34.936708,49.180031],[34.926073,49.18305],[34.925942,49.183078],[34.925806,49.183088],[34.92567,49.18308],[34.925538,49.183054],[34.925417,49.183012],[34.925311,49.182955],[34.925225,49.182886],[34.923639,49.181316],[34.920945,49.18208],[34.920814,49.182108],[34.920678,49.182118],[34.920542,49.18211],[34.92041,49.182084],[34.920289,49.182042],[34.920183,49.181985],[34.920097,49.181916],[34.91454,49.176411],[34.914515,49.176383],[34.890665,49.148651],[34.867553,49.145379],[34.858148,49.149768],[34.866575,49.165636],[34.866599,49.165694],[34.868396,49.171433],[34.86841,49.171519],[34.868398,49.171605],[34.868362,49.171688],[34.868302,49.171765],[34.86822,49.171833],[34.86812,49.17189],[34.868005,49.171933],[34.865272,49.17274],[34.865451,49.173311],[34.865465,49.173399],[34.865452,49.173487],[34.865414,49.173571],[34.865351,49.173649],[34.865265,49.173718],[34.865161,49.173774],[34.865043,49.173816],[34.864913,49.173842],[34.864779,49.173851],[34.861486,49.173857],[34.854008,49.176065],[34.853871,49.176094],[34.853727,49.176105],[34.845541,49.176121],[34.838061,49.178327],[34.837924,49.178356],[34.83778,49.178367],[34.832384,49.178377],[34.832261,49.17837],[34.813468,49.17618],[34.794333,49.176211],[34.79421,49.176204],[34.783937,49.175004],[34.783782,49.174973],[34.783642,49.174919],[34.781786,49.173998],[34.778322,49.174004],[34.778166,49.173992],[34.778018,49.173958],[34.777886,49.173903],[34.726135,49.146367],[34.408046,49.076964],[34.407929,49.076931],[34.407824,49.076883],[34.407735,49.076824],[34.407663,49.076756],[34.407612,49.076679],[34.407584,49.076598],[34.402182,49.050314],[34.346457,49.011907],[34.346368,49.01183],[34.346305,49.011743],[34.346273,49.011649],[34.346033,49.010286],[34.343977,49.008818],[34.343892,49.008743],[34.343832,49.008657],[34.343801,49.008566],[34.3438,49.008472],[34.343828,49.00838],[34.343885,49.008293],[34.343968,49.008217],[34.345471,49.007097],[34.344979,49.004308],[34.344978,49.004214],[34.345006,49.004122],[34.345063,49.004036],[34.345145,49.003959],[34.356399,48.995567],[34.356534,48.99549],[34.366487,48.991132],[34.313771,48.975293],[34.313664,48.975253],[34.313571,48.975201],[34.313493,48.97514],[34.313432,48.97507],[34.311771,48.972668],[34.307853,48.971347],[34.307749,48.971304],[34.307658,48.971249],[34.307584,48.971184],[34.307529,48.971112],[34.287073,48.936929],[34.277087,48.922458],[34.277047,48.922383],[34.277027,48.922304],[34.276732,48.919624],[34.273655,48.914471],[34.273616,48.914377],[34.273609,48.91428],[34.274753,48.901645],[34.27361,48.891237],[34.273613,48.891151],[34.273642,48.891066],[34.273694,48.890986],[34.273769,48.890915],[34.275875,48.889275],[34.275959,48.88834],[34.275979,48.888257],[34.276022,48.888178],[34.276086,48.888105],[34.293641,48.871966],[34.293674,48.871938],[34.308682,48.860233],[34.309031,48.85791],[34.309053,48.857833],[34.309095,48.85776],[34.309155,48.857692],[34.313048,48.85411],[34.315207,48.839759],[34.284014,48.817949],[34.28398,48.817924],[34.277828,48.812914],[34.27776,48.812847],[34.277711,48.812773],[34.277683,48.812695],[34.277677,48.812614],[34.277692,48.812534],[34.278568,48.809919],[34.276024,48.807848],[34.275956,48.807781],[34.275907,48.807707],[34.275879,48.807629],[34.275873,48.807548],[34.275888,48.807468],[34.278376,48.800037],[34.278419,48.799952],[34.285357,48.789636],[34.289584,48.777002],[34.277308,48.771584],[34.277252,48.771556],[34.251637,48.757534],[34.235722,48.750498],[34.233248,48.751749],[34.233128,48.751798],[34.232995,48.751829],[34.232855,48.751841],[34.232714,48.751835],[34.232578,48.751809],[34.232453,48.751765],[34.229896,48.750634],[34.227423,48.751885],[34.227303,48.751934],[34.22717,48.751965],[34.22703,48.751977],[34.226889,48.751971],[34.226753,48.751945],[34.226628,48.751901],[34.224371,48.750903],[34.196096,48.767705],[34.196054,48.767728],[34.162372,48.78472],[34.162266,48.784764],[34.16215,48.784794],[34.047756,48.80693],[33.924188,48.864137],[33.918687,48.868983],[33.918597,48.869048],[33.91849,48.8691],[33.91837,48.869137],[33.918241,48.869159],[33.918109,48.869163],[33.917977,48.869151],[33.917851,48.869122],[33.917737,48.869078],[33.917637,48.86902],[33.917557,48.86895],[33.91671,48.868046],[33.916652,48.867968],[33.916618,48.867884],[33.916609,48.867798],[33.916625,48.867711],[33.916666,48.867629],[33.916731,48.867553],[33.918617,48.865769],[33.819545,48.759629],[33.804409,48.792117],[33.804395,48.792144],[33.802147,48.796053],[33.80209,48.79613],[33.802012,48.796198],[33.801916,48.796255],[33.801804,48.796299],[33.801683,48.796329],[33.801555,48.796343],[33.801425,48.79634],[33.801299,48.796322],[33.80118,48.796288],[33.801073,48.79624],[33.800981,48.796179],[33.799236,48.794777],[33.798429,48.796179],[33.798367,48.796262],[33.79828,48.796334],[33.798172,48.796393],[33.798049,48.796436],[33.797914,48.796462],[33.797775,48.79647],[33.797636,48.796458],[33.797504,48.796428],[33.797384,48.796381],[33.797281,48.796319],[33.789949,48.790879],[33.789931,48.790865],[33.78254,48.784924],[33.782492,48.784938],[33.782364,48.784956],[33.782232,48.784958],[33.782103,48.784944],[33.78198,48.784913],[33.781868,48.784867],[33.781771,48.784808],[33.780014,48.783503],[33.778766,48.785065],[33.778694,48.785137],[33.778602,48.785199],[33.778493,48.785248],[33.778372,48.785283],[33.778244,48.785301],[33.778112,48.785303],[33.777983,48.785289],[33.77786,48.785258],[33.777748,48.785212],[33.777651,48.785153],[33.777179,48.784802],[33.776054,48.78842],[33.775989,48.78854],[33.770325,48.795624],[33.767896,48.803432],[33.767831,48.803552],[33.766066,48.805759],[33.765989,48.805835],[33.765889,48.8059],[33.765772,48.80595],[33.765641,48.805983],[33.765504,48.805998],[33.765364,48.805994],[33.765229,48.805972],[33.765103,48.805931],[33.762824,48.805003],[33.761568,48.806574],[33.761491,48.80665],[33.761391,48.806715],[33.761274,48.806765],[33.761144,48.806798],[33.761006,48.806813],[33.760866,48.806809],[33.760731,48.806787],[33.760605,48.806746],[33.75141,48.803],[33.751346,48.802971],[33.727991,48.790806],[33.713686,48.784969],[33.711263,48.786271],[33.711146,48.786322],[33.711015,48.786356],[33.710876,48.786372],[33.710736,48.786368],[33.710599,48.786346],[33.710473,48.786305],[33.709432,48.78588],[33.697875,48.793463],[33.697824,48.793492],[33.671268,48.807753],[33.67115,48.807803],[33.671019,48.807837],[33.67088,48.807853],[33.670739,48.807849],[33.670603,48.807826],[33.670476,48.807786],[33.615792,48.78533],[33.604283,48.78744],[33.592591,48.791879],[33.592433,48.791922],[33.583085,48.793633],[33.582953,48.793648],[33.58282,48.793646],[33.58269,48.793627],[33.582567,48.793592],[33.582458,48.793542],[33.582366,48.793478],[33.58038,48.791816],[33.578552,48.792151],[33.578417,48.792167],[33.578279,48.792164],[33.578146,48.792143],[33.578021,48.792105],[33.577911,48.792051],[33.577819,48.791984],[33.577749,48.791906],[33.573875,48.78637],[33.564793,48.778764],[33.564709,48.778674],[33.557889,48.768921],[33.557844,48.768833],[33.557827,48.76874],[33.557839,48.768647],[33.558917,48.764984],[33.55715,48.762456],[33.557106,48.76237],[33.557088,48.762279],[33.557099,48.762188],[33.557137,48.7621],[33.557202,48.762019],[33.560853,48.7584],[33.562504,48.752786],[33.562543,48.752701],[33.562606,48.752623],[33.562997,48.752236],[33.563037,48.7522],[33.584757,48.734699],[33.597973,48.721583],[33.598055,48.721517],[33.598153,48.721462],[33.598266,48.721421],[33.598388,48.721394],[33.601923,48.720856],[33.602957,48.720021],[33.603059,48.719955],[33.60318,48.719904],[33.603315,48.719871],[33.686056,48.70574],[33.686073,48.705737],[33.753713,48.695372],[33.75467,48.694126],[33.754749,48.694046],[33.754851,48.693979],[33.754972,48.693927],[33.755106,48.693894],[33.759197,48.693191],[33.768455,48.681148],[33.768473,48.681125],[33.769208,48.680289],[33.769277,48.680225],[33.769361,48.680169],[33.769459,48.680125],[33.769568,48.680092],[33.774281,48.678978],[33.774527,48.678699],[33.774597,48.678634],[33.774683,48.678578],[33.774783,48.678533],[33.774893,48.6785],[33.819538,48.668266],[33.575461,48.558706],[33.572536,48.558019],[33.570364,48.559597],[33.570266,48.559656],[33.570152,48.559701],[33.570027,48.55973],[33.569896,48.559743],[33.569763,48.559739],[33.569634,48.559718],[33.566614,48.559007],[33.564441,48.560585],[33.564343,48.560644],[33.564229,48.560689],[33.564104,48.560718],[33.563973,48.560731],[33.56384,48.560727],[33.563711,48.560706],[33.526158,48.551859],[33.526135,48.551853],[33.479238,48.539498],[33.479137,48.539465],[33.479046,48.539421],[33.475833,48.537592],[33.467012,48.535505],[33.4669,48.535471],[33.466798,48.535423],[33.459736,48.5314],[33.450917,48.529313],[33.450805,48.529279],[33.450703,48.529231],[33.448493,48.527972],[33.44841,48.527916],[33.448344,48.527851],[33.448295,48.527779],[33.448266,48.527703],[33.447461,48.524407],[33.443634,48.522225],[33.443551,48.522169],[33.443485,48.522104],[33.443436,48.522032],[33.443407,48.521956],[33.442808,48.519501],[33.442799,48.519427],[33.442809,48.519353],[33.442836,48.519282],[33.445137,48.51488],[33.444023,48.510312],[33.444014,48.510238],[33.444024,48.510164],[33.444052,48.510093],[33.446352,48.505691],[33.446297,48.505468],[33.446289,48.505379],[33.446307,48.50529],[33.446352,48.505206],[33.446421,48.505129],[33.446512,48.505062],[33.446621,48.505009],[33.44673,48.504966],[33.448352,48.501862],[33.4484,48.50179],[33.448467,48.501725],[33.44855,48.501668],[33.448647,48.501622],[33.452947,48.499931],[33.482903,48.442525],[33.47084,48.423114],[33.470799,48.42302],[33.470789,48.422923],[33.470812,48.422826],[33.470865,48.422735],[33.48827,48.400562],[33.494903,48.347923],[33.499326,48.311152],[33.499351,48.311062],[33.499403,48.310977],[33.49948,48.310901],[33.499574,48.310839],[33.499631,48.310388],[33.499657,48.310296],[33.499711,48.310211],[33.499789,48.310134],[33.508695,48.303147],[33.508789,48.303087],[33.521635,48.296254],[33.521159,48.293587],[33.521157,48.293495],[33.521183,48.293404],[33.521236,48.293319],[33.521314,48.293243],[33.524123,48.291038],[33.521776,48.277896],[33.514229,48.254736],[33.514218,48.254694],[33.512395,48.244457],[33.511002,48.244009],[33.510897,48.243967],[33.510806,48.243913],[33.51073,48.243849],[33.510673,48.243777],[33.510636,48.243699],[33.509798,48.241122],[33.506214,48.239969],[33.506109,48.239927],[33.506018,48.239873],[33.505942,48.239809],[33.505885,48.239737],[33.505848,48.239659],[33.50501,48.237082],[33.504063,48.236777],[33.486615,48.233646],[33.486497,48.233617],[33.470226,48.228371],[33.470115,48.228326],[33.470019,48.228267],[33.396175,48.173751],[33.348362,48.186362],[33.348243,48.186385],[33.348119,48.186394],[33.347996,48.186387],[33.347876,48.186365],[33.347765,48.186329],[33.347665,48.186279],[33.34758,48.186219],[33.32466,48.166424],[33.324625,48.16639],[33.304529,48.145314],[33.294536,48.136668],[33.294442,48.136556],[33.291703,48.131851],[33.282387,48.122065],[33.282328,48.121987],[33.276044,48.111179],[33.270797,48.105663],[33.265762,48.10752],[33.263011,48.110994],[33.26294,48.111067],[33.262849,48.111128],[33.262742,48.111178],[33.26133,48.111698],[33.261495,48.112746],[33.261496,48.112834],[33.261471,48.112921],[33.26142,48.113003],[33.25868,48.116463],[33.25929,48.120322],[33.259291,48.12041],[33.259266,48.120497],[33.259216,48.120579],[33.258841,48.121052],[33.259756,48.123321],[33.259775,48.123391],[33.262034,48.137684],[33.262766,48.139501],[33.262787,48.139582],[33.262785,48.139665],[33.262761,48.139746],[33.262465,48.140413],[33.262785,48.14244],[33.262785,48.142533],[33.262756,48.142625],[33.246949,48.175309],[33.246898,48.175388],[33.246825,48.175459],[33.246734,48.175519],[33.246627,48.175567],[33.246508,48.1756],[33.246383,48.175618],[33.246254,48.175619],[33.246127,48.175604],[33.246007,48.175574],[33.245898,48.175528],[33.245804,48.17547],[33.245728,48.175401],[33.245673,48.175323],[33.227393,48.141448],[33.227355,48.14133],[33.221657,48.0908],[33.142511,48.08055],[33.142364,48.080519],[33.142232,48.080467],[33.137009,48.077816],[33.134126,48.077373],[33.134009,48.077347],[33.1339,48.077308],[33.133804,48.077255],[33.126755,48.07261],[33.11086,48.064536],[33.110776,48.064485],[33.065946,48.032486],[33.06105,48.029251],[33.060965,48.029182],[33.060902,48.029103],[33.060863,48.029017],[33.060803,48.02881],[33.057004,48.026094],[33.056934,48.026035],[33.05688,48.025968],[33.056843,48.025897],[33.055324,48.021857],[33.055316,48.021833],[33.043068,47.979939],[33.036936,47.963583],[33.036917,47.963499],[33.036922,47.963414],[33.036951,47.963331],[33.037003,47.963253],[33.037076,47.963183],[33.037972,47.962478],[33.037216,47.959888],[33.037204,47.959808],[33.037213,47.959728],[33.037243,47.95965],[33.037294,47.959577],[33.037364,47.959511],[33.039951,47.957474],[33.039196,47.954884],[33.039184,47.954804],[33.039193,47.954724],[33.039223,47.954646],[33.039274,47.954572],[33.039344,47.954507],[33.04102,47.953188],[33.032861,47.9247],[33.032849,47.924616],[33.03286,47.924533],[33.032894,47.924452],[33.03295,47.924378],[33.033026,47.924311],[33.033119,47.924255],[33.035786,47.92292],[33.035169,47.920765],[33.035157,47.920681],[33.035168,47.920598],[33.035202,47.920517],[33.035258,47.920442],[33.035334,47.920376],[33.035427,47.92032],[33.038094,47.918985],[33.037749,47.917782],[33.037737,47.917695],[33.03775,47.917609],[33.037788,47.917526],[33.037848,47.917449],[33.03793,47.917382],[33.038029,47.917326],[33.038143,47.917284],[33.038266,47.917258],[33.042888,47.916586],[33.049195,47.91343],[33.049318,47.913381],[33.049454,47.913351],[33.057141,47.912232],[33.063447,47.909076],[33.06357,47.909027],[33.063706,47.908997],[33.0663,47.908619],[33.067238,47.907245],[33.067293,47.90718],[33.067363,47.907121],[33.067446,47.907072],[33.072899,47.90434],[33.078211,47.896565],[33.077552,47.892297],[33.07755,47.892218],[33.07757,47.892139],[33.077609,47.892064],[33.078032,47.891444],[33.076959,47.888418],[33.076944,47.88836],[33.074278,47.871084],[33.068299,47.854208],[33.068284,47.85415],[33.065626,47.836873],[33.063436,47.830682],[33.063418,47.830581],[33.063346,47.822032],[33.059797,47.798911],[33.059794,47.798867],[33.059603,47.775576],[33.059619,47.775475],[33.059669,47.775379],[33.086782,47.737439],[32.987538,47.713711],[32.987422,47.713674],[32.987319,47.713623],[32.987232,47.71356],[32.987164,47.713488],[32.987118,47.713407],[32.987096,47.713323]]],[[[36.06002160474292,47.869987016160856],[36.07443886776834,47.85025818094811],[36.076698,47.859292],[36.108971,47.865053],[36.11721,47.879799],[36.118584,47.899606],[36.1157116368554,47.905811405617825],[36.092804,47.868317],[36.061764047357606,47.870453950461744],[36.060085,47.870009],[36.06002160474292,47.869987016160856]]],[[[34.809221,47.883521],[34.811331,47.879907],[34.816376,47.877249],[34.816463,47.877194],[34.816533,47.87713],[34.816586,47.877059],[34.818908,47.873084],[34.823951,47.870426],[34.824038,47.870371],[34.824108,47.870307],[34.824161,47.870236],[34.824394,47.869837],[34.828574,47.867987],[34.828619,47.867966],[34.860144,47.851338],[34.861458647399054,47.85075501835285],[34.842715,47.862788],[34.809616227222435,47.88477177155203],[34.809221,47.883521]]],[[[34.81053970654246,47.887694297119076],[34.814987144396206,47.896877099927856],[34.811413,47.890458],[34.81053970654246,47.887694297119076]]],[[[34.819278,48.015068],[34.822447,48.01359],[34.82899922366716,48.01258586308651],[34.819462386849665,48.017102315008025],[34.819278,48.015068]]],[[[34.82788148264452,47.90930341156152],[34.907245,47.934382],[34.907630759195676,47.93693496100063],[34.905371,47.93608],[34.905336,47.936018],[34.905282,47.935944],[34.905209,47.935879],[34.905119,47.935823],[34.905016,47.935779],[34.904903,47.935748],[34.904028,47.935572],[34.890816,47.930572],[34.89068,47.930532],[34.876094,47.927585],[34.862887,47.922581],[34.862751,47.922542],[34.848583,47.919673],[34.838543,47.913364],[34.838414,47.913301],[34.82788148264452,47.90930341156152]]],[[[34.878969573114134,48.08761103438282],[34.880458,48.082422],[34.88114935562336,48.082408835070375],[34.878969573114134,48.08761103438282]]],[[[34.890408,47.761696],[34.89279348309864,47.760840393107024],[34.89076505051792,47.77180037575595],[34.890408,47.761696]]],[[[34.89133342133088,47.80238452953911],[34.89731685429023,47.812841924041706],[34.893564,47.806969],[34.89133342133088,47.80238452953911]]],[[[34.900071,47.601273],[34.92167,47.577302],[34.925227,47.573824],[34.92529,47.573747],[34.92533,47.573662],[34.925344,47.573574],[34.925333,47.573486],[34.925279,47.573294],[34.92677582713079,47.571631867931224],[34.928223,47.574036],[34.90014388590963,47.601476601484656],[34.900071,47.601273]]],[[[34.9110362311694,47.96454376446655],[34.91167751699949,47.96371647384096],[34.911774,47.964355],[34.9110362311694,47.96454376446655]]],[[[34.92169358237404,47.75045948462712],[34.932487,47.74658],[34.940548,47.745057],[34.940666,47.745026],[34.940773,47.744981],[34.940866,47.744923],[34.940941,47.744854],[34.940995,47.744778],[34.941027,47.744695],[34.941035,47.74461],[34.941019,47.744526],[34.940718,47.74362],[34.94319166734796,47.74273124598892],[34.944336,47.746185],[34.92169358237404,47.75045948462712]]],[[[35.629110226072086,48.119656310918415],[35.674937,48.125797],[35.6877536655818,48.11912088529916],[35.673936,48.126497],[35.629110226072086,48.119656310918415]]],[[[35.960835435857,48.08317087883806],[35.96758475688834,48.0527214270653],[35.967186,48.066844],[35.964014,48.081155],[35.960835435857,48.08317087883806]]],[[[36.020966,48.007538],[36.022282444083565,48.006942311512525],[36.02744142848672,48.017297021271986],[36.020966,48.007538]]],[[[36.05957,47.870605],[36.06002160474292,47.869987016160856],[36.060085,47.870009],[36.061764047357606,47.870453950461744],[36.05957,47.870605]]],[[[36.1157116368554,47.90581140561782],[36.11578786036818,47.90564673360714],[36.115788,47.905647],[36.115711790847605,47.90581165766679],[36.1157116368554,47.90581140561782]]],[[[33.08578835584631,47.579594896157715],[33.181975840415355,47.5597566934168],[33.126769,47.572128],[33.085807,47.580061],[33.08578835584631,47.579594896157715]]],[[[33.24098302388967,47.54758674766784],[33.283024,47.538916],[33.283757932309285,47.539010318973894],[33.283417,47.539307],[33.24098302388967,47.54758674766784]]],[[[33.54935935784958,47.57314324050415],[33.562687,47.574856],[33.586011,47.561663],[33.562866,47.575348],[33.54935935784958,47.57314324050415]]],[[[33.651973076211085,47.48870907515657],[33.654388,47.486816],[33.652185,47.488714],[33.651973076211085,47.48870907515657]]],[[[33.654388,47.486816],[33.67688249506326,47.489285367144475],[33.676124,47.489268],[33.654388,47.486816]]],[[[33.89184880050177,47.512883617753225],[33.901736,47.513969],[33.973094,47.498588],[33.972473,47.498321],[33.973823,47.498901],[33.901764,47.514435],[33.89184880050177,47.512883617753225]]]]},"properties":{"name":"Ukraine-Dnepropetrovsk","zone_type":"oblast","faction":"side_a","faction_name":"Side A","faction_color":"#3b82f6","source":"bootstrap","last_updated":"2026-08-03T17:27:59Z","override":false,"id":"fmsek442f_kq8"}},{"type":"Feature","geometry":{"type":"Polygon","coordinates":[[[30.510515,51.108029],[30.511614,51.01666],[30.511629,51.016573],[30.51167,51.016489],[30.511736,51.016412],[30.511824,51.016345],[30.511932,51.016289],[30.512054,51.016248],[30.512187,51.016222],[30.512776,51.016147],[30.512823,51.014224],[30.512839,51.014138],[30.512881,51.014055],[30.512947,51.013978],[30.513035,51.013911],[30.513142,51.013857],[30.513264,51.013816],[30.513397,51.01379],[30.518268,51.013172],[30.518391,51.013163],[30.518515,51.013168],[30.528659,51.01413],[30.538729,51.012849],[30.538853,51.012841],[30.538977,51.012845],[30.549122,51.013805],[30.566907,51.01154],[30.586122,51.006817],[30.58624,51.006795],[30.606457,51.004213],[30.617605,51.001469],[30.631089,50.994403],[30.641911,50.985831],[30.642013,50.985765],[30.645508,50.983933],[30.646833,50.981958],[30.646932,50.981853],[30.655144,50.975344],[30.659374,50.969035],[30.652227,50.895016],[30.652231,50.894935],[30.652258,50.894856],[30.652307,50.894781],[30.652376,50.894713],[30.652464,50.894654],[30.652567,50.894605],[30.775226,50.847173],[30.770783,50.811264],[30.73697,50.760367],[30.73693,50.760288],[30.736914,50.760207],[30.736923,50.760124],[30.736954,50.760044],[30.737008,50.759969],[30.737083,50.759902],[30.737176,50.759844],[30.746011,50.755297],[30.746132,50.755247],[30.746266,50.755213],[30.746409,50.755198],[30.746553,50.7552],[30.789395,50.758779],[30.835907,50.736641],[30.836022,50.736596],[30.836148,50.736566],[30.836281,50.736552],[30.836415,50.736553],[30.836547,50.736571],[30.836671,50.736604],[30.836783,50.736652],[30.871913,50.754792],[30.930684,50.746022],[30.930819,50.746011],[30.930956,50.746016],[30.931089,50.746037],[30.931213,50.746074],[30.93487,50.747463],[30.938622,50.747025],[30.938765,50.747017],[30.938908,50.747029],[30.939045,50.747058],[30.939169,50.747103],[30.963673,50.758386],[31.088983,50.766794],[31.102265,50.750949],[31.102311,50.750902],[31.109339,50.744548],[31.109298,50.742672],[31.109307,50.742597],[31.109335,50.742524],[31.109381,50.742455],[31.11277,50.73841],[31.112731,50.736611],[31.109369,50.727026],[31.109352,50.726944],[31.10936,50.726861],[31.109391,50.726781],[31.109446,50.726705],[31.109521,50.726637],[31.109615,50.72658],[31.109724,50.726534],[31.109845,50.726501],[31.112498,50.725961],[31.112455,50.723959],[31.112469,50.723864],[31.112514,50.723773],[31.112588,50.723691],[31.112688,50.72362],[31.11281,50.723563],[31.112948,50.723525],[31.125944,50.720882],[31.125966,50.720878],[31.154568,50.715696],[31.158191,50.70631],[31.158393,50.701952],[31.158416,50.701851],[31.158474,50.701756],[31.158565,50.701672],[31.160544,50.700214],[31.161511,50.697708],[31.161566,50.697614],[31.161653,50.697529],[31.209735,50.660523],[31.217781,50.623047],[31.188872,50.60746],[31.188763,50.607386],[31.188683,50.607299],[31.188635,50.607203],[31.188608,50.607114],[31.184443,50.604838],[31.184336,50.604765],[31.184257,50.604678],[31.18421,50.604583],[31.182655,50.59951],[31.182644,50.599387],[31.183724,50.591185],[31.181815,50.584955],[31.181802,50.58487],[31.181815,50.584784],[31.181852,50.584702],[31.181914,50.584626],[31.181998,50.584558],[31.184846,50.582664],[31.184902,50.582238],[31.184923,50.582161],[31.184964,50.582088],[31.185025,50.58202],[31.185103,50.58196],[31.214003,50.563253],[31.214109,50.563197],[31.214231,50.563154],[31.214363,50.563128],[31.257749,50.557363],[31.26152,50.541093],[31.26154,50.541034],[31.268504,50.525687],[31.268551,50.525611],[31.268619,50.525541],[31.268706,50.52548],[31.273565,50.52265],[31.274483,50.520627],[31.274531,50.520549],[31.274602,50.520477],[31.274693,50.520416],[31.2748,50.520366],[31.27492,50.52033],[31.279288,50.519316],[31.280116,50.518833],[31.280226,50.518781],[31.280349,50.518743],[31.280481,50.518721],[31.282949,50.518467],[31.300426,50.51441],[31.300556,50.514388],[31.318916,50.51249],[31.32878,50.510197],[31.328956,50.510171],[31.358568,50.50838],[31.410453,50.50298],[31.410499,50.502976],[31.462838,50.499766],[31.462987,50.499767],[31.463133,50.499788],[31.463268,50.499828],[31.463388,50.499885],[31.492017,50.516822],[31.56708,50.508651],[31.56724,50.508645],[31.567398,50.508662],[31.585483,50.512007],[31.585644,50.512051],[31.597888,50.51663],[31.61157,50.519156],[31.611731,50.5192],[31.612905,50.519638],[31.612974,50.519668],[31.636915,50.53121],[31.662868,50.540892],[31.662937,50.540922],[31.686749,50.552378],[31.748434,50.552742],[31.748575,50.552752],[31.74871,50.55278],[31.748833,50.552823],[31.748941,50.552882],[31.780924,50.574214],[31.780998,50.574273],[31.781056,50.574339],[31.781096,50.574411],[31.79617,50.611145],[31.847244,50.623407],[31.953381,50.554221],[31.95347,50.554172],[31.953572,50.554133],[31.953682,50.554105],[31.955169,50.553817],[31.960195,50.550568],[31.960284,50.550519],[31.960385,50.55048],[31.960494,50.550453],[31.975469,50.547552],[31.97551,50.547545],[32.031782,50.538928],[32.027769,50.504478],[32.001757,50.501289],[31.99296,50.500875],[31.992816,50.500859],[31.99268,50.500824],[31.992558,50.500772],[31.992456,50.500705],[31.992378,50.500626],[31.991958,50.500085],[31.991626,50.500045],[31.991485,50.500017],[31.991356,50.499972],[31.991245,50.499911],[31.991156,50.499836],[31.973304,50.481115],[31.973274,50.481081],[31.972391,50.479941],[31.972345,50.479865],[31.972322,50.479784],[31.972321,50.479703],[31.972344,50.479622],[31.973693,50.476516],[31.972938,50.475541],[31.972889,50.475458],[31.972867,50.47537],[31.972872,50.475281],[31.972904,50.475195],[31.972962,50.475115],[31.973044,50.475043],[31.974913,50.473708],[31.976614,50.46979],[31.976657,50.469716],[31.97672,50.469648],[31.976801,50.469589],[32.006912,50.45083],[32.014625,50.422714],[32.014665,50.422623],[32.014735,50.422539],[32.01483,50.422467],[32.014947,50.422409],[32.015081,50.422368],[32.0884,50.405501],[32.07964,50.396956],[32.079572,50.396872],[32.073532,50.386869],[32.070442,50.383852],[32.070374,50.383768],[32.070336,50.383678],[32.070328,50.383584],[32.07035,50.383491],[32.070403,50.383403],[32.070483,50.383324],[32.071098,50.382837],[32.069785,50.38066],[32.069747,50.38057],[32.069739,50.380476],[32.069761,50.380384],[32.069814,50.380296],[32.069894,50.380217],[32.072205,50.378384],[32.072065,50.378153],[32.072029,50.378069],[32.072018,50.377982],[32.072034,50.377896],[32.072076,50.377813],[32.072142,50.377737],[32.072229,50.37767],[32.072336,50.377615],[32.074114,50.376869],[32.078246,50.373589],[32.078329,50.373534],[32.078426,50.373488],[32.138232,50.349923],[32.137026,50.348225],[32.136981,50.348139],[32.136964,50.348049],[32.136975,50.347959],[32.137014,50.347872],[32.137079,50.347792],[32.137168,50.347722],[32.137277,50.347665],[32.137317,50.347648],[32.137438,50.347607],[32.137568,50.347581],[32.137704,50.347572],[32.13784,50.34758],[32.137971,50.347605],[32.138092,50.347645],[32.138199,50.347699],[32.138287,50.347766],[32.138354,50.347842],[32.139564,50.34961],[32.216776,50.343333],[32.216807,50.343331],[32.223767,50.342963],[32.223897,50.342964],[32.224024,50.34298],[32.224144,50.34301],[32.224254,50.343054],[32.224349,50.343111],[32.227047,50.345028],[32.231115,50.344813],[32.231244,50.344814],[32.231372,50.34483],[32.231492,50.34486],[32.231602,50.344904],[32.231697,50.344961],[32.235635,50.34776],[32.235655,50.347774],[32.288689,50.388778],[32.32086,50.396036],[32.320927,50.396054],[32.350404,50.404953],[32.355032,50.403843],[32.35515,50.403822],[32.355273,50.403814],[32.355396,50.40382],[32.355515,50.40384],[32.360399,50.404939],[32.365271,50.403771],[32.365389,50.40375],[32.365512,50.403742],[32.365634,50.403748],[32.365754,50.403768],[32.370638,50.404866],[32.386467,50.401067],[32.398616,50.395781],[32.398765,50.395731],[32.412623,50.392401],[32.412748,50.392379],[32.412877,50.392372],[32.413005,50.39238],[32.413129,50.392403],[32.460942,50.404341],[32.460986,50.404353],[32.462677,50.404863],[32.462689,50.40486],[32.462827,50.404849],[32.462967,50.404856],[32.463101,50.40488],[32.465891,50.405576],[32.467481,50.403958],[32.467566,50.403888],[32.467672,50.40383],[32.467793,50.403786],[32.467925,50.403758],[32.468063,50.403747],[32.468202,50.403754],[32.468336,50.403778],[32.469731,50.404126],[32.484535,50.386608],[32.484558,50.386582],[32.497785,50.373113],[32.497872,50.373042],[32.497979,50.372983],[32.498103,50.372939],[32.500672,50.372229],[32.502583,50.369965],[32.50266,50.369892],[32.502756,50.369831],[32.50287,50.369782],[32.502996,50.369748],[32.526098,50.365201],[32.526264,50.365182],[32.569904,50.363529],[32.569961,50.363528],[32.613615,50.364093],[32.657225,50.362407],[32.657282,50.362406],[32.67311,50.3626],[32.674307,50.361852],[32.674404,50.361801],[32.674514,50.361762],[32.674633,50.361736],[32.674757,50.361724],[32.679835,50.361526],[32.683461,50.35926],[32.683558,50.359209],[32.683668,50.35917],[32.683787,50.359144],[32.683911,50.359132],[32.688988,50.358933],[32.690455,50.358016],[32.690553,50.357965],[32.690664,50.357926],[32.690784,50.3579],[32.690909,50.357888],[32.691036,50.357891],[32.69116,50.357908],[32.695073,50.358695],[32.704718,50.358317],[32.704847,50.35832],[32.704973,50.358337],[32.714156,50.360181],[32.723801,50.359801],[32.723929,50.359804],[32.724056,50.359821],[32.730594,50.361133],[32.730727,50.361169],[32.745753,50.366521],[32.762218,50.369819],[32.76235,50.369855],[32.777385,50.375203],[32.793855,50.378496],[32.793987,50.378532],[32.809029,50.383875],[32.821602,50.386385],[32.847976,50.389303],[32.848066,50.389317],[32.873623,50.394407],[32.873742,50.394438],[32.87385,50.394483],[32.873943,50.394539],[32.874019,50.394606],[32.90639,50.42917],[32.982956,50.466603],[32.982976,50.466613],[33.011378,50.481548],[33.011469,50.481606],[33.011542,50.481673],[33.0164,50.487105],[33.024004,50.491099],[33.024095,50.491157],[33.024168,50.491223],[33.024765,50.49189],[33.024804,50.491942],[33.03549,50.508435],[33.049384,50.523944],[33.049423,50.523995],[33.0603825761396,50.54086926802447],[33.059747,50.54097],[33.05949,50.540684],[33.072898,50.561318],[33.085333,50.58635],[33.095459,50.601898],[33.096217,50.608228],[33.100917,50.617668],[33.100917,50.617669],[33.103413,50.638472],[33.101834,50.655061],[33.102544,50.660966],[33.124054,50.675537],[33.124573,50.678296],[33.126679,50.679688],[33.130554,50.710083],[33.15678,50.733768],[33.166057,50.743706],[33.163653,50.745569],[33.165571,50.747624],[33.150633,50.759199],[33.12854,50.772766],[33.122498,50.813446],[33.149755,50.883513],[33.183929,50.917542],[33.186584,50.961945],[33.15506,50.989471],[33.157379,51.000244],[33.206879,51.04834],[33.178497,51.060272],[33.143983,51.027543],[33.083832,51.03241],[33.049227,51.046947],[33.050245,51.049204],[33.048893,51.049772],[33.051701,51.052434],[33.054915,51.05956],[33.06144,51.065741],[33.064243,51.071951],[33.06172,51.07464],[33.062439,51.076233],[33.060236,51.07622],[33.058563,51.078003],[33.021149,51.075989],[32.941376,51.103699],[32.970398,51.139801],[32.967468,51.182129],[33.027679,51.19809],[33.033234,51.23349],[33.047857,51.239591],[33.060149,51.247414],[33.066693,51.250141],[33.066837,51.251669],[33.070682,51.254114],[33.073608,51.285065],[33.070548,51.287868],[33.070648,51.291077],[33.049377,51.307251],[33.055145,51.335938],[33.052454,51.336622],[33.052673,51.338715],[33.044818,51.340969],[33.025445,51.345889],[33.024897,51.346684],[33.020013,51.348085],[33.018308,51.35056],[33.002488,51.379539],[33.004542,51.383493],[33.01109,51.388774],[33.011186,51.388958],[33.011331,51.388968],[33.014366,51.391415],[33.019343,51.391745],[33.021039,51.393112],[33.022505,51.391955],[33.026729,51.392235],[33.029354,51.390164],[33.033578,51.390444],[33.042152,51.383676],[33.059189,51.369593],[33.063255,51.369951],[33.06572,51.367913],[33.107946,51.371621],[33.11087,51.371979],[33.111783,51.374212],[33.115204,51.374512],[33.123936,51.403927],[33.130249,51.419342],[33.129089,51.421258],[33.129944,51.424133],[33.108185,51.45575],[33.130859,51.479736],[33.127593,51.501269],[33.126494,51.504668],[33.127097,51.504538],[33.126727,51.506977],[33.130491,51.506168],[33.130373,51.506944],[33.164262,51.4989],[33.165955,51.498535],[33.168347,51.500316],[33.169678,51.5],[33.172573,51.503462],[33.183406,51.511521],[33.183948,51.512169],[33.181807,51.514495],[33.183787,51.516861],[33.170972,51.530774],[33.152557,51.546234],[33.157532,51.568604],[33.180511,51.573944],[33.178948,51.575707],[33.181915,51.576691],[33.167978,51.588077],[33.165591,51.590768],[33.15799,51.634613],[33.156843,51.635765],[33.156433,51.638855],[33.134888,51.657806],[33.153198,51.693085],[33.091583,51.733582],[33.062042,51.792908],[33.088898,51.835693],[33.102594,51.842063],[33.113761,51.850063],[33.11848,51.852255],[33.120178,51.854658],[33.128252,51.860437],[33.133187,51.867414],[33.141266,51.873193],[33.145145,51.878673],[33.150034,51.879462],[33.154206,51.882444],[33.160429,51.883447],[33.166526,51.887803],[33.165547,51.890548],[33.167664,51.892059],[33.160675,51.904205],[33.225067,51.905701],[33.286835,51.933014],[33.366242,51.946686],[33.377045,51.958466],[33.359966,51.987127],[33.361199,51.991592],[33.360584,51.992623],[33.361757,51.99361],[33.36313,51.998581],[33.36798,52.002662],[33.374056,52.02462],[33.379272,52.056885],[33.387949,52.053012],[33.398268,52.051167],[33.406941,52.047293],[33.409486,52.046837],[33.418411,52.047561],[33.427063,52.046011],[33.435989,52.046734],[33.443543,52.04538],[33.447846,52.047693],[33.454382,52.048221],[33.459312,52.050869],[33.462429,52.051121],[33.464212,52.053501],[33.470974,52.057132],[33.474716,52.062124],[33.481481,52.065755],[33.482939,52.067699],[33.482292,52.072227],[33.485389,52.076355],[33.485012,52.079],[33.481174,52.080057],[33.48081,52.082602],[33.476972,52.083659],[33.476898,52.084177],[33.474778,52.084263],[33.465259,52.086884],[33.454842,52.087306],[33.446597,52.089574],[33.398902,52.124009],[33.378662,52.139954],[33.375897,52.140596],[33.373993,52.141968],[33.330215,52.151941],[33.329681,52.154441],[33.329365,52.154513],[33.328776,52.158674],[33.328776,52.158675],[33.317841,52.209808],[33.355587,52.244761],[33.359764,52.249117],[33.366772,52.266119],[33.39077,52.316122],[33.391228,52.316042],[33.387022,52.316777],[33.384962,52.318719],[33.370886,52.327169],[33.35638,52.327799],[33.352261,52.326592],[33.342733,52.320609],[33.331661,52.321239],[33.320332,52.321186],[33.30677,52.315643],[33.285828,52.308713],[33.254242,52.304303],[33.213043,52.313333],[33.182487,52.327609],[33.169441,52.338943],[33.152618,52.337474],[33.142867,52.344011],[33.07927,52.306011],[33.030042,52.304038],[33.029889,52.304021],[33.029745,52.303986],[33.029616,52.303933],[32.908873,52.24163],[32.844493,52.262726],[32.844351,52.262761],[32.844199,52.262778],[32.844045,52.262774],[32.725537,52.252541],[32.528757,52.31659],[32.528623,52.316624],[32.528481,52.316641],[32.528336,52.31664],[32.528195,52.316623],[32.480582,52.307604],[32.394513,52.327203],[32.39438,52.327225],[32.394243,52.327232],[32.394106,52.327222],[32.355865309870424,52.3223206239322],[32.374649,52.278337],[32.393188,52.28296],[32.389755,52.269089],[32.406921,52.243018],[32.357483,52.235867],[32.334824,52.218194],[32.353363,52.188303],[32.34375,52.166398],[32.373962,52.154177],[32.354736,52.135634],[32.33139,52.132683],[32.307358,52.116234],[32.264099,52.088385],[32.24968,52.081631],[32.221527,52.082898],[32.221968795481445,52.08420163770085],[32.095426,52.041171],[31.980615,52.048055],[31.980493,52.048056],[31.980373,52.048044],[31.980257,52.04802],[31.910434,52.02956],[31.892712,52.03643],[31.882776,52.08645],[31.88275,52.086526],[31.882703,52.086598],[31.882636,52.086665],[31.882551,52.086723],[31.859205,52.100182],[31.859093,52.100235],[31.858966,52.100274],[31.858829,52.100297],[31.858688,52.100304],[31.649995,52.097283],[31.474993,52.118208],[31.47485,52.118217],[31.383068,52.117912],[31.382927,52.117903],[31.382792,52.117878],[31.324064133909815,52.102953197458106],[31.319275,52.093071],[31.312408,52.087584],[31.322021,52.083152],[31.293869,52.050424],[31.2537,52.04303],[31.251099763447478,52.04463011320538],[31.246313817309275,52.04334710972022],[31.2461261248638,52.043394898508886],[31.245939908324484,52.043344978144304],[31.217308,52.050635],[31.209412,52.062884],[31.216621,52.070274],[31.191559,52.074074],[31.158257,52.078507],[31.14521,52.092648],[31.139374,52.102565],[31.102295,52.088428],[31.078262,52.090116],[31.060753,52.085684],[31.023331,52.08104],[30.994492,52.074708],[30.957413,52.079563],[30.94592789593636,52.07064217187239],[30.9457325889919,52.07063539053627],[30.945611197728194,52.070541102077364],[30.94150132454379,52.07039840142307],[30.942841981464753,52.065312672125614],[30.94986,52.060585],[30.94883,52.044744],[30.937843,52.040307],[30.941963,52.033335],[30.9478,52.01833],[30.94447330310433,52.0134832836092],[30.949323,52.00677],[30.945005,52.000449],[30.940789,51.994276],[30.931191260840468,51.99526048470121],[30.902138,51.965877],[30.871582,51.956565],[30.86060023720773,51.96118832525625],[30.857505,51.957946],[30.802705,51.939512],[30.802594,51.939465],[30.802498,51.939407],[30.802421,51.939339],[30.802366,51.939264],[30.802334,51.939184],[30.802326,51.939101],[30.802343,51.939019],[30.809806,51.918474],[30.78778,51.901033],[30.741584,51.898336],[30.741452,51.89832],[30.741326,51.89829],[30.741212,51.898246],[30.741113,51.89819],[30.741032,51.898123],[30.740972,51.898049],[30.740936,51.897969],[30.733845,51.873913],[30.665758,51.822673],[30.665681,51.822601],[30.665627,51.822522],[30.665598,51.822438],[30.665596,51.822351],[30.669793,51.790712],[30.617663,51.761656],[30.617564,51.761588],[30.617489,51.76151],[30.617441,51.761423],[30.617423,51.761333],[30.617434,51.761242],[30.617475,51.761154],[30.617544,51.761073],[30.617638,51.761003],[30.617753,51.760945],[30.617884,51.760903],[30.645293,51.754246],[30.624388,51.706476],[30.570166,51.700332],[30.570028,51.700308],[30.5699,51.700267],[30.569788,51.700211],[30.569696,51.700142],[30.569628,51.700064],[30.569586,51.699979],[30.569571,51.69989],[30.569572,51.651645],[30.554745,51.640019],[30.554674,51.639951],[30.554623,51.639877],[30.554595,51.639798],[30.554589,51.639718],[30.555868,51.623808],[30.514663,51.604024],[30.514558,51.603962],[30.514475,51.603888],[30.514417,51.603806],[30.514386,51.603718],[30.514385,51.603628],[30.514412,51.60354],[30.514467,51.603456],[30.514548,51.603382],[30.542226,51.582548],[30.521945,51.562957],[30.521877,51.562875],[30.521839,51.562785],[30.52183,51.562693],[30.521853,51.562601],[30.521905,51.562514],[30.521984,51.562436],[30.522088,51.56237],[30.522212,51.562318],[30.582969,51.54207],[30.562258,51.522002],[30.562192,51.521921],[30.562153,51.521833],[30.562144,51.521742],[30.562164,51.521652],[30.562213,51.521567],[30.562288,51.521489],[30.562387,51.521422],[30.584691,51.509152],[30.588178,51.481775],[30.588205,51.481686],[30.58826,51.481601],[30.588341,51.481525],[30.588445,51.481461],[30.61698,51.467143],[30.585576,51.4522],[30.585474,51.452141],[30.585392,51.452071],[30.585333,51.451993],[30.5853,51.451908],[30.585293,51.451822],[30.587155,51.427317],[30.587173,51.427236],[30.587214,51.427158],[30.587278,51.427086],[30.587361,51.427023],[30.587461,51.42697],[30.587575,51.426929],[30.617572,51.418371],[30.643695,51.372748],[30.631876,51.364372],[30.631787,51.364294],[30.631727,51.364206],[30.631698,51.364112],[30.631702,51.364017],[30.637543,51.336025],[30.579434,51.303987],[30.579318,51.303905],[30.579237,51.303808],[30.558668,51.269476],[30.558636,51.269407],[30.558623,51.269336],[30.557033,51.244233],[30.5542,51.242847],[30.554088,51.24278],[30.554003,51.242698],[30.553947,51.242607],[30.553924,51.242511],[30.553413,51.234648],[30.550182,51.233836],[30.55006,51.233797],[30.549952,51.233744],[30.549862,51.233678],[30.549794,51.233604],[30.54975,51.233522],[30.549731,51.233437],[30.549596,51.231346],[30.532457,51.229373],[30.53232,51.229348],[30.515616,51.225148],[30.515489,51.225106],[30.515377,51.22505],[30.515286,51.22498],[30.515219,51.224901],[30.515178,51.224814],[30.515166,51.224724],[30.515183,51.224635],[30.530656,51.180257],[30.510526,51.108109],[30.510515,51.108029]]]},"properties":{"name":"Ukraine-Chernigov","zone_type":"oblast","faction":"side_a","faction_name":"Side A","faction_color":"#3b82f6","source":"bootstrap","last_updated":"2026-08-04T11:15:11Z","override":false,"id":"fmsek442f_ls9"}},{"type":"Feature","geometry":{"type":"MultiPolygon","coordinates":[[[[31.504395,46.373352],[31.521973,46.313202],[31.580322,46.262756],[31.737152,46.220764],[32.16626,46.149353],[32.153076,46.155975],[32.070801,46.182434],[31.618164,46.259216],[31.554367,46.296326],[31.521973,46.368469],[31.504395,46.373352]]],[[[31.507647,46.587564],[31.507666,46.587476],[31.50771,46.587393],[31.510488670156203,46.58335648710071],[31.510812731802687,46.58267545017964],[31.51081625263931,46.58267033555408],[31.510829809493213,46.58265487591395],[31.51084758511448,46.582641588412486],[31.510868863401353,46.582631008342695],[31.5108927871472,46.5826235619272],[31.510918392573306,46.58261954914788],[31.51094464815474,46.58261913166115],[31.51097049617518,46.582622326285616],[31.51097507890406,46.58262358057633],[31.521664,46.56016],[31.556854,46.532521],[31.602259,46.509503],[31.632042,46.490057],[31.659679,46.468593],[31.686287,46.420834],[31.765594,46.360914],[31.789284,46.373475],[31.70414,46.471953],[31.730576,46.484016],[31.80542,46.476921],[31.816061,46.482579],[31.816184,46.482558],[31.81631,46.482553],[31.816435,46.482565],[31.816555,46.482593],[31.816665,46.482637],[31.81676,46.482694],[31.816837,46.482763],[31.816939170808396,46.482875188232214],[31.821435,46.481751],[31.910645,46.455872],[32.007812,46.448944],[32.061859,46.393768],[32.029633,46.388977],[31.968262,46.351044],[31.892578,46.341125],[31.816742,46.347961],[31.779953,46.331757],[31.767334,46.318176],[31.772461,46.302673],[31.819183,46.280579],[31.882324,46.279114],[31.885734,46.319913],[31.885857,46.319953],[32.018066,46.257507],[32.05014,46.266052],[32.128662,46.209686],[32.213135,46.193054],[32.262686,46.203209],[32.26545,46.200644],[32.241943,46.176636],[32.267731,46.126587],[32.503418,46.076111],[32.543701,46.080444],[32.588226,46.10437],[32.766266,46.135681],[32.913086,46.115173],[33.018219,46.127655],[33.032471,46.140991],[33.023856,46.168524],[33.025226,46.169251],[33.122894,46.135864],[33.175049,46.153137],[33.224084,46.210863],[33.2319,46.208903],[33.2146,46.128235],[33.315674,46.130981],[33.317718,46.11969],[33.290283,46.094696],[33.310791,46.08728],[33.331055,46.107483],[33.357758,46.103821],[33.423828,46.053284],[33.516266,46.046326],[33.495758,46.067841],[33.505615,46.080261],[33.557861,46.08728],[33.53125,46.106873],[33.549805,46.136414],[33.596527,46.155731],[33.620396,46.136311],[33.636875,46.141069],[33.614044,46.226165],[33.647003,46.230203],[33.739357,46.185298],[33.799095,46.20431],[33.838921,46.200983],[33.841587,46.199741],[33.849073,46.198934],[33.865096,46.191467],[34.001312,46.125129],[34.053841,46.108707],[34.072723,46.117276],[34.077195,46.116277],[34.080276,46.117276],[34.124908,46.105613],[34.18293,46.067038],[34.248848,46.052982],[34.347038,46.055603],[34.468746,45.946375],[34.509602,45.946734],[34.563332,45.99398],[34.633713,45.984677],[34.754391,45.908764],[34.802284,45.900641],[34.799023,45.810495],[34.959698,45.756505],[34.97755,45.762853],[34.874359,45.926086],[34.824219,46.077942],[34.812256,46.176636],[34.835114,46.203186],[34.882172,46.221741],[34.893555,46.25177],[34.904785,46.255676],[34.926514,46.235046],[35.030762,46.25177],[35.105042,46.295044],[35.059631,46.306],[35.060089,46.38443],[35.035227,46.449514],[35.028454,46.465097],[35.024471,46.466437],[35.023346,46.469025],[35.014874,46.469664],[35.00627,46.472557],[34.996784,46.473272],[34.988178,46.476163],[34.986221,46.476311],[34.981223,46.478499],[34.955424,46.487159],[34.931192,46.497757],[34.9245,46.5],[34.920262,46.499902],[34.918152,46.500824],[34.890953,46.501455],[34.860737,46.50074],[34.860192,46.502159],[34.856788,46.502237],[34.854946,46.507028],[34.856627,46.511434],[34.856251,46.512411],[34.858626,46.516673],[34.866303,46.536774],[34.857636,46.541717],[34.766998,46.544983],[34.72401,46.596717],[34.744354,46.629852],[34.743702,46.631663],[34.744965,46.633575],[34.732666,46.662292],[34.629211,46.69278],[34.637116,46.717896],[34.678741,46.721069],[34.680052,46.721861],[34.68338,46.722168],[34.709367,46.739568],[34.717957,46.744751],[34.718706,46.745815],[34.721039,46.747375],[34.72309,46.752039],[34.732284,46.765087],[34.738398,46.778972],[34.738399,46.778972],[34.74081,46.78239],[34.741126,46.785163],[34.745592,46.795295],[34.7468,46.805874],[34.749693,46.812431],[34.771566,46.819545],[34.794556,46.828337],[34.795038,46.831106],[34.796661,46.831726],[34.795734,46.835093],[34.796509,46.839539],[34.792313,46.84751],[34.788486,46.861395],[34.788021,46.862279],[34.783641,46.863977],[34.781949,46.867189],[34.749077,46.879924],[34.74786,46.882328],[34.743525,46.88403],[34.721985,46.926514],[34.718289,46.927556],[34.717804,46.928497],[34.614899,46.956665],[34.595062,46.994812],[34.593669,46.995375],[34.592102,46.99823],[34.56134,47.010906],[34.540436,47.099701],[34.508668,47.11567],[34.501293,47.135589],[34.498779,47.145269],[34.492187,47.215179],[34.496447,47.22918],[34.504578,47.246521],[34.50242,47.24879],[34.503021,47.250763],[34.495629,47.255929],[34.486553,47.265466],[34.479652,47.270285],[34.479949,47.272403],[34.477033,47.275466],[34.47774,47.280509],[34.481741,47.285168],[34.482497,47.29055],[34.486086,47.294728],[34.494103,47.299556],[34.499491,47.305825],[34.507511,47.310652],[34.507927,47.311135],[34.504131,47.311221],[34.506016,47.313412],[34.492166,47.313724],[34.428558,47.312897],[34.390891,47.275231],[34.376037,47.277438],[34.352461,47.280498],[34.346054,47.279059],[34.340454,47.279785],[34.304748,47.269775],[34.221442,47.441774],[34.135895,47.424539],[34.05899,47.427327],[34.036331,47.410594],[33.998566,47.318932],[33.995132,47.289574],[33.977966,47.247172],[33.964233,47.216386],[33.929901,47.190266],[33.896942,47.160381],[33.85437,47.149637],[33.84613,47.13844],[33.817978,47.084692],[33.760986,47.046339],[33.694382,46.992497],[33.675842,46.916084],[33.63945,46.910938],[33.623657,46.866355],[33.573532,46.826435],[33.479462,46.823615],[33.454742,46.815623],[33.384018,46.773297],[33.370285,46.785528],[33.374794,46.781512],[33.370113,46.778623],[33.355291,46.778388],[33.335781,46.779505],[33.318143,46.774941],[33.301663,46.774177],[33.292265,46.778411],[33.281536,46.783997],[33.260336,46.782057],[33.231325,46.785858],[33.211927,46.782859],[33.206005,46.787445],[33.200426,46.787739],[33.185492,46.787974],[33.161116,46.786798],[33.152962,46.78415],[33.137512,46.78368],[33.083611,46.761583],[33.033142,46.741353],[32.983704,46.740411],[32.927055,46.73382],[32.895813,46.721342],[32.833157,46.687287],[32.774667,46.669266],[32.721577,46.670091],[32.687244,46.662077],[32.656174,46.648647],[32.638711,46.638932],[32.637291,46.636738],[32.624245,46.628012],[32.61412156569857,46.62190191806746],[32.616177,46.617868],[32.600727,46.606661],[32.583046,46.595451],[32.55661,46.597103],[32.534981,46.592855],[32.52342358873461,46.59186240503503],[32.52342068333179,46.591866733986606],[32.52340497879302,46.59188138617007],[32.52338530343633,46.591893565835626],[32.5233624628714,46.59190277428405],[32.52333739230966,46.59190863447307],[32.52331111827157,46.59191090645564],[32.52328471655496,46.59190949720477],[32.523046025680586,46.59187982356094],[32.52301995821305,46.59186531596461],[32.523001140826366,46.591852465550815],[32.5229864813771,46.591837271384065],[32.52297658226818,46.59182035784435],[32.52297185028269,46.5918024199659],[32.52297247986848,46.59178419487579],[32.52297406142531,46.59177948532593],[32.507172,46.589815],[32.479534,46.571881],[32.439022,46.555591],[32.416878,46.559015],[32.387524,46.546615],[32.364349,46.546036],[32.351303,46.536113],[32.333107,46.533632],[32.315769,46.535759],[32.301178,46.534932],[32.291908,46.539184],[32.286243,46.536467],[32.284355,46.518545],[32.269936,46.503417],[32.22275263997117,46.49495047486191],[32.22274608065172,46.49496413821158],[32.22273379905203,46.49497919883887],[32.22271756155603,46.49499236541375],[32.22269796709758,46.4950031522738],[32.22264954642842,46.49502491302963],[32.222478763277294,46.49499426786263],[32.221527,46.495422],[32.111664,46.512421],[32.033447,46.506287],[31.852391773855835,46.52188647545767],[31.852399,46.521941],[31.852389,46.522024],[31.852355,46.522104],[31.852301,46.522179],[31.852228,46.522245],[31.852138,46.522302],[31.852035,46.522345],[31.756637,46.554664],[31.756487,46.554699],[31.756329,46.554709],[31.566898,46.550809],[31.51053807438284,46.58677150171878],[31.508492635119897,46.58809452178198],[31.50848757104056,46.58809718381961],[31.50848277067312,46.58810029065315],[31.5084768736974,46.58810280709683],[31.50847155235586,46.58810560436805],[31.508466007201815,46.58810744420528],[31.508460602874298,46.58810975041756],[31.508453877468423,46.5881114687513],[31.508447649161514,46.58811353525169],[31.50844188982387,46.588114531579954],[31.50843623044888,46.58811597754285],[31.50843604794871,46.58811600992191],[31.50842924234399,46.5881167465163],[31.50840949038813,46.588118813733026],[31.508383000501464,46.58811786793719],[31.508357332361243,46.58811327071636],[31.508333540628502,46.58810521096275],[31.508312602864734,46.588094019838195],[31.508295379365208,46.5880801571671],[31.50828257781078,46.58806419254274],[31.50827472419077,46.58804678192356],[31.50827288932341,46.58803389505418],[31.508147,46.588022],[31.508025,46.587993],[31.507914,46.587948],[31.507818,46.587889],[31.507741,46.587818],[31.507686,46.587738],[31.507654,46.587652],[31.507647,46.587564]]],[[[32.619385,46.059998],[33.040039,46.012146],[33.057465,46.025208],[33.045075,46.037903],[32.999359,46.035278],[32.978668,46.053284],[32.913574,46.038788],[32.881683,46.055389],[32.783203,46.046326],[32.639313,46.059998],[32.619385,46.059998]]],[[[34.982086,46.07782],[35.038574,46.08606],[35.161774,46.128235],[35.279511,46.255127],[35.267578,46.259735],[35.267406,46.259538],[35.200439,46.182983],[35.044434,46.141907],[35.049072,46.13205],[34.982086,46.07782]]]]},"properties":{"name":"Russia-Kherson","zone_type":"oblast","faction":"side_b","faction_name":"Side B","faction_color":"#ef4444","source":"bootstrap","last_updated":"2026-08-03T17:33:06Z","override":false,"id":"fmsek442f_mdp"}},{"type":"Feature","geometry":{"type":"Polygon","coordinates":[[[36.577455,48.079083],[36.578266167401914,48.078990802452545],[36.578808,48.078785],[36.578868339101696,48.07892235942373],[36.593582,48.07725],[36.595421,48.077517],[36.595556,48.077547],[36.59568,48.077595],[36.595785,48.07766],[36.595867,48.077738],[36.596013,48.077915],[36.604387,48.078816],[36.604423,48.078821],[36.664976,48.087569],[36.68226,48.081602],[36.682365,48.081572],[36.701078,48.0776],[36.718519,48.07157],[36.718625,48.07154],[36.719293,48.071399],[36.719391,48.071315],[36.719492,48.071245],[36.719613,48.071192],[36.726568,48.068786],[36.731356,48.064675],[36.731457,48.064605],[36.731578,48.064552],[36.738532,48.062144],[36.743318,48.058033],[36.743419,48.057963],[36.74354,48.05791],[36.750492,48.055502],[36.752019,48.05419],[36.752114,48.054124],[36.752227,48.054072],[36.752354,48.054036],[36.758127,48.052858],[36.774403,48.047218],[36.774516,48.047187],[36.792041,48.043604],[36.808311,48.037959],[36.808424,48.037928],[36.826686,48.034188],[36.82681,48.034171],[36.826936,48.03417],[36.827061,48.034184],[36.827179,48.034214],[36.827287,48.034258],[36.830301,48.035771],[36.833969,48.035019],[36.834093,48.035002],[36.834219,48.035001],[36.834344,48.035015],[36.834462,48.035045],[36.83457,48.035089],[36.837584,48.036602],[36.837902,48.036537],[36.83804,48.036519],[36.83818,48.036521],[36.838316,48.036542],[36.838444,48.036581],[36.838556,48.036637],[36.842427,48.039032],[36.868773,48.052242],[36.868826,48.052272],[36.893005,48.067205],[36.893091,48.067269],[36.893157,48.067343],[36.8932,48.067425],[36.89322,48.06751],[36.893215,48.067596],[36.874281,48.159278],[36.874278,48.159289],[36.874054,48.160207],[36.874066,48.160265],[36.87406,48.160345],[36.87351,48.163009],[36.876267,48.164955],[36.876342,48.165018],[36.876398,48.165089],[36.876435,48.165166],[36.876451,48.165245],[36.876445,48.165326],[36.876208,48.166469],[36.893145,48.178057],[36.892089,48.177979],[36.89435142642011,48.17814658714223],[36.894352,48.178147],[36.885395,48.177483],[36.879473,48.177311],[36.876297,48.182636],[36.871576,48.183781],[36.865053,48.182693],[36.859045,48.177446],[36.864367,48.171894],[36.849775,48.163285],[36.84308,48.162186],[36.83836,48.159936],[36.823597,48.160738],[36.812439,48.163487],[36.790466,48.159134],[36.785692,48.152166],[36.785693258645544,48.152167500724765],[36.782227,48.147108],[36.779308208418705,48.14455385631602],[36.77931,48.144556],[36.769524,48.135992],[36.755104,48.128989],[36.7309,48.120066],[36.701546,48.105733],[36.680946,48.108142],[36.679801,48.108246],[36.67980112953859,48.1082456954815],[36.650562,48.110894],[36.61623,48.103214],[36.592884,48.092777],[36.583437903878064,48.089324781182455],[36.583438,48.089325],[36.581898,48.088762],[36.577539,48.079267],[36.57753939378635,48.079266850429455],[36.577455,48.079083]]]},"properties":{"name":"Russia-Dnepropetrovsk 2","zone_type":"custom","faction":"side_b","faction_name":"Side B","faction_color":"#ef4444","source":"bootstrap","last_updated":"2026-08-04T11:14:45Z","override":false,"id":"fmsek442f_nwu"}},{"type":"Feature","geometry":{"type":"MultiPolygon","coordinates":[[[[36.864281,48.254512],[36.864838,48.252789],[36.865911,48.252069],[36.867542,48.248467],[36.87398,48.248009],[36.87767,48.241035],[36.883936,48.232799],[36.888313,48.231371],[36.889772,48.22674],[36.889515,48.224167],[36.890202,48.217424],[36.89827,48.2188],[36.90136,48.211705],[36.892605,48.203539],[36.901445,48.190935],[36.901089,48.190482],[36.90808358754863,48.188278424519865],[36.927545,48.201594],[36.927623,48.201658],[36.927682,48.20173],[36.92772,48.201808],[36.927736,48.20189],[36.92773,48.201972],[36.927171,48.20458],[36.927486,48.204795],[36.927565,48.204861],[36.927624,48.204935],[36.927662,48.205015],[36.927677,48.205099],[36.927668,48.205182],[36.923055,48.223774],[36.914457,48.263858],[36.914434,48.263926],[36.911527,48.270214],[36.91120572801541,48.271507634089666],[36.910275,48.271397],[36.909099,48.273941],[36.904449,48.27189],[36.885395,48.280348],[36.878872,48.275319],[36.878529,48.265603],[36.864281,48.254512]]],[[[36.895480228697934,48.17965515647603],[36.90808358754863,48.188278424519865],[36.901089,48.190482],[36.898613,48.187329],[36.895609,48.187443],[36.895523,48.18109],[36.895480228697934,48.17965515647603]]]]},"properties":{"name":"Russia Dnepropetrovsk 3","zone_type":"custom","faction":"side_b","faction_name":"Side B","faction_color":"#ef4444","source":"bootstrap","last_updated":"2026-08-03T17:20:29.403Z","override":false,"id":"fmsek442f_o12"}},{"type":"Feature","geometry":{"type":"Polygon","coordinates":[[[37.371016,48.556672],[37.371017018610715,48.55667195792808],[37.382526,48.560144],[37.371016,48.556672]]]},"properties":{"name":"Custom 18","zone_type":"custom","faction":"side_b","faction_name":"Side B","faction_color":"#ef4444","source":"bootstrap","last_updated":"2026-08-03T17:20:29.403Z","override":false,"id":"fmsek442f_pyw"}},{"type":"Feature","geometry":{"type":"Polygon","coordinates":[[[37.376175,50.429755],[37.380228,50.428153],[37.382183,50.428273],[37.389307,50.425429],[37.393255,50.42324],[37.401409,50.417445],[37.406645,50.409569],[37.408018,50.403223],[37.403469,50.397696],[37.394028,50.393212],[37.392654,50.38856],[37.399778,50.379858],[37.412481,50.380187],[37.416515,50.377285],[37.416086,50.373342],[37.41812,50.370279],[37.431536,50.373387],[37.434883,50.36791],[37.445183,50.371032],[37.446299,50.372949],[37.46148,50.376598],[37.468014,50.377987],[37.465611,50.409956],[37.462864,50.423237],[37.465096,50.430643],[37.485008,50.431624],[37.484665,50.445843],[37.490158,50.457325],[37.477627,50.459511],[37.471619,50.454482],[37.43248,50.443218],[37.421494,50.434358],[37.411504,50.431842],[37.397178,50.430013],[37.377205,50.432161],[37.376175,50.429755]]]},"properties":{"name":"Russia Kharkov 3","zone_type":"custom","faction":"side_b","faction_name":"Side B","faction_color":"#ef4444","source":"bootstrap","last_updated":"2026-08-03T17:20:29.403Z","override":false,"id":"fmsek442f_qw7"}},{"type":"Feature","geometry":{"type":"MultiPolygon","coordinates":[[[[37.090631,48.40693],[37.090631028749065,48.406930006669064],[37.090874,48.415143],[37.090631,48.40693]]],[[[37.098942,48.421349],[37.10536941714079,48.421301574397795],[37.10537,48.421302],[37.098942,48.421349]]],[[[37.110265,48.436608],[37.110271,48.436578],[37.11026515774873,48.436607994847634],[37.110265,48.436608]]]]},"properties":{"name":"Custom 26","zone_type":"custom","faction":"side_b","faction_name":"Side B","faction_color":"#ef4444","source":"bootstrap","last_updated":"2026-08-03T17:20:29.403Z","override":false,"id":"fmsek442f_r3q"}},{"type":"Feature","geometry":{"type":"Polygon","coordinates":[[[36.698779,48.778161],[36.702305,48.737317],[36.70929,48.714417],[36.70852650746571,48.668217335840396],[36.709201,48.660911],[36.71133,48.656517],[36.711363,48.656387],[36.711398104749954,48.6549251688693],[36.732086,48.606049],[36.778503,48.605591],[36.789825,48.595032],[36.747131,48.558167],[36.753582,48.536437],[36.763673,48.530984],[36.795074,48.53479],[36.824432,48.579773],[36.887421,48.573608],[36.888672,48.530151],[36.857452,48.518738],[36.858109,48.492329],[36.835449,48.476318],[36.846664,48.433648],[36.808929,48.413116],[36.812653,48.322205],[36.858551,48.318268],[36.896301,48.301613],[36.904022,48.297668],[36.909838,48.274258],[36.965733,48.277831],[36.982555,48.279317],[36.992855,48.289259],[36.990108,48.302741],[36.997147,48.305254],[36.986504,48.356827],[36.9841,48.365727],[36.994743,48.375652],[37.019463,48.380557],[37.034397,48.38261],[37.03474,48.379759],[37.05946,48.38261],[37.057743,48.388769],[37.057888,48.388788],[37.054653,48.396905],[37.080917,48.400382],[37.083321,48.404599],[37.085037,48.419355],[37.093534,48.422146],[37.093019,48.434697],[37.090101,48.441686],[37.091131,48.447602],[37.093792,48.447901],[37.095594,48.459227],[37.094736,48.468042],[37.094908,48.473785],[37.089071,48.484598],[37.091732,48.490232],[37.104349,48.493476],[37.125635,48.494387],[37.139329,48.493723],[37.16383,48.52242],[37.20090980213383,48.53655024180694],[37.201767,48.534468],[37.210093,48.533274],[37.227688,48.529976],[37.237473,48.528213],[37.251034,48.533615],[37.265024,48.538789],[37.278328,48.542371],[37.287769,48.542201],[37.300987,48.545265],[37.307854,48.549585],[37.328968,48.553122],[37.339954,48.55676],[37.357807,48.557101],[37.371197,48.560283],[37.383041,48.562102],[37.392654,48.568462],[37.39399999708382,48.57915331146447],[37.404413,48.576847],[37.41703,48.570032],[37.415657,48.565372],[37.413884,48.565257],[37.416859,48.556175],[37.413711,48.552436],[37.417512,48.551645],[37.473164,48.558455],[37.482648,48.539063],[37.498398,48.540832],[37.508183,48.535602],[37.516422,48.53799],[37.53273,48.533896],[37.557978,48.522947],[37.561827,48.523952],[37.565436,48.524723],[37.565861,48.525025],[37.566189,48.524884],[37.568034,48.525278],[37.58110470965969,48.532142699920456],[37.580967,48.532101],[37.553501,48.54885],[37.532387,48.563088],[37.516594,48.573679],[37.53479,48.584153],[37.550068,48.586771],[37.574272,48.576411],[37.59346218175103,48.56728118873104],[37.596073,48.569021],[37.626512,48.586196],[37.630096056594155,48.588236200022074],[37.630544,48.573239],[37.631063,48.573346],[37.63092,48.573322],[37.630577,48.587757],[37.63514062519601,48.59110778664536],[37.635141,48.591108],[37.65873,48.608428],[37.65152,48.613651],[37.660103,48.620917],[37.64946,48.627824],[37.65564,48.63497],[37.655468,48.642687],[37.667141,48.64802],[37.672977,48.65392],[37.672806,48.667759],[37.685137,48.678695],[37.683792,48.687578],[37.683461,48.688562],[37.683460741690006,48.688562073028024],[37.677612,48.705937],[37.666454,48.716132],[37.662678,48.726098],[37.664909,48.742518],[37.666454,48.756891],[37.667141,48.764133],[37.690659,48.784958],[37.697525,48.781563],[37.710915,48.792086],[37.731857,48.792652],[37.748193,48.790872],[37.751023,48.790837],[37.758808,48.803827],[37.767391,48.811518],[37.776661,48.838185],[37.773571,48.865419],[37.776146,48.88112],[37.766705,48.880096],[37.754002,48.891501],[37.759838,48.905275],[37.765825,48.903351],[37.766533,48.909216],[37.766421,48.909261],[37.767048,48.90921],[37.767347,48.909479],[37.767134,48.909316],[37.761211,48.911912],[37.76104,48.916032],[37.764816,48.919361],[37.758636,48.922521],[37.755032,48.929295],[37.73735,48.940798],[37.728424,48.949709],[37.723156,48.955318],[37.722559,48.954646],[37.722956,48.955531],[37.722073,48.956471],[37.729998,48.962085],[37.724648,48.965967],[37.724648,48.970307],[37.721901,48.976282],[37.716236,48.978537],[37.716064,48.983101],[37.726879,48.985863],[37.722588,48.989244],[37.710829,48.993411],[37.686882,48.999944],[37.67169,49.003435],[37.653494,49.008444],[37.652114,49.011585],[37.649944,49.011204],[37.650613,49.011414],[37.649896,49.011288],[37.651744,49.01187],[37.65049,49.01247],[37.65152,49.012936],[37.649288,49.018017],[37.650384,49.017958],[37.646627,49.018686],[37.626629,49.019925],[37.618561,49.025162],[37.615299,49.028821],[37.612724,49.028315],[37.607489,49.03006],[37.605,49.028709],[37.598305,49.028258],[37.592983,49.029047],[37.581654,49.027414],[37.57513,49.028821],[37.565174,49.024261],[37.556903,49.026483],[37.556419,49.026267],[37.53067,49.037208],[37.514877,49.054993],[37.508698,49.070927],[37.474022,49.093228],[37.474325,49.09401],[37.474324537443586,49.09400981381482],[37.474144,49.093543],[37.46077265753338,49.088004467169355],[37.460869,49.087795],[37.433048185126694,49.07652073612142],[37.374279,49.052178],[37.36664709252164,49.042015013235584],[37.348755,49.015625],[37.345077864182414,49.01329247136103],[37.34428,49.01223],[37.344218,49.012163],[37.344139,49.012104],[37.29590857158759,48.98178348270052],[37.30798757239482,48.93479722668158],[37.310935,48.927816],[37.310959,48.927729],[37.310955,48.927641],[37.310926,48.927554],[37.310871,48.927474],[37.310793,48.927402],[37.310696,48.927341],[37.310582,48.927294],[37.310298,48.927201],[37.310946,48.925282],[37.310962,48.925198],[37.310954,48.925113],[37.310921,48.925031],[37.310865,48.924954],[37.310789,48.924886],[37.310694,48.924828],[37.310584,48.924783],[37.31056369560335,48.92477633285569],[37.311035,48.922943],[37.21718750576083,48.893923221644016],[37.18186173830628,48.86159494629015],[37.18150093367147,48.85331452040063],[37.181788,48.834548],[37.181772,48.834447],[37.181723,48.834351],[37.181642,48.834265],[37.180634053320816,48.83341971360955],[37.180544,48.831353],[37.170471,48.825623],[37.13867828632468,48.822606077382204],[37.134322,48.821743],[37.134203,48.821727],[37.134082,48.821725],[37.133963,48.821737],[37.133848,48.821763],[37.133742,48.821802],[37.12732927026146,48.824654993085225],[37.090584,48.83807],[37.082603,48.837148],[37.062775,48.811646],[37.056716,48.809601],[37.019168,48.80999],[37.012046,48.807592],[37.00444900226023,48.79652685514746],[37.001678833896776,48.79226162767808],[37.004123,48.786713],[37.01876949362281,48.77922967272656],[37.030807,48.773529],[37.030913,48.773467],[37.030997,48.773392],[37.031055,48.773308],[37.031086,48.773217],[37.031089,48.773124],[37.031062,48.773033],[37.03103057336031,48.77296512403904],[37.03363,48.771637],[37.028931,48.760742],[37.02575502019777,48.761609734772016],[37.025705,48.761559],[37.025616,48.761498],[37.025512,48.761449],[37.025395,48.761414],[37.025271,48.761394],[37.025143,48.76139],[37.025017,48.761401],[37.024895,48.761428],[37.022429,48.762146],[37.022294,48.761852],[37.022244,48.761773],[37.022174,48.761702],[37.022084,48.761641],[37.021978,48.761592],[37.02186,48.761557],[37.021734,48.761538],[37.021605,48.761534],[37.021477,48.761546],[37.021356,48.761575],[36.9802857497803,48.774032756786106],[36.886649,48.799616],[36.825378,48.773193],[36.823780465153924,48.7733484565788],[36.823389,48.773176],[36.823267,48.773133],[36.823134,48.773108],[36.822996,48.7731],[36.822858,48.773112],[36.81670132890253,48.77403732937881],[36.713879,48.784043],[36.703133,48.78296],[36.698779,48.778161]]]},"properties":{"name":"Ukraine-Donetsk","zone_type":"custom","faction":"side_a","faction_name":"Side A","faction_color":"#3b82f6","source":"bootstrap","last_updated":"2026-08-04T11:14:03Z","override":false,"id":"fmsek442f_ty9"}},{"type":"Feature","geometry":{"type":"Polygon","coordinates":[[[36.175575,50.400506],[36.183472,50.39005],[36.186132,50.379538],[36.196518,50.375157],[36.205101,50.374281],[36.208706,50.368149],[36.204929,50.36196],[36.194705,50.35541],[36.185532,50.347788],[36.175919,50.343076],[36.175747,50.33617],[36.180725,50.332005],[36.178149,50.326245],[36.17815,50.326208],[36.178127,50.326197],[36.175919,50.32126],[36.187248,50.317751],[36.215744,50.322795],[36.21924,50.322365],[36.21995,50.322468],[36.223482,50.321843],[36.234455,50.320493],[36.235055,50.319795],[36.273766,50.312945],[36.279259,50.312945],[36.277199,50.316016],[36.28046,50.323143],[36.274624,50.323911],[36.277714,50.330599],[36.283894,50.335751],[36.256256,50.355369],[36.242352,50.357998],[36.233253,50.363805],[36.231365,50.371363],[36.211281,50.386036],[36.204586,50.395314],[36.197205,50.400459],[36.194801,50.401663],[36.193428,50.403524],[36.191368,50.403962],[36.184845,50.406151],[36.177206,50.40171],[36.175575,50.400506]]]},"properties":{"name":"Russia Kharkov north","zone_type":"custom","faction":"side_b","faction_name":"Side B","faction_color":"#ef4444","source":"bootstrap","last_updated":"2026-08-03T17:20:29.403Z","override":false,"id":"fmsek442f_uhz"}},{"type":"Feature","geometry":{"type":"Polygon","coordinates":[[[35.878657,50.429377],[35.879116,50.429704],[35.887098,50.429595],[35.88727,50.426203],[35.887455,50.424849],[35.888472,50.425812],[35.896282,50.426305],[35.904865,50.426305],[35.906965,50.423405],[35.930958,50.423249],[35.93855,50.423798],[35.941858,50.424281],[35.947695,50.427016],[35.956621,50.43347],[35.951042,50.434947],[35.945463,50.433416],[35.937567,50.433634],[35.936794,50.431009],[35.933018,50.43079],[35.930958,50.43254],[35.927782,50.434509],[35.924349,50.435549],[35.921431,50.437135],[35.91877,50.43533],[35.913277,50.434509],[35.910702,50.434892],[35.907869,50.437189],[35.904436,50.438174],[35.901604,50.4379],[35.898085,50.438775],[35.895081,50.437955],[35.891647,50.437736],[35.889244,50.439104],[35.878657,50.429377]]]},"properties":{"name":"Russia Kazachok","zone_type":"custom","faction":"side_b","faction_name":"Side B","faction_color":"#ef4444","source":"bootstrap","last_updated":"2026-08-03T17:20:29.403Z","override":false,"id":"fmsek442f_vfw"}},{"type":"Feature","geometry":{"type":"MultiPolygon","coordinates":[[[[34.840764,49.999996],[34.840787,49.999911],[34.851762,49.974503],[34.863302,49.942221],[34.863349,49.942133],[34.863422,49.942054],[34.867165,49.938815],[34.868284,49.93622],[34.868335,49.936136],[34.86841,49.93606],[34.868508,49.935995],[34.87359,49.933254],[34.882467,49.925569],[34.882579,49.925492],[34.894016,49.919318],[34.900418,49.913773],[34.900506,49.91371],[34.900611,49.913658],[34.915354,49.907793],[34.933701,49.897875],[34.933783,49.897837],[34.954223,49.889694],[34.95437,49.889649],[34.954529,49.889628],[35.013219,49.886315],[35.102544,49.847254],[35.102685,49.847207],[35.102838,49.847181],[35.102997,49.847178],[35.12346,49.848326],[35.123577,49.848339],[35.143341,49.851678],[35.148516,49.851968],[35.152972,49.850074],[35.15311,49.850028],[35.153261,49.850004],[35.153416,49.850001],[35.158723,49.850297],[35.163178,49.848402],[35.163316,49.848356],[35.163467,49.848332],[35.163622,49.848329],[35.164421,49.848374],[35.1658,49.84731],[35.165951,49.847223],[35.175937,49.842975],[35.182784,49.83769],[35.183479,49.833782],[35.183508,49.833697],[35.183561,49.833617],[35.183637,49.833545],[35.187028,49.830926],[35.196262,49.761902],[35.196264,49.76189],[35.197704,49.753794],[35.197735,49.753701],[35.197797,49.753615],[35.197884,49.75354],[35.201197,49.751226],[35.201663,49.74775],[35.201692,49.747653],[35.201754,49.747563],[35.201845,49.747484],[35.205321,49.745055],[35.205374,49.745021],[35.229682,49.731298],[35.238333,49.704406],[35.23837,49.704329],[35.238428,49.704256],[35.238505,49.704192],[35.238598,49.704138],[35.242428,49.702291],[35.242892,49.701232],[35.242948,49.701143],[35.243032,49.701063],[35.243141,49.700997],[35.243269,49.700947],[35.248382,49.699418],[35.261689,49.692996],[35.261813,49.692948],[35.2769,49.688432],[35.290201,49.682007],[35.290325,49.681959],[35.295343,49.680456],[35.29547,49.680427],[35.312758,49.677688],[35.328908,49.672844],[35.329035,49.672815],[35.346319,49.670071],[35.35417,49.667713],[35.354297,49.667684],[35.354431,49.667672],[35.354566,49.667676],[35.354696,49.667698],[35.354819,49.667735],[35.354927,49.667787],[35.355018,49.667852],[35.355836,49.668558],[35.359076,49.668043],[35.35921,49.668031],[35.359345,49.668035],[35.359476,49.668057],[35.359598,49.668094],[35.359707,49.668146],[35.359798,49.66821],[35.37142,49.678247],[35.371431,49.678257],[35.38028,49.686327],[35.420335,49.683615],[35.427442,49.670166],[35.412827,49.650648],[35.412776,49.650556],[35.412758,49.65046],[35.412771,49.650362],[35.412817,49.65027],[35.474076,49.560706],[35.390502,49.55098],[35.390373,49.550956],[35.390253,49.550916],[35.390147,49.550863],[35.390059,49.550796],[35.389992,49.550721],[35.38995,49.550638],[35.389932,49.550551],[35.389941,49.550464],[35.389976,49.55038],[35.390035,49.550302],[35.390116,49.550232],[35.41591,49.532098],[35.415954,49.532069],[35.444163,49.515508],[35.459679,49.50458],[35.458832,49.50217],[35.458815,49.502084],[35.458824,49.501997],[35.458858,49.501913],[35.458917,49.501835],[35.458998,49.501765],[35.461616,49.49992],[35.460769,49.497511],[35.460752,49.497425],[35.460761,49.497338],[35.460787,49.497273],[35.460743,49.497244],[35.460662,49.49716],[35.460612,49.497066],[35.459688,49.494439],[35.419268,49.481314],[35.36288,49.491157],[35.362759,49.491171],[35.362637,49.491171],[35.362516,49.491156],[35.322476,49.483923],[35.322352,49.483892],[35.322239,49.483846],[35.322142,49.483786],[35.322064,49.483716],[35.322008,49.483637],[35.321977,49.483553],[35.321515,49.481432],[35.319495,49.480952],[35.319369,49.480912],[35.319257,49.480856],[35.319165,49.480787],[35.319097,49.480707],[35.319055,49.48062],[35.315026,49.467766],[35.315019,49.467739],[35.313441,49.460483],[35.313435,49.460403],[35.31345,49.460324],[35.313487,49.460248],[35.316038,49.456254],[35.315782,49.45508],[35.315776,49.454997],[35.315793,49.454915],[35.315834,49.454836],[35.315896,49.454763],[35.318675,49.452124],[35.325077,49.442091],[35.325145,49.442009],[35.335332,49.432324],[35.335429,49.432251],[35.335547,49.432193],[35.342492,49.42948],[35.347038,49.425155],[35.347135,49.425082],[35.347253,49.425024],[35.347567,49.424901],[35.34763,49.424664],[35.34767,49.424572],[35.34774,49.424487],[35.352365,49.420087],[35.359802,49.392119],[35.297228,49.340485],[35.297214,49.340473],[35.276295,49.321896],[35.273994,49.321193],[35.273858,49.321138],[35.273745,49.321064],[35.269089,49.317211],[35.262231,49.315111],[35.262095,49.315056],[35.261982,49.314982],[35.26063,49.313862],[35.243353,49.309327],[35.243318,49.309317],[35.188354,49.292451],[35.088224,49.298529],[35.074053,49.304282],[35.05535,49.314488],[35.055271,49.314525],[35.042088,49.31987],[35.041971,49.319908],[35.041845,49.319931],[35.041714,49.319938],[35.041584,49.319928],[35.037005,49.319309],[35.033811,49.320603],[35.033693,49.320641],[35.033565,49.320664],[35.033434,49.320671],[35.033302,49.320661],[35.033176,49.320635],[35.03306,49.320593],[35.032959,49.320538],[35.029529,49.318297],[35.024457,49.317609],[35.024321,49.317581],[35.024197,49.317535],[35.02409,49.317474],[34.972424,49.280914],[34.972346,49.280847],[34.972289,49.280773],[34.952392,49.247539],[34.952356,49.247455],[34.952345,49.247369],[34.95236,49.247283],[34.952399,49.247201],[34.953843,49.244956],[34.952838,49.243002],[34.952809,49.24292],[34.952803,49.242835],[34.952822,49.242752],[34.952865,49.242672],[34.98262,49.200217],[34.983229,49.163691],[34.983245,49.1636],[34.983289,49.163513],[34.983358,49.163434],[34.983451,49.163365],[34.983563,49.163311],[34.983689,49.163272],[34.983825,49.16325],[35.169478,49.146792],[35.360843,49.021685],[35.360945,49.02163],[35.469861,48.973383],[35.469987,48.973339],[35.470123,48.973313],[35.470265,48.973306],[35.57898,48.975346],[35.58112,48.974332],[35.581246,48.974284],[35.581384,48.974255],[35.581529,48.974246],[35.585778,48.97428],[35.617674,48.958846],[35.617799,48.958798],[35.617936,48.958768],[35.623385,48.957999],[35.623472,48.957991],[35.649909,48.956531],[35.675874,48.95286],[35.67596,48.952852],[35.702393,48.951379],[35.715651,48.949499],[35.734496,48.944552],[35.734605,48.944531],[35.754426,48.941713],[35.773264,48.936761],[35.773373,48.936739],[35.78637,48.934886],[35.786511,48.934875],[35.786653,48.934885],[35.786788,48.934913],[35.7919,48.936374],[35.793768,48.936108],[35.793916,48.936097],[35.794064,48.936108],[35.794205,48.93614],[35.830302,48.947337],[35.930601,48.97588],[35.952064,48.968327],[35.966385,48.958453],[35.978095,48.947149],[35.978165,48.947092],[35.9852,48.942239],[35.989118,48.936516],[35.989176,48.936447],[36.000199,48.925796],[36.008211,48.914087],[36.008269,48.914018],[36.019286,48.903364],[36.019667,48.902806],[36.017602,48.900893],[36.017532,48.900812],[36.01749,48.900723],[36.017476,48.90063],[36.017492,48.900537],[36.017536,48.900449],[36.019014,48.898287],[36.01088,48.89075],[35.992155,48.877293],[35.992101,48.877249],[35.976089,48.862385],[35.969052,48.85732],[35.968973,48.857252],[35.968916,48.857175],[35.968882,48.857092],[35.968873,48.857007],[35.968888,48.856922],[35.968928,48.85684],[35.96899,48.856765],[35.969073,48.856699],[35.969174,48.856644],[35.969288,48.856603],[35.969412,48.856577],[35.969541,48.856567],[35.969822,48.856564],[35.968201,48.855058],[35.968135,48.854981],[35.968092,48.854897],[35.968076,48.854809],[35.968086,48.854721],[35.968122,48.854636],[35.968182,48.854557],[35.968265,48.854487],[35.968367,48.85443],[35.968484,48.854386],[35.968612,48.854359],[35.968745,48.854348],[36.000129,48.853923],[36.063343,48.831939],[36.064107,48.831443],[36.064265,48.831366],[36.071729,48.828738],[36.16313,48.766981],[36.169892,48.757769],[36.167661,48.755764],[36.167586,48.755678],[36.167542,48.755584],[36.167529,48.755486],[36.16755,48.755388],[36.167617,48.755211],[36.163547,48.752066],[36.163516,48.75204],[36.134017,48.725509],[36.133946,48.725428],[36.133901,48.725339],[36.133885,48.725245],[36.1339,48.725152],[36.133943,48.725062],[36.134013,48.724981],[36.134108,48.724911],[36.230639,48.666728],[36.23065,48.666721],[36.282558,48.636748],[36.282211,48.63589],[36.28219,48.63581],[36.282191,48.635728],[36.282215,48.635648],[36.28226,48.635572],[36.282325,48.635503],[36.282408,48.635442],[36.284881,48.633946],[36.27832,48.617499],[36.270676,48.59859],[36.270654,48.598495],[36.270662,48.5984],[36.270685,48.598346],[36.26978,48.596069],[36.269758,48.595975],[36.269767,48.59588],[36.269806,48.595788],[36.269873,48.595704],[36.269966,48.595631],[36.303002,48.574643],[36.302801,48.574377],[36.302751,48.574288],[36.30273,48.574194],[36.302739,48.574099],[36.302779,48.574008],[36.302847,48.573924],[36.302939,48.573851],[36.305168,48.57244],[36.303618,48.570388],[36.290147,48.557607],[36.290096,48.557551],[36.277507,48.540864],[36.27746,48.540782],[36.277438,48.540696],[36.277441,48.540608],[36.27747,48.540523],[36.2789,48.537635],[36.277985,48.536422],[36.277939,48.536345],[36.277916,48.536264],[36.277916,48.536181],[36.277938,48.536099],[36.277983,48.536022],[36.278048,48.535952],[36.278132,48.53589],[36.278232,48.53584],[36.280191,48.535027],[36.281749,48.531881],[36.281795,48.531809],[36.281859,48.531744],[36.28194,48.531687],[36.282034,48.53164],[36.287726,48.529279],[36.287857,48.529237],[36.287998,48.529214],[36.288144,48.529212],[36.288287,48.52923],[36.288421,48.529269],[36.291389,48.530383],[36.293336,48.529575],[36.293463,48.529534],[36.293602,48.529511],[36.293744,48.529507],[36.293884,48.529524],[36.294016,48.529559],[36.294134,48.529612],[36.303948,48.535093],[36.319754,48.541018],[36.336674,48.537633],[36.348779,48.533451],[36.348909,48.533417],[36.349047,48.533401],[36.349186,48.533405],[36.349322,48.533427],[36.349448,48.533467],[36.3521,48.534544],[36.356167,48.53373],[36.356308,48.533712],[36.356451,48.533714],[36.35659,48.533736],[36.356719,48.533777],[36.361126,48.535567],[36.361216,48.53561],[36.361293,48.535663],[36.367969,48.540987],[36.371117,48.542265],[36.371218,48.542315],[36.371304,48.542377],[36.37137,48.542448],[36.371416,48.542526],[36.371439,48.542609],[36.371438,48.542692],[36.371414,48.542775],[36.3711,48.543483],[36.373485,48.545385],[36.373559,48.545457],[36.373611,48.545538],[36.373637,48.545624],[36.373638,48.545712],[36.373614,48.545799],[36.372555,48.548188],[36.373598,48.54902],[36.373676,48.549096],[36.373728,48.549182],[36.373753,48.549273],[36.37375,48.549365],[36.373718,48.549455],[36.373659,48.549538],[36.37032,48.553227],[36.36664,48.561528],[36.382909,48.580271],[36.470786,48.64503],[36.471138,48.645276],[36.4738,48.644326],[36.473917,48.644294],[36.474041,48.644276],[36.474168,48.644273],[36.474293,48.644287],[36.474412,48.644315],[36.474522,48.644358],[36.474617,48.644413],[36.476654,48.645834],[36.488643,48.641556],[36.531789,48.623621],[36.531827,48.623606],[36.576657,48.607569],[36.583593,48.604679],[36.583716,48.604638],[36.583848,48.604615],[36.583984,48.60461],[36.58412,48.604623],[36.584644,48.604709],[36.588826,48.603211],[36.588942,48.603178],[36.589064,48.60316],[36.58919,48.603157],[36.589314,48.60317],[36.593894,48.603923],[36.59498,48.603534],[36.595101,48.6035],[36.595229,48.603482],[36.595361,48.603481],[36.59549,48.603496],[36.625174,48.609059],[36.72278,48.62502],[36.722911,48.625052],[36.72303,48.6251],[36.723131,48.625163],[36.723211,48.625238],[36.723266,48.625323],[36.723294,48.625413],[36.723293,48.625505],[36.723264,48.625595],[36.711525,48.649641],[36.711363,48.656387],[36.71133,48.656517],[36.709201,48.660911],[36.707346,48.681005],[36.706549,48.71422],[36.706536,48.714302],[36.703293,48.724935],[36.701786,48.741278],[36.701773,48.74134],[36.696864,48.75743],[36.695357,48.773772],[36.695345,48.773834],[36.694612,48.776234],[36.694768,48.776298],[36.694883,48.776358],[36.694975,48.776432],[36.695042,48.776517],[36.695079,48.77661],[36.695086,48.776706],[36.694875,48.779004],[36.69784,48.780234],[36.697955,48.780294],[36.698047,48.780368],[36.698114,48.780454],[36.698151,48.780546],[36.698158,48.780642],[36.697947,48.78294],[36.702509,48.784833],[36.707339,48.784307],[36.707462,48.784301],[36.707585,48.78431],[36.707703,48.784333],[36.707814,48.78437],[36.711901,48.786066],[36.716731,48.785539],[36.716854,48.785533],[36.716977,48.785542],[36.717095,48.785565],[36.717206,48.785602],[36.719094,48.786385],[36.746325,48.782314],[36.746364,48.782308],[36.802658,48.776148],[36.822858,48.773112],[36.822996,48.7731],[36.823134,48.773108],[36.823267,48.773133],[36.823389,48.773176],[36.885163,48.80039],[36.888162,48.799483],[36.888291,48.799454],[36.888427,48.799443],[36.888563,48.799449],[36.888694,48.799473],[36.888816,48.799514],[36.890899,48.800394],[36.94888,48.783559],[37.021356,48.761575],[37.021477,48.761546],[37.021605,48.761534],[37.021734,48.761538],[37.02186,48.761557],[37.021978,48.761592],[37.022084,48.761641],[37.022174,48.761702],[37.022244,48.761773],[37.022294,48.761852],[37.022429,48.762146],[37.024895,48.761428],[37.025017,48.761401],[37.025143,48.76139],[37.025271,48.761394],[37.025395,48.761414],[37.025512,48.761449],[37.025616,48.761498],[37.025705,48.761559],[37.025775,48.76163],[37.025823,48.761708],[37.026598,48.763382],[37.026659,48.763377],[37.026788,48.763382],[37.026913,48.763403],[37.027031,48.763439],[37.027136,48.763489],[37.027224,48.763551],[37.027293,48.763624],[37.02734,48.763703],[37.030335,48.770648],[37.030359,48.770738],[37.030355,48.77083],[37.030323,48.77092],[37.030264,48.771003],[37.03018,48.771076],[37.030161,48.771087],[37.031062,48.773033],[37.031089,48.773124],[37.031086,48.773217],[37.031055,48.773308],[37.030997,48.773392],[37.030913,48.773467],[37.030807,48.773529],[36.999226,48.788485],[37.01308,48.809816],[37.015756,48.809776],[37.015882,48.809782],[37.016004,48.809803],[37.016118,48.809839],[37.01622,48.809887],[37.016307,48.809948],[37.016376,48.810017],[37.017929,48.811972],[37.055262,48.81141],[37.055387,48.811416],[37.055509,48.811437],[37.055622,48.811472],[37.055724,48.81152],[37.055727,48.811521],[37.059103,48.811365],[37.059234,48.811368],[37.059361,48.811386],[37.05948,48.81142],[37.059588,48.811469],[37.05968,48.81153],[37.059752,48.811601],[37.065226,48.818297],[37.084238,48.84082],[37.086614,48.839909],[37.086737,48.839871],[37.086869,48.839851],[37.087005,48.839848],[37.087139,48.839863],[37.087265,48.839895],[37.08738,48.839943],[37.087478,48.840005],[37.087555,48.840078],[37.088857,48.841619],[37.09135,48.840662],[37.133742,48.821802],[37.133848,48.821763],[37.133963,48.821737],[37.134082,48.821725],[37.134203,48.821727],[37.134322,48.821743],[37.156157,48.826069],[37.168669,48.827254],[37.168796,48.827274],[37.168914,48.82731],[37.16902,48.827359],[37.169109,48.827421],[37.170996,48.829004],[37.176512,48.830095],[37.17664,48.830131],[37.176755,48.830182],[37.176852,48.830248],[37.181642,48.834265],[37.181723,48.834351],[37.181772,48.834447],[37.181788,48.834548],[37.181381,48.861155],[37.217467,48.894179],[37.218142,48.894401],[37.218277,48.89446],[37.218388,48.894538],[37.221328,48.897187],[37.258273,48.907607],[37.258309,48.907618],[37.310584,48.924783],[37.310694,48.924828],[37.310789,48.924886],[37.310865,48.924954],[37.310921,48.925031],[37.310954,48.925113],[37.310962,48.925198],[37.310946,48.925282],[37.310298,48.927201],[37.310582,48.927294],[37.310696,48.927341],[37.310793,48.927402],[37.310871,48.927474],[37.310926,48.927554],[37.310955,48.927641],[37.310959,48.927729],[37.310935,48.927816],[37.306708,48.937828],[37.292561,48.979679],[37.344139,49.012104],[37.344218,49.012163],[37.34428,49.01223],[37.374279,49.052178],[37.474144,49.093543],[37.480545,49.110094],[37.508011,49.127179],[37.534447,49.145156],[37.554359,49.166047],[37.581482,49.181317],[37.635727,49.175928],[37.637402,49.174816],[37.653923,49.173755],[37.659416,49.180828],[37.681389,49.175776],[37.704906,49.213478],[37.7425,49.206073],[37.747822,49.212917],[37.757607,49.211571],[37.776624,49.216025],[37.776833,49.216282],[37.793908,49.219316],[37.793655,49.222208],[37.798805,49.226246],[37.809792,49.235442],[37.812023,49.24004],[37.822151,49.243627],[37.825241,49.250018],[37.830219,49.254726],[37.837601,49.263244],[37.841854,49.26656],[37.841721,49.272116],[37.831078,49.285336],[37.829405,49.300392],[37.809277,49.304988],[37.806976,49.307132],[37.802238,49.307553],[37.774086,49.31136],[37.747478,49.315839],[37.734432,49.321324],[37.722952,49.325909],[37.692375,49.323633],[37.646027,49.319155],[37.612724,49.329229],[37.578392,49.325871],[37.564659,49.328334],[37.551131,49.345972],[37.545433,49.345721],[37.538052,49.357803],[37.54818,49.382733],[37.549381,49.406086],[37.551699,49.419193],[37.558308,49.429188],[37.582684,49.433265],[37.596416,49.435945],[37.606544,49.442813],[37.622938,49.449562],[37.632208,49.459717],[37.636843,49.464627],[37.642164,49.479017],[37.646627,49.491384],[37.645512,49.501825],[37.654095,49.507804],[37.660618,49.511632],[37.664909,49.520046],[37.678556,49.518816],[37.688513,49.524277],[37.689371,49.532825],[37.687569,49.541491],[37.682076,49.551384],[37.679415,49.556979],[37.66963,49.568719],[37.655897,49.577791],[37.645597,49.588978],[37.646112,49.602325],[37.635212,49.610895],[37.63032,49.619331],[37.633324,49.62235],[37.632809,49.630469],[37.633238,49.638916],[37.632637,49.64603],[37.631478,49.647582],[37.631572,49.647455],[37.631521,49.64749],[37.631414,49.647667],[37.626286,49.654534],[37.626255,49.65532],[37.625062,49.656571],[37.624795,49.657354],[37.623882,49.657417],[37.607574,49.660307],[37.596588,49.670867],[37.58337,49.684758],[37.571526,49.688868],[37.550411,49.696978],[37.543716,49.704642],[37.542858,49.712749],[37.539082,49.716081],[37.540455,49.723298],[37.540798,49.730736],[37.550755,49.728405],[37.558171,49.73033],[37.550926,49.738037],[37.559166,49.753011],[37.570667,49.754117],[37.568779,49.768867],[37.572212,49.773959],[37.588692,49.780946],[37.612038,49.793142],[37.63092,49.823506],[37.624741,49.85527],[37.591438,49.864898],[37.581139,49.881607],[37.644997,49.897761],[37.662678,49.904951],[37.707481,49.899191],[37.702503,49.915541],[37.689285,49.91742],[37.684822,49.932342],[37.693748,49.948357],[37.695808,49.963274],[37.721901,49.972664],[37.741814,50.00336],[37.733917,50.026755],[37.702332,50.060268],[37.626801,50.104773],[37.603716,50.13621],[37.59779,50.132694],[37.58543,50.137097],[37.58234,50.153055],[37.576332,50.164714],[37.561913,50.17351],[37.562084,50.182085],[37.540798,50.196819],[37.540798,50.203305],[37.527065,50.203854],[37.518139,50.202755],[37.502003,50.207042],[37.50199750660536,50.207220831124026],[37.47694,50.208887],[37.461147,50.217145],[37.461319,50.232336],[37.471962,50.24246],[37.488785,50.252143],[37.50155031772509,50.25009747131724],[37.502689,50.2514],[37.515221,50.25513],[37.52449,50.262811],[37.543201,50.26347],[37.54545,50.262559],[37.544231,50.263588],[37.562771,50.25689],[37.587318,50.260843],[37.597275,50.265015],[37.597618,50.27226],[37.587318,50.283015],[37.570667,50.296621],[37.557285,50.316428],[37.53152,50.324463],[37.529469,50.317868],[37.513161,50.311946],[37.509041,50.314468],[37.49646555007831,50.309825921557106],[37.47797,50.331853],[37.472134,50.338753],[37.465954,50.337473],[37.459087,50.329786],[37.458572,50.325172],[37.460804,50.316384],[37.463551,50.30089],[37.46381807934705,50.30090475986945],[37.459517,50.300257],[37.44975200616912,50.29702025260917],[37.4366,50.300669],[37.429218,50.304516],[37.423725,50.307043],[37.419434,50.314405],[37.418919,50.327258],[37.414799,50.330553],[37.409477,50.335825],[37.40091133604622,50.342170455063055],[37.401129500682515,50.342277219662314],[37.400208,50.3477],[37.399127,50.353075],[37.39686,50.352965],[37.383642,50.368739],[37.374887,50.378378],[37.375231,50.388451],[37.377291,50.393485],[37.387676,50.400329],[37.389565,50.409571],[37.388535,50.41625],[37.384071,50.423308],[37.376982,50.427433],[37.313216,50.419291],[37.296867,50.401364],[37.263479,50.393104],[37.257729,50.390859],[37.256727,50.391581],[37.252407,50.389727],[37.249832,50.381953],[37.253609,50.376371],[37.252407,50.36564],[37.246742,50.356109],[37.245197,50.353373],[37.239805,50.352158],[37.239876,50.350532],[37.237644,50.340234],[37.235413,50.33103],[37.241249,50.304281],[37.252235,50.289364],[37.25633419855628,50.28426834446588],[37.268715,50.28774],[37.317467,50.282477],[37.366905,50.268441],[37.377548,50.258789],[37.362442,50.249134],[37.345963,50.250584],[37.3312,50.253327],[37.313347,50.252449],[37.29313976847042,50.245560884475694],[37.289829,50.242172],[37.280903,50.23646],[37.269058,50.238217],[37.263737,50.220859],[37.256527,50.224925],[37.252407,50.230967],[37.248631,50.230418],[37.247667,50.230221],[37.245884,50.229116],[37.245369,50.221205],[37.243137,50.210545],[37.236271,50.211974],[37.229061,50.207582],[37.226143,50.198572],[37.227688,50.181423],[37.206402,50.169648],[37.193356,50.175808],[37.189236,50.174928],[37.184086,50.168218],[37.173786,50.169648],[37.14735,50.168328],[37.139969,50.164588],[37.124691,50.161837],[37.115078,50.159197],[37.101002,50.160407],[37.091732,50.161507],[37.084351,50.160407],[37.08433,50.160474],[37.084007,50.160146],[37.067785,50.161027],[37.054224,50.162237],[37.031736,50.160146],[37.017746,50.158221],[37.011275,50.160394],[37.010708,50.160139],[36.996374,50.162394],[36.98925,50.163164],[36.982555,50.162559],[36.973801,50.163494],[36.95981,50.162999],[36.9417,50.161514],[36.933632,50.162174],[36.924794,50.165059],[36.924448,50.164982],[36.922474,50.169932],[36.916122,50.171857],[36.909599,50.171747],[36.900072,50.170262],[36.894579,50.169492],[36.885824,50.170977],[36.879129,50.172352],[36.869173,50.175597],[36.864023,50.177577],[36.858187,50.179391],[36.849947,50.178786],[36.844454,50.177852],[36.841106,50.177742],[36.837673,50.181921],[36.837585,50.183335],[36.837416,50.183541],[36.836815,50.181329],[36.786861,50.197822],[36.750641,50.192875],[36.715794,50.195184],[36.695709,50.197273],[36.684551,50.20145],[36.677856,50.20123],[36.661989,50.198389],[36.66172,50.197924],[36.639748,50.194186],[36.62756,50.194077],[36.615543,50.18583],[36.561813,50.177362],[36.542759,50.182531],[36.516666,50.20452],[36.497103,50.218548],[36.496925,50.21846],[36.480618,50.221976],[36.460876,50.220657],[36.446114,50.221537],[36.435642,50.22758],[36.426716,50.230875],[36.434441,50.24175],[36.416073,50.243984],[36.413326,50.249036],[36.405087,50.249805],[36.396589,50.248816],[36.395559,50.260331],[36.39667920426781,50.26048345383526],[36.396731,50.26053],[36.396332,50.261942],[36.380968,50.276785],[36.37084,50.276511],[36.369381,50.281998],[36.360283,50.286952],[36.355133,50.28783],[36.347421,50.289219],[36.33318,50.282984],[36.333028,50.283027],[36.332891,50.282967],[36.325006,50.285179],[36.309557,50.285727],[36.305523,50.285075],[36.303635,50.283758],[36.286297,50.283648],[36.28561,50.289684],[36.28252,50.297144],[36.275997,50.307455],[36.267586,50.308552],[36.249218,50.310197],[36.244583,50.31272],[36.230404,50.30246],[36.230196,50.302397],[36.230198,50.302389],[36.230206,50.302373],[36.23022,50.302358],[36.230237,50.302345],[36.230258,50.302335],[36.230282,50.302327],[36.230289,50.302325],[36.230164,50.302287],[36.203556,50.308978],[36.196346,50.310623],[36.176605,50.311939],[36.17712,50.317203],[36.172142,50.321699],[36.172891,50.32372],[36.175919,50.331895],[36.17360383999713,50.334358840003055],[36.172736,50.335283],[36.172829,50.334741],[36.172736,50.335282],[36.170769,50.337376],[36.171799,50.346692],[36.18227,50.357212],[36.181412,50.36992],[36.183879,50.369545],[36.180266,50.37325],[36.18124,50.372631],[36.157894,50.396503],[36.157551,50.402742],[36.149311,50.407121],[36.155834,50.421895],[36.150169,50.423426],[36.143303,50.426927],[36.117382,50.429772],[36.089916,50.443552],[36.077557,50.44727],[36.070518,50.445301],[36.057644,50.436551],[36.030006,50.44027],[36.023483,50.443989],[36.006832,50.44388],[36.003227,50.438192],[35.991898,50.436442],[35.987778,50.427581],[35.960312,50.426815],[35.950406,50.423701],[35.951815,50.42314],[35.95002,50.42285],[35.970132,50.422612],[35.949563,50.422776],[35.930185,50.419639],[35.905552,50.418708],[35.888557,50.419474],[35.883322,50.419857],[35.872936,50.42024],[35.869619,50.423412],[35.83741,50.423668],[35.837279,50.423661],[35.837152,50.423638],[35.837034,50.423602],[35.836929,50.423552],[35.80541780371772,50.40537672323973],[35.811653,50.407912],[35.806503,50.400469],[35.792427,50.390178],[35.762215,50.372218],[35.747452,50.361921],[35.732689,50.348553],[35.702477,50.348772],[35.702477,50.349819860875726],[35.690478,50.338728],[35.690375,50.338692],[35.69027,50.338638],[35.690184,50.338572],[35.690118,50.338496],[35.69005176844804,50.33839810831057],[35.690765,50.338318],[35.690555,50.338008],[35.680192,50.328412],[35.678711,50.326225],[35.677814,50.32621],[35.675363,50.323939],[35.670982,50.323865],[35.669145,50.322162],[35.606437,50.322753],[35.522856,50.321257],[35.500641,50.321442],[35.500836,50.320853],[35.498016,50.320801],[35.499524,50.313921],[35.501631,50.307561],[35.50097,50.30732],[35.501494,50.304926],[35.495397,50.302704],[35.402863,50.333649],[35.383782,50.298424],[35.382804,50.296183],[35.382585,50.296212],[35.381437,50.29409],[35.320801,50.302002],[35.308258,50.294128],[35.308795,50.278534],[35.259674,50.274994],[35.253472,50.261509],[35.250747,50.247554],[35.247947,50.241458],[35.243345,50.23947],[35.241791,50.236084],[35.1366,50.244893],[35.135346,50.244971],[35.132782,50.242892],[35.128604,50.243151],[35.12455,50.239864],[35.12455,50.239863],[35.104693,50.220098],[35.090455,50.208532],[35.051269,50.209534],[35.029831,50.177669],[35.0284,50.175088],[35.028156,50.175177],[35.026772,50.173118],[35.023685,50.174248],[35.023543,50.174036],[35.020993,50.175233],[34.99423,50.18502],[34.979431,50.191956],[34.97829,50.190845],[34.97525,50.191956],[34.965639,50.178531],[34.950814,50.164088],[34.943314,50.160893],[34.942946,50.160535],[34.940405,50.159653],[34.908234,50.145935],[34.90755110974063,50.14603398319884],[34.907545,50.146021],[34.907532,50.145932],[34.907547,50.145844],[34.907588,50.145759],[34.9165,50.132332],[34.912486,50.055835],[34.842147,50.002181],[34.842073,50.002113],[34.84202,50.002037],[34.84199,50.001956],[34.841983,50.001873],[34.842,50.001791],[34.842179,50.001294],[34.840922,50.000318],[34.840847,50.000246],[34.840794,50.000167],[34.840766,50.000082],[34.840764,49.999996]]],[[[37.49584625111804,50.21352288580293],[37.49916853331261,50.21118465499301],[37.495995,50.213507],[37.49584625111804,50.21352288580293]]]]},"properties":{"name":"Ukraine-Kharkov","zone_type":"oblast","faction":"side_a","faction_name":"Side A","faction_color":"#3b82f6","source":"bootstrap","last_updated":"2026-08-04T11:18:13Z","override":false,"id":"fmsek442f_w5f"}},{"type":"Feature","geometry":{"type":"MultiPolygon","coordinates":[[[[34.279875,51.336843],[34.282286,51.338863],[34.28228514581549,51.33886289342143],[34.27987500058174,51.336843004724265],[34.279875,51.336843]]],[[[34.30273,51.341153],[34.306782772795025,51.340176499793365],[34.306782,51.340177],[34.302730935928324,51.34115305086567],[34.30273,51.341153]]]]},"properties":{"name":"Custom 34","zone_type":"custom","faction":"side_a","faction_name":"Side A","faction_color":"#3b82f6","source":"bootstrap","last_updated":"2026-08-03T17:20:29.403Z","override":false,"id":"fmsek442f_xg5"}},{"type":"Feature","geometry":{"type":"MultiPolygon","coordinates":[[[[33.268833,52.345735],[33.270979,52.344058],[33.273983,52.338865],[33.280506,52.330054],[33.29484,52.326486],[33.31707,52.320608],[33.327198,52.324282],[33.326707,52.324749],[33.328543,52.324659],[33.332434,52.32496],[33.333721,52.328214],[33.333721,52.331782],[33.333901,52.331934],[33.333893,52.332021],[33.335496,52.333283],[33.344021,52.340492],[33.350201,52.344479],[33.357668,52.345213],[33.361874,52.344636],[33.361923,52.344213],[33.362045,52.344193],[33.361936,52.344103],[33.362045,52.343168],[33.360415,52.341541],[33.360844,52.340072],[33.36462,52.340072],[33.366047,52.339407],[33.368568,52.339157],[33.369086,52.33799],[33.369684,52.337711],[33.370581,52.334624],[33.371703,52.332097],[33.373289,52.332097],[33.375607,52.332202],[33.374748,52.330523],[33.371487,52.329631],[33.369942,52.329001],[33.372774,52.328371],[33.377924,52.330943],[33.379211,52.334353],[33.379379,52.33432],[33.379383,52.33433],[33.379398,52.334317],[33.3811,52.333986],[33.385992,52.331677],[33.388309,52.333357],[33.390026,52.333566],[33.388567,52.33089],[33.391228,52.329683],[33.396978,52.328739],[33.397923,52.33215],[33.399108,52.333811],[33.399546,52.335192],[33.395004,52.336819],[33.393116,52.339705],[33.395348,52.342433],[33.395419,52.342389],[33.400154,52.347865],[33.402214,52.348809],[33.408394,52.34734],[33.409252,52.350487],[33.413029,52.350907],[33.416805,52.352166],[33.416462,52.354683],[33.416634,52.360137],[33.411999,52.360976],[33.410454,52.359403],[33.407192,52.361291],[33.403244,52.359718],[33.401184,52.36171],[33.402386,52.365381],[33.406849,52.367059],[33.395348,52.3701],[33.380413,52.371253],[33.373203,52.370414],[33.369598,52.361606],[33.364105,52.360242],[33.3605,52.363074],[33.354836,52.357515],[33.353832,52.356385],[33.354106,52.356372],[33.352561,52.354117],[33.351683,52.353966],[33.351574,52.353844],[33.339729,52.351851],[33.337459,52.352177],[33.336382,52.352203],[33.328443,52.353278],[33.321748,52.355192],[33.31737,52.35493],[33.312993,52.354301],[33.308904,52.351155],[33.308315,52.350382],[33.307319,52.350571],[33.305422,52.350571],[33.305483,52.350717],[33.289604,52.35764],[33.279991,52.359738],[33.274326,52.351924],[33.268833,52.345735]]],[[[33.307319,52.350571],[33.308315,52.350382],[33.308904,52.351155],[33.312993,52.354301],[33.308144,52.350571],[33.307319,52.350571]]],[[[33.326707,52.324749],[33.326933113823856,52.32453393858301],[33.332434,52.32496],[33.328543,52.324659],[33.326707,52.324749]]],[[[33.333893,52.332021],[33.33390098177639,52.33193419818178],[33.344021,52.340492],[33.335496,52.333283],[33.333893,52.332021]]],[[[33.336382,52.352203],[33.337459,52.352177],[33.339729,52.351851],[33.351574,52.353844],[33.351683,52.353966],[33.352561,52.354117],[33.340802,52.352098],[33.336382,52.352203]]],[[[33.352561,52.354117],[33.35400733353924,52.35622799167054],[33.354007,52.356228],[33.352561,52.354117]]],[[[33.361923278478564,52.34421295434778],[33.361936078921566,52.34410306516459],[33.362045,52.344193],[33.361923278478564,52.34421295434778]]],[[[33.36462,52.340072],[33.369684,52.337711],[33.369086,52.33799],[33.368568,52.339157],[33.366047,52.339407],[33.36462,52.340072]]],[[[33.369684,52.337711],[33.371315,52.332097],[33.371703,52.332097],[33.370581,52.334624],[33.369684,52.337711]]],[[[33.379379133804896,52.33432033451223],[33.3811,52.333986],[33.379398,52.334317],[33.379383,52.33433],[33.379379133804896,52.33432033451223]]],[[[33.393116,52.339705],[33.394966,52.341966],[33.394965943453265,52.34196604199843],[33.393116,52.339705]]],[[[33.395004,52.336819],[33.399546,52.335192],[33.39910822417432,52.333811706814465],[33.399607,52.334511],[33.399845,52.335085],[33.395004,52.336819]]]]},"properties":{"name":"Russia-Chernogov","zone_type":"custom","faction":"side_b","faction_name":"Side B","faction_color":"#ef4444","source":"bootstrap","last_updated":"2026-08-03T17:20:29.403Z","override":false,"id":"fmsek442f_yia"}},{"type":"Feature","geometry":{"type":"Polygon","coordinates":[[[37.49077035669899,50.230281448996706],[37.493248,50.223727],[37.506294,50.213617],[37.505862,50.212865],[37.515993,50.213454],[37.529211,50.211256],[37.544119,50.216671],[37.544231,50.216712],[37.560368,50.216602],[37.565915,50.215351],[37.57234,50.213903],[37.575474,50.213196],[37.579594,50.206821],[37.576675,50.199896],[37.577362,50.184731],[37.584915,50.167899],[37.58646,50.162288],[37.592468,50.155026],[37.598305,50.144684],[37.604656,50.136767],[37.603716,50.13621],[37.626801,50.104773],[37.702332,50.060268],[37.733917,50.026755],[37.741814,50.00336],[37.721901,49.972664],[37.695808,49.963274],[37.693748,49.948357],[37.684822,49.932342],[37.689285,49.91742],[37.702503,49.915541],[37.707481,49.899191],[37.662678,49.904951],[37.644997,49.897761],[37.581139,49.881607],[37.591438,49.864898],[37.624741,49.85527],[37.63092,49.823506],[37.612038,49.793142],[37.588692,49.780946],[37.572212,49.773959],[37.568779,49.768867],[37.570667,49.754117],[37.559166,49.753011],[37.550926,49.738037],[37.558171,49.73033],[37.561569,49.726715],[37.560024,49.718166],[37.57925,49.709504],[37.595472,49.708729],[37.610836,49.707507],[37.614527,49.706285],[37.62237,49.702468],[37.632003,49.671509],[37.628517,49.667913],[37.628002,49.666607],[37.627616,49.664551],[37.625728,49.663578],[37.624784,49.662999],[37.624563,49.660332],[37.624633,49.660365],[37.625513,49.658711],[37.626565,49.657808],[37.626598,49.657701],[37.632337,49.656771],[37.635598,49.654576],[37.639933,49.651634],[37.642164,49.647075],[37.645769,49.642077],[37.648773,49.628477],[37.650833,49.612014],[37.660704,49.60243],[37.670832,49.587186],[37.674866,49.581843],[37.67272,49.57472],[37.676325,49.570657],[37.684565,49.56409],[37.699757,49.553417],[37.697182,49.538155],[37.696495,49.512073],[37.685509,49.502049],[37.663021,49.490564],[37.643623,49.458768],[37.612553,49.438347],[37.595267,49.431996],[37.567795,49.41915],[37.560368,49.414459],[37.557964,49.403181],[37.558479,49.388543],[37.555733,49.369994],[37.558136,49.346281],[37.556812,49.346223],[37.568436,49.343329],[37.568715,49.337956],[37.568779,49.337945],[37.575989,49.337218],[37.587833,49.335987],[37.5887,49.334695],[37.596931,49.336616],[37.65152,49.339973],[37.742844,49.339301],[37.784386,49.338182],[37.785379,49.338342],[37.785494,49.338088],[37.785416,49.338075],[37.78555,49.337964],[37.785587,49.337883],[37.785667,49.337868],[37.795757,49.329545],[37.803955,49.327715],[37.826786,49.321782],[37.827035,49.321178],[37.839575,49.31962],[37.841635,49.314023],[37.851763,49.307228],[37.847471,49.302527],[37.857256,49.300401],[37.854424,49.288473],[37.856913,49.268926],[37.858533,49.304607],[37.858543,49.3046],[37.857472,49.275065],[37.858096,49.261755],[37.859157529517454,49.25604725240525],[37.85901817300233,49.256050257230264],[37.859034975371245,49.255959913837245],[37.84368,49.256291],[37.843437,49.255832],[37.837257,49.255664],[37.837086,49.252469],[37.834425,49.249947],[37.828932,49.248882],[37.826786,49.247593],[37.829018,49.243949],[37.835712,49.240922],[37.835515,49.240261],[37.845669,49.237507],[37.841549,49.232461],[37.850046,49.229377],[37.84809625783957,49.22231817619783],[37.857462,49.230503],[37.857774299616814,49.23038672801486],[37.86244697531964,49.234428997714616],[37.86246960973616,49.23429930097973],[37.862590045067925,49.23440348778537],[37.862628,49.234186],[37.911748,49.268241],[37.931192,49.295464],[37.882822,49.32602],[37.887687,49.38345],[37.860657,49.422699],[37.878251,49.440996],[37.910909,49.454309],[37.928545,49.494827],[37.965471,49.518643],[37.95755,49.551917],[37.965685,49.565154],[37.949763,49.598457],[38.003068,49.655422],[37.996002,49.717834],[37.952002,49.717201],[37.945749,49.728999],[37.963541,49.746555],[38.001012,49.748469],[38.047371,49.786272],[38.000782,49.811083],[38.00528,49.826477],[38.080422,49.846526],[38.042424,49.8684],[38.026553,49.903517],[37.996022,49.921393],[38.022919,49.909119],[38.019562,49.925201],[38.040161,49.934487],[38.006516,49.96587],[37.998962,49.961451],[37.985229,49.975591],[37.96463,49.979566],[37.931671,50.024162],[37.903519,50.04487],[37.871933,50.050163],[37.801895,50.081881],[37.754517,50.080118],[37.727051,50.102595],[37.707825,50.1325],[37.671432,50.14857],[37.664909,50.158685],[37.642593,50.172767],[37.639847,50.189475],[37.611351,50.215849],[37.625084,50.241549],[37.624397,50.294445],[37.632637,50.312215],[37.583199,50.313092],[37.577756,50.306503],[37.578831,50.305752],[37.599506,50.292123],[37.599624,50.291221],[37.599766,50.290132],[37.602081,50.272369],[37.602253,50.257769],[37.586117,50.252059],[37.57513,50.249863],[37.567812,50.251515],[37.560539,50.253157],[37.551956,50.25689],[37.551433,50.257358],[37.550926,50.256882],[37.540283,50.260616],[37.532043,50.259847],[37.522945,50.256004],[37.522058,50.25351],[37.52037,50.248764],[37.516594,50.235153],[37.5151310074823,50.23387598110744],[37.515131,50.233876],[37.514706,50.233505],[37.49239410326978,50.23241460625638],[37.49077035669899,50.230281448996706]]]},"properties":{"name":"Russia-Kharkov","zone_type":"custom","faction":"side_b","faction_name":"Side B","faction_color":"#ef4444","source":"bootstrap","last_updated":"2026-08-04T11:18:13Z","override":false,"id":"fmsek442f_ze9"}},{"type":"Feature","geometry":{"type":"Polygon","coordinates":[[[35.390568,50.580247],[35.392663,50.582231],[35.392653600922166,50.58222275140276],[35.390568,50.580247]]]},"properties":{"name":"Custom 35","zone_type":"custom","faction":"side_a","faction_name":"Side A","faction_color":"#3b82f6","source":"bootstrap","last_updated":"2026-08-03T17:20:29.403Z","override":false,"id":"fmsek442f_10f"}},{"type":"Feature","geometry":{"type":"Polygon","coordinates":[[[34.738083,51.178342],[34.748039,51.16219],[34.748273,51.161576],[34.751987,51.156445],[34.758339,51.136859],[34.772415,51.105588],[34.774132,51.088987],[34.778938,51.080572],[34.810524,51.080464],[34.835072,51.080464],[34.845371,51.076364],[34.843655,51.071401],[34.836902,51.057851],[34.838333,51.058347],[34.884338,51.058024],[34.891205,51.062665],[34.910431,51.069572],[34.928112,51.073025],[34.946995,51.078852],[34.963474,51.078097],[34.986305,51.072917],[34.992208,51.069782],[34.996644,51.06808],[35.015659,51.090503],[35.026989,51.089963],[35.03952,51.096759],[35.054626,51.104847],[35.069904,51.100965],[35.073338,51.108082],[35.077286,51.116168],[35.090847,51.120911],[35.10561,51.11229],[35.114975,51.109724],[35.115395,51.109833],[35.130672,51.103233],[35.133762,51.099243],[35.115223,51.093635],[35.108871,51.088889],[35.099602,51.079827],[35.100288,51.070335],[35.094724,51.062027],[35.089045,51.062075],[35.084925,51.063532],[35.08235,51.063263],[35.076771,51.063964],[35.075483,51.061913],[35.071793,51.057758],[35.065355,51.057164],[35.06218,51.052145],[35.064325,51.046746],[35.065343,51.042412],[35.062203,51.0398],[35.076771,51.035482],[35.086384,51.030298],[35.0984,51.027814],[35.108356,51.018632],[35.110416,51.015282],[35.120544,51.00988],[35.129299,51.013014],[35.130911,51.012091],[35.130887,51.012108],[35.130093,51.013391],[35.13063,51.014066],[35.132067,51.015673],[35.132668,51.017118],[35.133033,51.01828],[35.133591,51.019617],[35.134706,51.020965],[35.135243,51.021295],[35.135307,51.021435],[35.135827,51.022544],[35.135307,51.023233],[35.135951,51.023962],[35.13696,51.025134],[35.137196,51.026863],[35.13799,51.028793],[35.139084,51.030427],[35.139942,51.030643],[35.140522,51.030467],[35.145392,51.032101],[35.149169,51.033356],[35.149201,51.03336],[35.149384,51.033424],[35.150272,51.033482],[35.152237,51.033707],[35.152351,51.033618],[35.152559,51.033632],[35.152569,51.033448],[35.152946,51.033154],[35.153117,51.032465],[35.155263,51.033316],[35.155778,51.032857],[35.156357,51.031642],[35.15728,51.031615],[35.158267,51.032695],[35.160005,51.033923],[35.160477,51.034274],[35.16052,51.034747],[35.160799,51.034936],[35.162258,51.034882],[35.163417,51.034585],[35.164254,51.033991],[35.164241,51.033979],[35.164318,51.033956],[35.164141,51.033891],[35.163889,51.033667],[35.163546,51.033316],[35.16255,51.033305],[35.161364,51.032868],[35.161614,51.032722],[35.16243,51.030414],[35.162494,51.029334],[35.165434,51.028376],[35.16715,51.027945],[35.167987,51.027513],[35.167687,51.026986],[35.166951,51.026509],[35.166893,51.026449],[35.16503,51.026725],[35.164425,51.026797],[35.163996,51.026595],[35.164125,51.026122],[35.16537,51.025663],[35.167966,51.024421],[35.167684,51.024235],[35.171871,51.024235],[35.1723,51.023101],[35.170841,51.022723],[35.174189,51.019272],[35.180626,51.0136],[35.197105,51.005338],[35.200624,51.003392],[35.202341,51.005067],[35.20998,51.005886],[35.20895,51.008371],[35.211353,51.00956],[35.213757,51.008587],[35.213242,51.004913],[35.21822,51.005778],[35.21822,51.003076],[35.218484,51.003258],[35.218563,51.003518],[35.222683,51.006435],[35.224228,51.008272],[35.228519,51.009137],[35.236244,51.009029],[35.243244,51.005485],[35.24045,50.999887],[35.245256,50.995132],[35.243969,50.987943],[35.247059,50.989511],[35.250835,50.989348],[35.260792,50.994699],[35.264225,50.991186],[35.273151,50.991402],[35.279932,50.989781],[35.281477,50.986159],[35.286283,50.983781],[35.286574,50.983772],[35.286369,50.983675],[35.291743,50.97992],[35.292206,50.980183],[35.295296,50.971316],[35.292549,50.963312],[35.295811,50.954439],[35.292721,50.947623],[35.300837,50.942192],[35.302162,50.941357],[35.302341,50.941422],[35.302274,50.941231],[35.30242,50.941133],[35.305896,50.937981],[35.307312,50.936986],[35.311186,50.934662],[35.317097,50.931558],[35.328083,50.92198],[35.3298,50.919815],[35.332289,50.91554],[35.338469,50.914512],[35.341558,50.914782],[35.342214,50.914433],[35.348983,50.914835],[35.355935,50.916567],[35.368209,50.910855],[35.386834,50.913456],[35.388508,50.916053],[35.392413,50.919355],[35.392671,50.924092],[35.386276,50.923253],[35.379539,50.923415],[35.373316,50.923145],[35.366192,50.925689],[35.371513,50.929937],[35.370355,50.930368],[35.372329,50.932452],[35.365376,50.932668],[35.355163,50.931207],[35.354605,50.932262],[35.349712,50.931721],[35.347481,50.932019],[35.347652,50.93256],[35.348382,50.932749],[35.348468,50.933047],[35.345078,50.932911],[35.343533,50.935481],[35.341301,50.934616],[35.339327,50.934398],[35.336666,50.934317],[35.333147,50.934777],[35.325508,50.946818],[35.329113,50.9479],[35.329885,50.950782],[35.328466,50.950875],[35.329971,50.95142],[35.33186,50.952502],[35.334778,50.955639],[35.335979,50.957045],[35.335293,50.958668],[35.334778,50.960399],[35.335979,50.963319],[35.341473,50.963428],[35.343018,50.964509],[35.343704,50.968078],[35.351944,50.974351],[35.348339,50.977054],[35.343876,50.987541],[35.340271,50.987541],[35.332203,50.992514],[35.330306,50.995997],[35.33083,50.996062],[35.337524,50.998008],[35.330486,51.003084],[35.328426,51.009567],[35.32259,51.013457],[35.325336,51.014321],[35.331001,51.009999],[35.343189,51.006758],[35.359669,51.005353],[35.368595,51.008267],[35.375118,51.009023],[35.376148,51.011721],[35.383186,51.013341],[35.383186,51.019932],[35.394688,51.020364],[35.394859,51.022849],[35.403099,51.022849],[35.404816,51.024685],[35.409279,51.026737],[35.408077,51.02933],[35.404129,51.02933],[35.402927,51.031382],[35.400352,51.031814],[35.400352,51.033866],[35.402241,51.034514],[35.404644,51.038293],[35.412025,51.039157],[35.408936,51.043689],[35.404301,51.044013],[35.405846,51.048332],[35.394173,51.055133],[35.390224,51.052758],[35.386448,51.053621],[35.374947,51.066566],[35.3722,51.065703],[35.362072,51.066674],[35.357952,51.065379],[35.350914,51.06171],[35.327911,51.070775],[35.326195,51.074444],[35.32774,51.076926],[35.313148,51.077246],[35.311947,51.078433],[35.304909,51.078756],[35.303535,51.077893],[35.302849,51.073685],[35.297356,51.071527],[35.288429,51.068289],[35.283794,51.066778],[35.280704,51.067102],[35.278473,51.064944],[35.273151,51.063864],[35.276756,51.062461],[35.27607,51.059331],[35.273666,51.059115],[35.27195,51.05836],[35.266285,51.058468],[35.264912,51.059871],[35.266457,51.061706],[35.265942,51.062893],[35.260277,51.06095],[35.258217,51.058144],[35.25753,51.06203],[35.253754,51.061922],[35.248089,51.065591],[35.243969,51.063757],[35.241737,51.060411],[35.228176,51.054906],[35.213585,51.046593],[35.205173,51.048644],[35.198479,51.05361],[35.19659,51.050479],[35.190239,51.05415],[35.189724,51.056957],[35.182343,51.062461],[35.176506,51.070552],[35.166206,51.078101],[35.162945,51.08328],[35.152302,51.080799],[35.147667,51.083172],[35.156422,51.091151],[35.173416,51.087264],[35.176849,51.098801],[35.170155,51.102572],[35.167236,51.100523],[35.164146,51.101925],[35.16552,51.105807],[35.162945,51.10861],[35.16861,51.119496],[35.174274,51.121867],[35.16861,51.126275],[35.152645,51.131664],[35.141659,51.134143],[35.14389,51.137806],[35.1408,51.142763],[35.135307,51.145349],[35.134792,51.148577],[35.141315,51.151055],[35.139427,51.153532],[35.133247,51.156548],[35.124149,51.161718],[35.123119,51.165057],[35.134964,51.17033],[35.131187,51.173345],[35.130329,51.194652],[35.143547,51.203576],[35.141144,51.207234],[35.136166,51.210247],[35.138912,51.21767],[35.15007,51.221004],[35.149899,51.223263],[35.120373,51.231329],[35.117455,51.229716],[35.105953,51.232942],[35.085526,51.230576],[35.075226,51.232082],[35.071964,51.234447],[35.071793,51.231759],[35.067158,51.229071],[35.06321,51.224123],[35.06218,51.221004],[35.064754,51.21853],[35.061493,51.214227],[35.051365,51.20874],[35.043297,51.206266],[35.037804,51.206158],[35.037289,51.217666],[35.03231,51.219602],[35.028534,51.219602],[35.022869,51.221861],[35.018063,51.225625],[35.012054,51.231325],[35.004845,51.231648],[35.00124,51.22982],[34.993172,51.228637],[34.982357,51.231433],[34.982357,51.234014],[34.980812,51.235304],[34.965534,51.231433],[34.961243,51.229174],[34.952145,51.227669],[34.9506,51.226271],[34.949913,51.224442],[34.952488,51.220463],[34.949398,51.217989],[34.938927,51.217128],[34.938583,51.213039],[34.916267,51.206046],[34.906139,51.205292],[34.903736,51.202602],[34.883995,51.195823],[34.871635,51.192594],[34.862537,51.198947],[34.84417,51.190768],[34.846401,51.188615],[34.840565,51.184956],[34.833012,51.183341],[34.833183,51.18065],[34.810867,51.175051],[34.807777,51.176235],[34.799023,51.175374],[34.793186,51.179142],[34.789581,51.181188],[34.788551,51.183341],[34.784431,51.184848],[34.780998,51.181403],[34.779282,51.177204],[34.772758,51.174728],[34.761772,51.176774],[34.754047,51.18065],[34.738083,51.178342]]]},"properties":{"name":"Russia-Sumy","zone_type":"custom","faction":"side_b","faction_name":"Side B","faction_color":"#ef4444","source":"bootstrap","last_updated":"2026-08-03T17:20:29.403Z","override":false,"id":"fmsek442f_11hd"}},{"type":"Feature","geometry":{"type":"Polygon","coordinates":[[[35.345764,50.789143],[35.350227,50.783714],[35.35778,50.775139],[35.355377,50.766997],[35.354862,50.758637],[35.364647,50.748069],[35.367908,50.730394],[35.36602,50.722787],[35.367222,50.71833],[35.367641,50.715988],[35.366278,50.715502],[35.365419,50.713327],[35.367994,50.705062],[35.369368,50.694243],[35.371771,50.688426],[35.383615,50.682659],[35.377178,50.674445],[35.379238,50.663723],[35.379324,50.659478],[35.382414,50.655123],[35.387735,50.651747],[35.392971,50.650223],[35.396576,50.652292],[35.400438,50.656266],[35.400409,50.656273],[35.400481,50.656323],[35.425501,50.655567],[35.462151,50.666617],[35.464039,50.666353],[35.462684,50.665867],[35.486526,50.655892],[35.488758,50.658614],[35.487385,50.670915],[35.49511,50.678638],[35.478973,50.681467],[35.472794,50.68027],[35.464725,50.684079],[35.459404,50.688867],[35.463524,50.693436],[35.460949,50.69898],[35.461807,50.702352],[35.459747,50.704547],[35.465584,50.707592],[35.473137,50.7252],[35.463867,50.736288],[35.475197,50.739976],[35.467987,50.745192],[35.47657,50.752146],[35.475197,50.755616],[35.488586,50.776448],[35.473824,50.783832],[35.450134,50.782963],[35.432281,50.794906],[35.414772,50.79901],[35.410309,50.805631],[35.413742,50.813987],[35.393614,50.815794],[35.393143,50.815532],[35.383186,50.816509],[35.378981,50.816075],[35.371943,50.815858],[35.365076,50.816129],[35.364988,50.816163],[35.354862,50.805747],[35.348511,50.796199],[35.345764,50.789143]]]},"properties":{"name":"Custom 32","zone_type":"custom","faction":"side_b","faction_name":"Side B","faction_color":"#ef4444","source":"bootstrap","last_updated":"2026-08-03T17:20:29.403Z","override":false,"id":"fmsek442f_125n"}},{"type":"Feature","geometry":{"type":"Polygon","coordinates":[[[34.090147,51.682247],[34.09049,51.677775],[34.09294,51.674991],[34.096155,51.67234],[34.097958,51.675748],[34.098816,51.676867],[34.103537,51.678943],[34.106455,51.679209],[34.108,51.67857],[34.11272,51.680327],[34.114866,51.68432],[34.116583,51.684959],[34.122162,51.684001],[34.121904,51.685013],[34.123621,51.685172],[34.125509,51.684161],[34.127741,51.689378],[34.130831,51.688899],[34.140358,51.689112],[34.141645,51.690389],[34.144392,51.690336],[34.145164,51.689325],[34.146795,51.687302],[34.151001,51.68826],[34.153147,51.689857],[34.156322,51.689697],[34.158468,51.685918],[34.178295,51.692273],[34.186363,51.694509],[34.191341,51.697276],[34.197521,51.696957],[34.201126,51.693977],[34.204731,51.694509],[34.208679,51.699937],[34.211941,51.702598],[34.217949,51.702598],[34.220867,51.702492],[34.235115,51.696425],[34.25211,51.702279],[34.260864,51.701321],[34.264297,51.702918],[34.273911,51.70345],[34.278717,51.705255],[34.291935,51.704723],[34.297943,51.70887],[34.307041,51.719298],[34.311504,51.720134],[34.315968,51.716091],[34.332447,51.714814],[34.340687,51.713537],[34.348412,51.71524],[34.356308,51.712686],[34.360771,51.713112],[34.368496,51.712792],[34.391327,51.718006],[34.401627,51.715027],[34.402485,51.717261],[34.41021,51.72056],[34.414501,51.722475],[34.423599,51.721836],[34.424973,51.728109],[34.427547,51.73013],[34.433727,51.729811],[34.436131,51.733746],[34.437504,51.737571],[34.439735,51.739805],[34.44025,51.743846],[34.435959,51.747351],[34.435787,51.752986],[34.437847,51.758191],[34.435616,51.764675],[34.432182,51.7651],[34.429951,51.764888],[34.429264,51.769025],[34.427719,51.772851],[34.424458,51.774126],[34.423428,51.775826],[34.421711,51.779014],[34.415531,51.779333],[34.41021,51.782623],[34.40815,51.790162],[34.417076,51.808213],[34.415188,51.814686],[34.412098,51.817765],[34.411755,51.819039],[34.414673,51.819888],[34.415188,51.824983],[34.410725,51.828274],[34.406776,51.831564],[34.402828,51.8322],[34.401283,51.835172],[34.398708,51.835809],[34.390469,51.835915],[34.388409,51.837825],[34.384659,51.836207],[34.388065,51.837858],[34.387894,51.839821],[34.386435,51.840878],[34.387636,51.843637],[34.386091,51.844274],[34.384632,51.843796],[34.378796,51.844114],[34.378195,51.843478],[34.372101,51.844167],[34.369354,51.844751],[34.369268,51.846396],[34.368153,51.848409],[34.367123,51.849735],[34.367809,51.85138],[34.369183,51.852175],[34.367809,51.852494],[34.364891,51.853979],[34.363346,51.855517],[34.363604,51.857267],[34.364033,51.85785],[34.362831,51.858911],[34.358883,51.860396],[34.347553,51.863901],[34.33794,51.867825],[34.327297,51.871324],[34.326267,51.874081],[34.324379,51.875459],[34.320946,51.874929],[34.304295,51.884683],[34.303265,51.887015],[34.27597,51.888075],[34.266036,51.880443],[34.264061,51.879502],[34.265327,51.878858],[34.260178,51.873663],[34.260693,51.870588],[34.258633,51.867195],[34.254169,51.866559],[34.253998,51.860089],[34.24799,51.856483],[34.248505,51.849588],[34.249535,51.845981],[34.243355,51.841631],[34.244127,51.835947],[34.246101,51.83218],[34.247818,51.828784],[34.244642,51.824113],[34.243441,51.821619],[34.243612,51.820398],[34.247904,51.818806],[34.24859,51.815944],[34.247131,51.814776],[34.249964,51.813024],[34.249449,51.811485],[34.250135,51.809149],[34.254084,51.806866],[34.255543,51.807981],[34.270306,51.808777],[34.280519,51.819288],[34.277773,51.824171],[34.301891,51.825498],[34.323735,51.832281],[34.328585,51.830477],[34.330859,51.828408],[34.330344,51.826445],[34.332061,51.824322],[34.349313,51.819653],[34.357587,51.8166],[34.357939,51.817321],[34.361458,51.816525],[34.363775,51.814879],[34.364676,51.81318],[34.364364,51.812344],[34.366436,51.810773],[34.382057,51.802384],[34.390125,51.790063],[34.39064,51.78082],[34.389859,51.780261],[34.389868,51.780229],[34.389471,51.779983],[34.385147,51.776889],[34.386288,51.774569],[34.38755,51.77258],[34.387292,51.772524],[34.378667,51.763596],[34.373646,51.762161],[34.350986,51.760141],[34.328912,51.757933],[34.3291,51.757652],[34.317598,51.756058],[34.309187,51.755792],[34.305567,51.756811],[34.305003,51.756784],[34.302664,51.756377],[34.294767,51.752975],[34.288158,51.753506],[34.283867,51.751137],[34.283566,51.75113],[34.283266,51.750961],[34.281596,51.751087],[34.280262,51.751057],[34.279232,51.755841],[34.276544,51.755602],[34.272022,51.754193],[34.272065,51.752147],[34.27052,51.7505],[34.265199,51.747365],[34.266186,51.74391],[34.267731,51.741146],[34.266915,51.736015],[34.266207,51.735779],[34.266186,51.735665],[34.265882,51.735671],[34.264598,51.735244],[34.25889,51.735403],[34.251938,51.735222],[34.243784,51.737775],[34.232368,51.739051],[34.225245,51.740486],[34.225588,51.744315],[34.224043,51.745644],[34.220867,51.746707],[34.207735,51.741603],[34.196234,51.743623],[34.172373,51.742932],[34.163275,51.736715],[34.160013,51.734375],[34.154949,51.729695],[34.140701,51.725241],[34.129372,51.720135],[34.121132,51.714074],[34.106026,51.701508],[34.104738,51.696673],[34.100103,51.693745],[34.102077,51.690978],[34.100618,51.688369],[34.090662,51.68608],[34.090147,51.682247]]]},"properties":{"name":"Russia Sumy North","zone_type":"custom","faction":"side_b","faction_name":"Side B","faction_color":"#ef4444","source":"bootstrap","last_updated":"2026-08-03T17:20:29.403Z","override":false,"id":"fmsek442f_13u3"}},{"type":"Feature","geometry":{"type":"Polygon","coordinates":[[[32.941376,51.103699],[33.021149,51.075989],[33.058563,51.078003],[33.060236,51.07622],[33.062439,51.076233],[33.06172,51.07464],[33.064243,51.071951],[33.06144,51.065741],[33.054915,51.05956],[33.051701,51.052434],[33.048893,51.049772],[33.050245,51.049204],[33.049227,51.046947],[33.083832,51.03241],[33.143983,51.027543],[33.178497,51.060272],[33.206879,51.04834],[33.157379,51.000244],[33.15506,50.989471],[33.186584,50.961945],[33.183929,50.917542],[33.149755,50.883513],[33.122498,50.813446],[33.12854,50.772766],[33.150633,50.759199],[33.165571,50.747624],[33.163653,50.745569],[33.166057,50.743706],[33.15678,50.733768],[33.130554,50.710083],[33.126679,50.679688],[33.124573,50.678296],[33.124054,50.675537],[33.102544,50.660966],[33.101834,50.655061],[33.103413,50.638472],[33.100917,50.617669],[33.100917,50.617668],[33.096217,50.608228],[33.095459,50.601898],[33.085333,50.58635],[33.072898,50.561318],[33.05949,50.540684],[33.059747,50.54097],[33.06258,50.540521],[33.061523,50.538391],[33.194,50.517303],[33.233582,50.540253],[33.274872,50.5466],[33.278851,50.545296],[33.284567,50.545931],[33.28717,50.545078],[33.33316,50.527801],[33.644928,50.485443],[33.730621,50.46167],[33.833705,50.480669],[33.83602,50.485014],[33.833082,50.486544],[33.833572,50.487464],[33.815291,50.498689],[33.810472,50.501197],[33.810572,50.501586],[33.807463,50.503494],[33.808155,50.506175],[33.806183,50.507385],[33.808641,50.50806],[33.809113,50.509888],[33.898193,50.532593],[33.970978,50.493378],[34.052408,50.471319],[34.055491,50.471557],[34.062547,50.482499],[34.065002,50.492126],[34.06896,50.492436],[34.070435,50.49472],[34.117004,50.496185],[34.121643,50.513763],[34.212402,50.542389],[34.245789,50.534576],[34.258056,50.439065],[34.375794,50.349304],[34.37522,50.347649],[34.37735,50.346039],[34.36833,50.32775],[34.363533,50.313884],[34.365171,50.293255],[34.368715,50.275152],[34.38412,50.264431],[34.401739,50.267601],[34.417512,50.27276],[34.421641,50.273501],[34.423221,50.271461],[34.426239,50.272003],[34.444733,50.243677],[34.455601,50.229628],[34.502411,50.203278],[34.503967,50.175354],[34.473264,50.164491],[34.473263,50.164491],[34.468663,50.163228],[34.46842,50.162776],[34.463807,50.161142],[34.460598,50.155173],[34.461795,50.150453],[34.459933,50.146989],[34.465056,50.137598],[34.468287,50.124854],[34.474368,50.1137],[34.477762,50.114289],[34.478916,50.112171],[34.496935,50.115296],[34.515971,50.120911],[34.536255,50.12442],[34.669373,50.11554],[34.704926,50.150879],[34.745117,50.138153],[34.814331,50.159546],[34.908234,50.145935],[34.940405,50.159653],[34.942946,50.160535],[34.943314,50.160893],[34.950814,50.164088],[34.965639,50.178531],[34.97525,50.191956],[34.97829,50.190845],[34.979431,50.191956],[34.99423,50.18502],[35.020993,50.175233],[35.023543,50.174036],[35.023685,50.174248],[35.026772,50.173118],[35.028156,50.175177],[35.0284,50.175088],[35.029831,50.177669],[35.051269,50.209534],[35.090455,50.208532],[35.104693,50.220098],[35.12455,50.239863],[35.12455,50.239864],[35.128604,50.243151],[35.132782,50.242892],[35.135346,50.244971],[35.1366,50.244893],[35.241791,50.236084],[35.243345,50.23947],[35.247947,50.241458],[35.250747,50.247554],[35.253472,50.261509],[35.259674,50.274994],[35.308795,50.278534],[35.308258,50.294128],[35.320801,50.302002],[35.381437,50.29409],[35.382585,50.296212],[35.382804,50.296183],[35.383782,50.298424],[35.402863,50.333649],[35.495397,50.302704],[35.501494,50.304926],[35.50097,50.30732],[35.501631,50.307561],[35.499524,50.313921],[35.498016,50.320801],[35.500836,50.320853],[35.500641,50.321442],[35.522856,50.321257],[35.606437,50.322753],[35.669145,50.322162],[35.670982,50.323865],[35.675363,50.323939],[35.677814,50.32621],[35.678711,50.326225],[35.680192,50.328412],[35.690555,50.338008],[35.690765,50.338318],[35.635591,50.344515],[35.63603,50.344557],[35.635593,50.344606],[35.636387,50.344682],[35.605145,50.362214],[35.57579,50.386639],[35.57476,50.397706],[35.576305,50.431438],[35.562572,50.437081],[35.561371,50.444628],[35.554676,50.451736],[35.545406,50.456548],[35.536995,50.459496],[35.53751,50.461354],[35.532875,50.465378],[35.522232,50.469204],[35.507469,50.476745],[35.503864,50.480243],[35.490646,50.484941],[35.477257,50.488766],[35.463696,50.503623],[35.457516,50.506573],[35.456486,50.513122],[35.444984,50.523273],[35.444298,50.529169],[35.438118,50.529169],[35.435028,50.533535],[35.435371,50.538334],[35.439148,50.541609],[35.435543,50.54968],[35.430222,50.558628],[35.424213,50.562664],[35.418246,50.566043],[35.418463,50.56607],[35.412798,50.569451],[35.399601,50.575427],[35.399494,50.575066],[35.397573,50.576181],[35.397529,50.576176],[35.397515,50.576215],[35.390568,50.580247],[35.394631,50.584096],[35.394154,50.5854],[35.400009,50.590874],[35.41254,50.597525],[35.424385,50.602975],[35.418377,50.608969],[35.420094,50.614636],[35.416145,50.615835],[35.413055,50.613002],[35.402241,50.631197],[35.393143,50.640456],[35.376189,50.634502],[35.37616,50.634582],[35.409541,50.646801],[35.392113,50.640548],[35.392178,50.641775],[35.374775,50.637378],[35.356064,50.648814],[35.353489,50.657633],[35.351257,50.667757],[35.343876,50.687342],[35.337353,50.703365],[35.323792,50.723016],[35.322418,50.738452],[35.322075,50.760828],[35.318298,50.777772],[35.327911,50.788839],[35.322418,50.805541],[35.323105,50.815524],[35.367463,50.824727],[35.367479,50.824754],[35.375633,50.826219],[35.384388,50.826219],[35.392885,50.826056],[35.4016,50.824468],[35.401897,50.825577],[35.406017,50.82677],[35.408421,50.830892],[35.41151,50.834254],[35.410824,50.841629],[35.412197,50.846618],[35.410652,50.850629],[35.410566,50.855108],[35.40473,50.863239],[35.401897,50.864431],[35.396919,50.86416],[35.39237,50.86584],[35.387478,50.866816],[35.381641,50.869957],[35.385418,50.880629],[35.383186,50.886698],[35.372372,50.897422],[35.371513,50.904462],[35.363274,50.911501],[35.354347,50.911393],[35.341824,50.908831],[35.341825,50.908877],[35.341822,50.908894],[35.341814,50.908911],[35.341805,50.908922],[35.341626,50.908885],[35.332117,50.910235],[35.32671,50.914566],[35.320873,50.914945],[35.31744,50.920358],[35.321045,50.921008],[35.318127,50.923281],[35.30508,50.926854],[35.300531,50.930478],[35.296154,50.938375],[35.288172,50.937671],[35.286369,50.945625],[35.272551,50.951085],[35.265341,50.956765],[35.255601,50.967769],[35.236416,50.966002],[35.228519,50.973032],[35.223713,50.982439],[35.215302,50.992709],[35.218563,51.003518],[35.218484,51.003258],[35.21822,51.003076],[35.21822,51.005778],[35.213242,51.004913],[35.213757,51.008587],[35.211353,51.00956],[35.20895,51.008371],[35.20998,51.005886],[35.202341,51.005067],[35.200624,51.003392],[35.197105,51.005338],[35.180626,51.0136],[35.174189,51.019272],[35.170841,51.022723],[35.1723,51.023101],[35.171871,51.024235],[35.167684,51.024235],[35.165391,51.022724],[35.161529,51.022076],[35.160155,51.018355],[35.156121,51.018814],[35.152688,51.019192],[35.15389,51.015249],[35.15007,51.009711],[35.140929,51.008496],[35.13651,51.005251],[35.136681,51.0047],[35.124664,51.000594],[35.108013,51.001242],[35.092907,51.00362],[35.079002,51.007726],[35.070934,51.019071],[35.053768,51.034733],[35.053794,51.03475],[35.044498,51.035902],[35.045528,51.051767],[35.064583,51.058891],[35.086727,51.074648],[35.095482,51.085675],[35.111618,51.102285],[35.105438,51.107245],[35.105993,51.107389],[35.098572,51.107762],[35.080719,51.096547],[35.074196,51.085544],[35.042953,51.075838],[35.024242,51.059226],[35.009995,51.066457],[34.997463,51.057719],[34.977036,51.051458],[34.953518,51.05027],[34.927254,51.044656],[34.89687,51.04282],[34.884682,51.042172],[34.854813,51.036125],[34.833012,51.039473],[34.830704,51.055019],[34.830093,51.054995],[34.83387,51.067624],[34.832325,51.075285],[34.81739,51.075285],[34.796791,51.076148],[34.789581,51.073559],[34.774647,51.073127],[34.766407,51.08273],[34.766235,51.09948],[34.748039,51.116578],[34.741859,51.124868],[34.746666,51.13349],[34.744606,51.144697],[34.730358,51.154177],[34.719715,51.164516],[34.712162,51.168393],[34.719248,51.169856],[34.712639,51.169529],[34.712644,51.16954],[34.712648,51.169557],[34.712647,51.169574],[34.712641,51.16959],[34.712629,51.169606],[34.712615,51.169618],[34.712367,51.169606],[34.693108,51.175914],[34.668388,51.192384],[34.651909,51.205836],[34.656715,51.21143],[34.645729,51.22122],[34.644871,51.23563],[34.631996,51.236483],[34.62307,51.234978],[34.600239,51.241751],[34.582729,51.233257],[34.567451,51.237881],[34.519215,51.231963],[34.483337,51.24518],[34.473553,51.248621],[34.458961,51.253558],[34.452267,51.259576],[34.4454,51.261188],[34.439564,51.255707],[34.430966,51.257253],[34.426947,51.25133],[34.417591,51.244074],[34.404802,51.24187],[34.392099,51.241225],[34.385576,51.244289],[34.377851,51.24617],[34.37253,51.248804],[34.36223,51.247675],[34.357126,51.251888],[34.317418,51.238469],[34.317104,51.238465],[34.316827,51.238371],[34.305067,51.23822],[34.293351,51.236929],[34.284811,51.236818],[34.27228,51.241012],[34.256744,51.245849],[34.252024,51.249504],[34.242067,51.256168],[34.233656,51.257779],[34.230394,51.257779],[34.228678,51.258907],[34.229879,51.262776],[34.230394,51.267289],[34.23357,51.269599],[34.230824,51.270674],[34.230484,51.272639],[34.230606,51.272705],[34.230591,51.272719],[34.230571,51.272731],[34.230548,51.272741],[34.230522,51.272748],[34.230495,51.272751],[34.230473,51.272752],[34.246427,51.281297],[34.233913,51.292957],[34.243355,51.297789],[34.254341,51.301977],[34.265842,51.303158],[34.273052,51.315826],[34.275799,51.333427],[34.283352,51.339757],[34.298286,51.342224],[34.306782,51.340177],[34.307899,51.339454],[34.317513,51.363479],[34.318886,51.367554],[34.30172,51.37077],[34.290047,51.371628],[34.275627,51.36884],[34.257431,51.371842],[34.249191,51.383205],[34.233398,51.390493],[34.221382,51.391993],[34.226875,51.397351],[34.222069,51.405274],[34.209377,51.413837],[34.217041,51.417053],[34.223663,51.51474],[34.152985,51.583954],[34.140045,51.621185],[34.079498,51.643097],[34.08652,51.660262],[34.078903,51.663729],[34.086342,51.671933],[34.084396,51.671307],[34.082594,51.672585],[34.084826,51.677111],[34.08298,51.681105],[34.07444,51.68209],[34.076757,51.684352],[34.082379,51.68733],[34.085555,51.690949],[34.092765,51.693766],[34.097571,51.699965],[34.107034,51.703061],[34.109116,51.709063],[34.114437,51.716194],[34.125241,51.721937],[34.156837,51.743738],[34.170914,51.751075],[34.185419,51.751436],[34.195976,51.74798],[34.206533,51.750479],[34.21546,51.750798],[34.236574,51.750054],[34.248505,51.741866],[34.26301,51.745109],[34.267387,51.755633],[34.272451,51.757334],[34.273825,51.759885],[34.277601,51.758185],[34.282064,51.755793],[34.291463,51.755307],[34.296784,51.757673],[34.300303,51.758789],[34.307685,51.760011],[34.309678,51.760927],[34.312706,51.768919],[34.322662,51.774658],[34.325237,51.781458],[34.337769,51.789744],[34.343262,51.792613],[34.35236,51.795693],[34.352016,51.809392],[34.351031,51.812675],[34.347201,51.817649],[34.341717,51.818812],[34.326611,51.826455],[34.318027,51.828578],[34.306698,51.824438],[34.287815,51.821785],[34.280262,51.815309],[34.268932,51.807027],[34.24902,51.805753],[34.242668,51.820723],[34.245415,51.829321],[34.241467,51.83675],[34.244213,51.848209],[34.2449,51.856801],[34.248333,51.866134],[34.257288,51.875089],[34.246002,51.875458],[34.166412,51.94223],[34.096222,51.951813],[34.101074,51.992493],[34.06253,52.050201],[34.056641,52.100372],[34.073608,52.139557],[34.055725,52.170319],[33.957733,52.22467],[33.900696,52.285828],[33.839081,52.313904],[33.804047,52.354584],[33.687927,52.355804],[33.600189,52.33078],[33.531677,52.288818],[33.510071,52.287506],[33.493011,52.303131],[33.49942,52.340973],[33.480499,52.357758],[33.437317,52.339142],[33.403656,52.342926],[33.401565,52.338581],[33.401699,52.338498],[33.401871,52.334721],[33.399296,52.328844],[33.402815,52.323758],[33.405304,52.319979],[33.402472,52.31494],[33.397751,52.313155],[33.391228,52.316042],[33.39077,52.316122],[33.366772,52.266119],[33.359764,52.249117],[33.355587,52.244761],[33.317841,52.209808],[33.328776,52.158675],[33.328776,52.158674],[33.329365,52.154513],[33.329681,52.154441],[33.330215,52.151941],[33.373993,52.141968],[33.375897,52.140596],[33.378662,52.139954],[33.398902,52.124009],[33.446597,52.089574],[33.454842,52.087306],[33.465259,52.086884],[33.474778,52.084263],[33.476898,52.084177],[33.476972,52.083659],[33.48081,52.082602],[33.481174,52.080057],[33.485012,52.079],[33.485389,52.076355],[33.482292,52.072227],[33.482939,52.067699],[33.481481,52.065755],[33.474716,52.062124],[33.470974,52.057132],[33.464212,52.053501],[33.462429,52.051121],[33.459312,52.050869],[33.454382,52.048221],[33.447846,52.047693],[33.443543,52.04538],[33.435989,52.046734],[33.427063,52.046011],[33.418411,52.047561],[33.409486,52.046837],[33.406941,52.047293],[33.398268,52.051167],[33.387949,52.053012],[33.379272,52.056885],[33.374056,52.02462],[33.36798,52.002662],[33.36313,51.998581],[33.361757,51.99361],[33.360584,51.992623],[33.361199,51.991592],[33.359966,51.987127],[33.377045,51.958466],[33.366242,51.946686],[33.286835,51.933014],[33.225067,51.905701],[33.160675,51.904205],[33.167664,51.892059],[33.165547,51.890548],[33.166526,51.887803],[33.160429,51.883447],[33.154206,51.882444],[33.150034,51.879462],[33.145145,51.878673],[33.141266,51.873193],[33.133187,51.867414],[33.128252,51.860437],[33.120178,51.854658],[33.11848,51.852255],[33.113761,51.850063],[33.102594,51.842063],[33.088898,51.835693],[33.062042,51.792908],[33.091583,51.733582],[33.153198,51.693085],[33.134888,51.657806],[33.156433,51.638855],[33.156843,51.635765],[33.15799,51.634613],[33.165591,51.590768],[33.167978,51.588077],[33.181915,51.576691],[33.178948,51.575707],[33.180511,51.573944],[33.157532,51.568604],[33.152557,51.546234],[33.170972,51.530774],[33.183787,51.516861],[33.181807,51.514495],[33.183948,51.512169],[33.183406,51.511521],[33.172573,51.503462],[33.169678,51.5],[33.168347,51.500316],[33.165955,51.498535],[33.164262,51.4989],[33.130373,51.506944],[33.130491,51.506168],[33.126727,51.506977],[33.127097,51.504538],[33.126494,51.504668],[33.127593,51.501269],[33.130859,51.479736],[33.108185,51.45575],[33.129944,51.424133],[33.129089,51.421258],[33.130249,51.419342],[33.123936,51.403927],[33.115204,51.374512],[33.111783,51.374212],[33.11087,51.371979],[33.107946,51.371621],[33.06572,51.367913],[33.063255,51.369951],[33.059189,51.369593],[33.042152,51.383676],[33.033578,51.390444],[33.029354,51.390164],[33.026729,51.392235],[33.022505,51.391955],[33.021039,51.393112],[33.019343,51.391745],[33.014366,51.391415],[33.011331,51.388968],[33.011186,51.388958],[33.01109,51.388774],[33.004542,51.383493],[33.002488,51.379539],[33.018308,51.35056],[33.020013,51.348085],[33.024897,51.346684],[33.025445,51.345889],[33.044818,51.340969],[33.052673,51.338715],[33.052454,51.336622],[33.055145,51.335938],[33.049377,51.307251],[33.070648,51.291077],[33.070548,51.287868],[33.073608,51.285065],[33.070682,51.254114],[33.066837,51.251669],[33.066693,51.250141],[33.060149,51.247414],[33.047857,51.239591],[33.033234,51.23349],[33.027679,51.19809],[32.967468,51.182129],[32.970398,51.139801],[32.941376,51.103699]]]},"properties":{"name":"Ukraine-Sumy","zone_type":"oblast","faction":"side_a","faction_name":"Side A","faction_color":"#3b82f6","source":"bootstrap","last_updated":"2026-08-03T17:27:33Z","override":false,"id":"fmsek442f_1451"}},{"type":"Feature","geometry":{"type":"Polygon","coordinates":[[[34.369625,51.264238],[34.382191,51.260831],[34.382229,51.260841],[34.386177,51.260733],[34.393215,51.259685],[34.397593,51.258019],[34.402184,51.257723],[34.407849,51.259336],[34.411411,51.259658],[34.415703,51.26041],[34.416089,51.260334],[34.419479,51.261223],[34.413214,51.262459],[34.414501,51.265467],[34.410725,51.267509],[34.40506,51.269066],[34.399481,51.271],[34.398022,51.271],[34.38446,51.273632],[34.369625,51.264238]]]},"properties":{"name":"Russia near Tetkino","zone_type":"custom","faction":"side_b","faction_name":"Side B","faction_color":"#ef4444","source":"bootstrap","last_updated":"2026-08-03T17:20:29.403Z","override":false,"id":"fmsek442f_15ot"}},{"type":"Feature","geometry":{"type":"MultiPolygon","coordinates":[[[[35.924435,47.767983],[35.934949,47.758376],[35.942116,47.757011],[35.955334,47.749621],[35.960655,47.741884],[35.967865,47.738766],[35.987091,47.735878],[35.999535,47.723662],[36.014557,47.723744],[36.00563,47.78263],[36.003825,47.782445],[36.003828,47.782383],[35.942627,47.776184],[35.942452,47.776166],[35.937738,47.775689],[35.927525,47.773177],[35.924435,47.767983]]],[[[35.937738,47.775689],[35.942452,47.776166],[35.942459,47.776167],[35.942627,47.776184],[36.003828,47.782383],[35.937738,47.775689]]],[[[35.942452,47.776166],[35.942627,47.776184],[35.942459,47.776167],[35.942452,47.776166]]]]},"properties":{"name":"Russia Zaporozhye advance","zone_type":"custom","faction":"side_b","faction_name":"Side B","faction_color":"#ef4444","source":"bootstrap","last_updated":"2026-08-03T17:20:29.403Z","override":false,"id":"fmsek442f_16t1"}},{"type":"Feature","geometry":{"type":"Polygon","coordinates":[[[31.966316,46.727474],[31.966446,46.72699],[31.979828,46.677063],[32.008942,46.639771],[32.11792,46.606873],[32.146332,46.560242],[32.248993,46.591384],[32.318344,46.549354],[32.379456,46.562861],[32.43649,46.570573],[32.45945,46.566519],[32.479191,46.573387],[32.486315,46.581533],[32.507172,46.593689],[32.528114,46.595046],[32.547169,46.596159],[32.561073,46.600407],[32.576866,46.601233],[32.589054,46.603121],[32.611542,46.620345],[32.624245,46.628012],[32.637291,46.636738],[32.638711,46.638932],[32.656174,46.648647],[32.687244,46.662077],[32.721577,46.670091],[32.774667,46.669266],[32.833157,46.687287],[32.895813,46.721342],[32.927055,46.73382],[32.983704,46.740411],[33.033142,46.741353],[33.083611,46.761583],[33.137512,46.78368],[33.152962,46.78415],[33.161116,46.786798],[33.185492,46.787974],[33.200426,46.787739],[33.206005,46.787445],[33.211927,46.782859],[33.231325,46.785858],[33.260336,46.782057],[33.281536,46.783997],[33.292265,46.778411],[33.301663,46.774177],[33.318143,46.774941],[33.335781,46.779505],[33.355291,46.778388],[33.370113,46.778623],[33.374794,46.781512],[33.370285,46.785528],[33.408737,46.820324],[33.471909,46.840534],[33.565292,46.845702],[33.604431,46.872946],[33.609238,46.943325],[33.670349,46.985485],[33.662796,47.041674],[33.739014,47.071626],[33.785706,47.117925],[33.814545,47.179962],[33.892822,47.208903],[33.941231,47.27018],[33.976593,47.318847],[33.984833,47.395149],[33.96698,47.462037],[33.972473,47.498321],[33.973094,47.498588],[33.901736,47.513969],[33.654388,47.486816],[33.626923,47.508346],[33.586011,47.561663],[33.562687,47.574856],[33.283024,47.538916],[33.085623,47.579629],[33.030229,47.405652],[33.105357,47.276058],[32.976646,47.186232],[32.915998,47.100029],[32.953119,46.964463],[32.810497,46.882844],[32.543864,46.874015],[32.222656,46.804962],[31.966316,46.727474]]]},"properties":{"name":"Ukraine-Kherson","zone_type":"custom","faction":"side_a","faction_name":"Side A","faction_color":"#3b82f6","source":"bootstrap","last_updated":"2026-08-03T17:20:29.403Z","override":false,"id":"fmsek442f_189j"}},{"type":"Feature","geometry":{"type":"MultiPolygon","coordinates":[[[[36.360283,50.286952],[36.369381,50.281998],[36.37084,50.276511],[36.380968,50.276785],[36.396332,50.261942],[36.396731,50.26053],[36.396139,50.259998],[36.396739,50.257995],[36.396825,50.254829],[36.397233,50.252752],[36.398306,50.251201],[36.399679,50.250378],[36.400709,50.250474],[36.405087,50.250858],[36.404743,50.253137],[36.406446,50.253777],[36.410923,50.251221],[36.418304,50.250288],[36.423969,50.249903],[36.429205,50.249052],[36.44002,50.245675],[36.443925,50.24271],[36.443367,50.240029],[36.447401,50.237338],[36.450233,50.23536],[36.464138,50.233822],[36.489544,50.230875],[36.502888,50.22312],[36.505165,50.224073],[36.532631,50.208031],[36.537437,50.202425],[36.551342,50.194729],[36.585159,50.192848],[36.62035,50.207579],[36.644039,50.207139],[36.660916,50.201705],[36.667256,50.203014],[36.669145,50.204525],[36.673093,50.205102],[36.681762,50.20513],[36.686654,50.202849],[36.697254,50.199634],[36.702919,50.199456],[36.707125,50.200611],[36.718369,50.197203],[36.738024,50.198577],[36.762314,50.206459],[36.777077,50.21613],[36.790466,50.223602],[36.818962,50.22536],[36.834412,50.206487],[36.833897,50.198683],[36.832094,50.191206],[36.837502,50.183859],[36.837416,50.183541],[36.837585,50.183335],[36.837544,50.184],[36.840677,50.181251],[36.843381,50.180068],[36.847329,50.181306],[36.849303,50.181636],[36.852136,50.18334],[36.854453,50.18323],[36.862006,50.181058],[36.866255,50.179794],[36.868615,50.177731],[36.869699,50.176648],[36.871006,50.176149],[36.876426,50.175422],[36.881018,50.175532],[36.884408,50.173169],[36.891918,50.172536],[36.902046,50.172187],[36.908226,50.174387],[36.920414,50.173617],[36.925478,50.171857],[36.927886,50.166383],[36.938267,50.163775],[36.946077,50.16515],[36.956291,50.16449],[36.960583,50.165205],[36.969423,50.16493],[36.980581,50.16559],[36.988649,50.164325],[36.994314,50.16471],[37.004013,50.16306],[37.010143,50.161492],[37.018862,50.163007],[37.04401,50.165922],[37.058773,50.167187],[37.083291,50.163807],[37.082977,50.164814],[37.086754,50.175814],[37.113533,50.177683],[37.126408,50.178893],[37.141685,50.181643],[37.16795,50.182083],[37.187862,50.182292],[37.21344,50.182017],[37.219276,50.185479],[37.218161,50.202222],[37.218375,50.205668],[37.227902,50.222536],[37.228798,50.225825],[37.23773,50.228709],[37.250519,50.231236],[37.267513,50.238211],[37.273178,50.239365],[37.281504,50.238211],[37.287855,50.243264],[37.287598,50.247821],[37.286568,50.249853],[37.282276,50.253038],[37.274809,50.256002],[37.270947,50.260449],[37.265797,50.266323],[37.25893,50.264841],[37.256269,50.26769],[37.250519,50.266812],[37.246656,50.271642],[37.241507,50.270325],[37.238331,50.273232],[37.235462,50.272573],[37.215843,50.296057],[37.211552,50.314155],[37.21962,50.32216],[37.222538,50.330822],[37.227096,50.333291],[37.227173,50.333438],[37.228315,50.333952],[37.233868,50.33696],[37.236099,50.34577],[37.235756,50.367245],[37.232956,50.369379],[37.230392,50.370794],[37.22683,50.372766],[37.22434,50.375594],[37.224126,50.376109],[37.223396,50.376665],[37.224081,50.376215],[37.22301,50.378789],[37.180824,50.362354],[37.148993,50.353911],[37.138658,50.36093],[37.103748,50.357971],[37.105122,50.351507],[37.072225,50.345918],[37.047272,50.345589],[37.035599,50.348767],[36.938095,50.349863],[36.887627,50.338485],[36.869774,50.335635],[36.82081,50.313635],[36.799607,50.305587],[36.768837,50.30121],[36.762556,50.291522],[36.686511,50.262641],[36.683435,50.256662],[36.684208,50.250458],[36.679745,50.237335],[36.664295,50.222172],[36.652365,50.218875],[36.64773,50.217941],[36.639278,50.222586],[36.639282,50.222586],[36.61623,50.227359],[36.612282,50.224173],[36.594601,50.230322],[36.594086,50.232519],[36.576748,50.239985],[36.57692,50.242401],[36.570053,50.244158],[36.560955,50.250634],[36.569881,50.257438],[36.573486,50.255352],[36.577778,50.258536],[36.57486,50.260512],[36.581039,50.263034],[36.591682,50.270828],[36.594601,50.275109],[36.593914,50.277852],[36.590137,50.27906],[36.584988,50.286193],[36.567478,50.285973],[36.559582,50.284108],[36.558208,50.282242],[36.550312,50.281694],[36.534863,50.284547],[36.524391,50.286734],[36.526794,50.293646],[36.516495,50.294081],[36.500187,50.299676],[36.497612,50.303516],[36.495724,50.303625],[36.487312,50.311413],[36.473408,50.313497],[36.439419,50.311413],[36.433754,50.330492],[36.424484,50.328299],[36.415386,50.317554],[36.407318,50.310974],[36.400709,50.307777],[36.376462,50.300093],[36.380711,50.293206],[36.360283,50.286952]]],[[[36.869699,50.176648],[36.870074,50.176274],[36.871006,50.176149],[36.869699,50.176648]]],[[[37.116578,50.177969],[37.126408,50.178893],[37.11657813570999,50.177969183627894],[37.116578,50.177969]]],[[[37.16795,50.182083],[37.186444,50.182277],[37.186443851605745,50.182277114854635],[37.16795,50.182083]]],[[[37.227096,50.333291],[37.228315,50.333952],[37.227173,50.333438],[37.227096,50.333291]]]]},"properties":{"name":"Russia Kharkov 2","zone_type":"custom","faction":"side_b","faction_name":"Side B","faction_color":"#ef4444","source":"bootstrap","last_updated":"2026-08-03T17:20:29.403Z","override":false,"id":"fmsek442f_199w"}},{"type":"Feature","geometry":{"type":"Polygon","coordinates":[[[37.56595,49.33253],[37.566032,49.332086],[37.56631,49.331957],[37.56595,49.33253]]]},"properties":{"name":"Custom 40","zone_type":"custom","faction":"side_b","faction_name":"Side B","faction_color":"#ef4444","source":"bootstrap","last_updated":"2026-08-03T17:20:29.403Z","override":false,"id":"fmsek442f_1amh"}},{"type":"Feature","geometry":{"type":"MultiPolygon","coordinates":[[[[36.534703835463205,47.88669213073135],[36.551373369469914,47.87741004883906],[36.569871,47.867694],[36.569959,47.867639],[36.57003,47.867575],[36.570083,47.867503],[36.570116,47.867426],[36.576799,47.844294],[36.576802,47.844272],[36.576808,47.844251],[36.577129,47.842024],[36.577129,47.841938],[36.577105,47.841854],[36.577057,47.841774],[36.576987,47.841702],[36.576898,47.84164],[36.576793,47.84159],[36.576676,47.841555],[36.576551,47.841535],[36.574354,47.841337],[36.574349,47.841337],[36.58374,47.791382],[36.652985,47.787811],[36.703094,47.690826],[36.741635,47.675223],[36.743112,47.672033],[36.743151,47.672017],[36.743125,47.672004],[36.744181,47.669723],[36.720001,47.657745],[36.723724,47.644043],[36.726094,47.643343],[36.727265,47.640573],[36.72784,47.640403],[36.749451,47.636444],[36.74916,47.621554],[36.752491,47.605485],[36.755795,47.605831],[36.756255,47.603615],[36.759559,47.603961],[36.7597,47.603281],[36.76466,47.604495],[36.781719,47.606279],[36.797882,47.610229],[36.865975,47.567896],[36.894533,47.551342],[36.944214,47.570374],[36.99358,47.54831],[37.012901,47.53488],[37.128693,47.451172],[37.131137,47.452495],[37.133475,47.450863],[37.138047,47.453337],[37.152161,47.463867],[37.208804,47.456778],[37.215011,47.456245],[37.214923,47.45601],[37.218229,47.455595],[37.21182,47.438462],[37.200553,47.417565],[37.1925,47.395982],[37.187853,47.387347],[37.186925,47.381023],[37.181381,47.366137],[37.179138,47.35083],[37.16163,47.347647],[37.135529,47.370544],[37.114441,47.37146],[37.078888,47.329987],[37.078425,47.328424],[37.076721,47.326385],[37.075277,47.3178],[37.069971,47.299872],[37.028931,47.287537],[36.919403,47.30127],[36.91394,47.2836],[36.922576,47.262125],[36.934377,47.241301],[36.934377,47.2413],[36.934702,47.240492],[36.934873,47.231527],[36.938366,47.22283],[36.938532,47.214089],[36.93525,47.211748],[36.935272,47.210597],[36.932887,47.210062],[36.92805,47.206612],[36.92133,47.205104],[36.920958,47.204839],[36.919628,47.204723],[36.903151,47.201023],[36.885867,47.199505],[36.869394,47.195801],[36.865601,47.195466],[36.865999,47.195037],[36.862786,47.194313],[36.864601,47.192356],[36.861388,47.191632],[36.866867,47.185721],[36.874087,47.18212],[36.878833,47.176998],[36.886051,47.173397],[36.890795,47.168274],[36.89422,47.166564],[36.919244,47.156823],[36.942463,47.145219],[36.967468,47.135468],[37.010925,47.065613],[37.045868,47.046143],[37.069647,47.054267],[37.070573,47.054689],[37.070684,47.054621],[37.073813,47.055689],[37.118469,47.028168],[37.09848,47.005707],[37.098543,47.005549],[37.096194,47.00288],[37.097406,46.999844],[37.097348,46.999778],[37.097593,46.999373],[37.104447,46.982198],[37.114441,46.965698],[37.105944,46.964513],[37.098819,46.961231],[37.090324,46.960044],[37.089625,46.959722],[37.088797,46.95983],[37.080449,46.958663],[37.072017,46.959771],[37.063669,46.958602],[37.057037,46.959473],[37.053751,46.957213],[37.051147,46.956848],[37.03903,46.947086],[37.009552,46.926788],[37.010896,46.9244],[37.008478,46.922449],[37.014093,46.912471],[37.037689,46.876709],[37.037712,46.876716],[37.03775,46.876648],[37.039209,46.877195],[37.227051,46.936981],[37.29541,46.920227],[37.317383,46.900818],[37.312988,46.875549],[37.335205,46.882446],[37.48291,47.03595],[37.546387,47.081604],[37.580719,47.090393],[37.710297,47.074158],[37.861084,47.101501],[38.026215,47.081604],[38.071533,47.099792],[38.130035,47.074646],[38.108063,47.026337],[38.142242,47.037659],[38.216461,47.103088],[38.201416,47.130737],[38.203461,47.192291],[38.21298,47.203751],[38.222504,47.21521],[38.298157,47.256012],[38.29184,47.287018],[38.200989,47.290619],[38.18869,47.300964],[38.203369,47.334625],[38.257935,47.393219],[38.260315,47.49292],[38.319031,47.591278],[38.352905,47.607086],[38.562195,47.626617],[38.66214,47.683289],[38.734497,47.677124],[38.770996,47.780823],[38.830933,47.848236],[38.877228,47.861237],[39.036163,47.856995],[39.037204,47.856966],[39.036266,47.857315],[39.055512,47.917358],[39.031281,47.949829],[39.03128,47.995795],[39.03089,48.001093],[39.027471,48.001578],[39.027302,48.00387],[39.023882,48.004355],[39.023853,48.004743],[39.009484,48.006394],[38.925107,48.0183],[38.840118,48.027954],[38.81202,48.051458],[38.804159,48.057115],[38.804524,48.057725],[38.802082,48.059766],[38.822723,48.094269],[38.814026,48.11142],[38.608908,48.177429],[38.608576,48.179995],[38.607088,48.180472],[38.607261,48.190192],[38.604279,48.213318],[38.57074,48.274353],[38.525034,48.275783],[38.479355,48.274965],[38.458976,48.275588],[38.452109,48.278025],[38.444358,48.27826],[38.43749,48.280696],[38.434775,48.280778],[38.434249,48.281845],[38.42994,48.283372],[38.428437,48.286418],[38.42653,48.287094],[38.420396,48.302711],[38.411106,48.321525],[38.414217,48.322431],[38.414139,48.322588],[38.415769,48.322883],[38.436841,48.329016],[38.459118,48.33304],[38.467843,48.335575],[38.469543,48.338522],[38.473941,48.339799],[38.476852,48.344843],[38.475541,48.348914],[38.477768,48.35277],[38.476457,48.356842],[38.476775,48.357392],[38.47603,48.358168],[38.474018,48.364418],[38.468798,48.369852],[38.466785,48.376103],[38.466158,48.376756],[38.399109,48.442291],[38.364197,48.432587],[38.340581,48.442648],[38.315303,48.450771],[38.313099,48.451709],[38.312141,48.454754],[38.308132,48.456459],[38.307174,48.459504],[38.305778,48.460098],[38.306234,48.462489],[38.30409,48.469301],[38.309411,48.497105],[38.31485,48.515411],[38.313097,48.516335],[38.313592,48.518914],[38.293105,48.529705],[38.260071,48.54425],[38.269836,48.568146],[38.269196,48.571181],[38.270019,48.573608],[38.257594,48.626177],[38.249536,48.66435],[38.305389,48.719299],[38.303833,48.728516],[38.266419,48.732727],[38.29483,48.778198],[38.281494,48.835205],[38.234802,48.850739],[38.210083,48.92392],[38.057739,48.937042],[38.010623,48.956243],[38.015839,48.971619],[38.05968,48.988868],[38.075632,48.996134],[38.074511,48.998369],[38.077449,48.999706],[38.068728,49.01709],[38.044094,49.06408],[38.04607,49.067231],[38.044865,49.069528],[38.050685,49.07459],[38.055887,49.08288],[38.060211,49.086639],[38.060979,49.090993],[38.063324,49.094727],[38.068581,49.134],[38.07016,49.142914],[38.069786,49.142984],[38.070089,49.145238],[38.066697,49.145878],[38.066729,49.146116],[38.064384,49.146315],[38.042842,49.150378],[38.02063,49.152252],[37.976563,49.131348],[37.893546,49.158047],[37.887649,49.164112],[37.888542,49.167364],[37.887261,49.168682],[37.891084,49.176615],[37.893464,49.185272],[37.903579,49.188872],[37.916436,49.190884],[37.92991,49.195674],[37.926904,49.197166],[37.930183,49.198332],[37.909801,49.208444],[37.887095,49.216909],[37.866288,49.227217],[37.857462,49.230503],[37.835541,49.211346],[37.834814,49.211043],[37.84481,49.197067],[37.837601,49.183149],[37.831421,49.186741],[37.814255,49.192802],[37.796745,49.19168],[37.783356,49.179557],[37.78327,49.178291],[37.783135,49.17832],[37.783128,49.178227],[37.770653,49.180881],[37.762241,49.179646],[37.761846,49.179421],[37.761976,49.179615],[37.761733,49.179476],[37.769966,49.19168],[37.758264,49.200571],[37.750397,49.197208],[37.745419,49.192948],[37.735119,49.19138],[37.729969,49.186554],[37.71143,49.183864],[37.702675,49.179598],[37.697182,49.178139],[37.683105,49.169722],[37.680187,49.168038],[37.679329,49.1613],[37.65255,49.152652],[37.643452,49.148945],[37.643133,49.149895],[37.639847,49.147628],[37.616501,49.139764],[37.618217,49.131899],[37.582684,49.117837],[37.534103,49.083293],[37.545605,49.054862],[37.564144,49.049009],[37.576847,49.035387],[37.575779,49.03491],[37.57616,49.03507],[37.582169,49.037153],[37.603283,49.034564],[37.619848,49.031411],[37.622166,49.028934],[37.626286,49.026682],[37.635899,49.024655],[37.646799,49.022571],[37.654009,49.02167],[37.655897,49.0197],[37.664051,49.019925],[37.666125,49.017203],[37.669888,49.017288],[37.68259,49.014585],[37.691259,49.012107],[37.699156,49.011318],[37.705593,49.01098],[37.718468,49.007037],[37.729883,49.007263],[37.743101,49.006193],[37.751942,49.002418],[37.756972,48.995442],[37.76722,48.992939],[37.784042,48.9846],[37.788506,48.977612],[37.763786,48.971299],[37.757263,48.966338],[37.730141,48.956641],[37.736664,48.949649],[37.766876,48.930021],[37.785416,48.919866],[37.774429,48.9149],[37.767134,48.909316],[37.767347,48.909479],[37.767048,48.90921],[37.766421,48.909261],[37.766533,48.909216],[37.765825,48.903351],[37.774944,48.900421],[37.793999,48.893195],[37.794857,48.88642],[37.797089,48.879418],[37.792282,48.875578],[37.785931,48.862708],[37.784901,48.848696],[37.784729,48.835133],[37.7929093328773,48.81792763122985],[37.793484,48.817291],[37.79331,48.817084],[37.793999,48.815635],[37.786961,48.803823],[37.783356,48.794321],[37.765846,48.794208],[37.760584,48.786823],[37.765503,48.784618],[37.750568,48.767755],[37.742672,48.763684],[37.722931,48.765495],[37.715034,48.75825],[37.711258,48.75214],[37.705078,48.742518],[37.704735,48.734708],[37.707481,48.724852],[37.69698,48.722488],[37.706422,48.71161],[37.709168,48.694836],[37.708653,48.672273],[37.695607,48.672273],[37.695317,48.672446],[37.689457,48.6605],[37.683964,48.657101],[37.684479,48.647121],[37.693062,48.641682],[37.694435,48.63056],[37.703362,48.619549],[37.695122,48.612283],[37.672634,48.59434],[37.661133,48.585366],[37.640877,48.575027],[37.63092,48.573322],[37.631063,48.573346],[37.630545,48.573239],[37.626972,48.569575],[37.625771,48.561506],[37.621651,48.548229],[37.616158,48.532765],[37.608261,48.525145],[37.577362,48.51286],[37.571182,48.511608],[37.566091,48.516637],[37.553313,48.517053],[37.54406,48.511603],[37.531528,48.518657],[37.506123,48.520932],[37.48003,48.519567],[37.476254,48.537423],[37.467155,48.536399],[37.414799,48.540379],[37.417512,48.551645],[37.413711,48.552436],[37.416859,48.556175],[37.413884,48.565257],[37.41128,48.565088],[37.404156,48.567134],[37.396946,48.562019],[37.382526,48.560144],[37.37051,48.556519],[37.36845,48.533674],[37.360897,48.528329],[37.345791,48.527537],[37.318497,48.522991],[37.280903,48.502864],[37.25378,48.497402],[37.216015,48.505125],[37.203312,48.511269],[37.180481,48.505921],[37.149067,48.495452],[37.139969,48.485436],[37.139307,48.486402],[37.138252,48.484484],[37.118254,48.484826],[37.111988,48.47354],[37.107353,48.46967],[37.107224,48.461351],[37.107525,48.453376],[37.107997,48.448253],[37.110271,48.436578],[37.109842,48.435073],[37.109671,48.432453],[37.111473,48.421626],[37.106667,48.421292],[37.098942,48.421349],[37.097826,48.417875],[37.090874,48.415143],[37.090616,48.406422],[37.087955,48.405624],[37.087011,48.402659],[37.089329,48.392568],[37.058086,48.388292],[37.054653,48.396905],[37.057888,48.388788],[37.057743,48.388769],[37.05946,48.38261],[37.03474,48.379759],[37.034397,48.38261],[37.019463,48.380557],[36.994743,48.375652],[36.9841,48.365727],[36.986504,48.356827],[36.997147,48.305254],[36.990108,48.302741],[36.992855,48.289259],[36.982555,48.279317],[36.965733,48.277831],[36.910512,48.274301],[36.911527,48.270214],[36.914434,48.263926],[36.914457,48.263858],[36.923055,48.223774],[36.927668,48.205182],[36.927677,48.205099],[36.927662,48.205015],[36.927624,48.204935],[36.927565,48.204861],[36.927486,48.204795],[36.927171,48.20458],[36.92773,48.201972],[36.927736,48.20189],[36.92772,48.201808],[36.927682,48.20173],[36.927623,48.201658],[36.927545,48.201594],[36.89548,48.179655],[36.895437,48.178227],[36.892089,48.177979],[36.893145,48.178057],[36.876208,48.166469],[36.876445,48.165326],[36.876451,48.165245],[36.876435,48.165166],[36.876398,48.165089],[36.876342,48.165018],[36.876267,48.164955],[36.87351,48.163009],[36.87406,48.160345],[36.874066,48.160265],[36.874054,48.160207],[36.874278,48.159289],[36.874281,48.159278],[36.893215,48.067596],[36.89322,48.06751],[36.8932,48.067425],[36.893157,48.067343],[36.893091,48.067269],[36.893005,48.067205],[36.868826,48.052272],[36.868773,48.052242],[36.842427,48.039032],[36.838556,48.036637],[36.838444,48.036581],[36.838316,48.036542],[36.83818,48.036521],[36.83804,48.036519],[36.837902,48.036537],[36.837584,48.036602],[36.83457,48.035089],[36.834462,48.035045],[36.834344,48.035015],[36.834219,48.035001],[36.834093,48.035002],[36.833969,48.035019],[36.830301,48.035771],[36.827287,48.034258],[36.827179,48.034214],[36.827061,48.034184],[36.826936,48.03417],[36.82681,48.034171],[36.826686,48.034188],[36.808424,48.037928],[36.808311,48.037959],[36.792041,48.043604],[36.774516,48.047187],[36.774403,48.047218],[36.758127,48.052858],[36.752354,48.054036],[36.752227,48.054072],[36.752114,48.054124],[36.752019,48.05419],[36.750492,48.055502],[36.74354,48.05791],[36.743419,48.057963],[36.743318,48.058033],[36.738532,48.062144],[36.731578,48.064552],[36.731457,48.064605],[36.731356,48.064675],[36.726568,48.068786],[36.719613,48.071192],[36.719492,48.071245],[36.719391,48.071315],[36.719293,48.071399],[36.718625,48.07154],[36.718519,48.07157],[36.701078,48.0776],[36.682365,48.081572],[36.68226,48.081602],[36.664976,48.087569],[36.604423,48.078821],[36.604387,48.078816],[36.596013,48.077915],[36.595867,48.077738],[36.595785,48.07766],[36.59568,48.077595],[36.595556,48.077547],[36.595421,48.077517],[36.593583,48.07725],[36.593742,48.077232],[36.613483,48.075476],[36.621552,48.070771],[36.637774,48.06509],[36.657085,48.055651],[36.660862,48.039807],[36.646786,48.042104],[36.62756,48.047959],[36.614513,48.055536],[36.603527,48.060816],[36.586361,48.055191],[36.575958,48.04459],[36.576058,48.038957],[36.587906,48.02854],[36.593313,48.021863],[36.613483,48.023944],[36.617947,48.0097],[36.635799,48.012687],[36.652966,48.01395],[36.67099,48.016363],[36.673565,48.006023],[36.676826,47.995221],[36.663437,47.993382],[36.632538,47.989475],[36.61108,47.986716],[36.590824,47.984187],[36.580181,47.97729],[36.57682500290107,47.97441290479224],[36.576825009779014,47.97441267907055],[36.577199,47.974733],[36.57722105463864,47.97349399015148],[36.579187,47.970645],[36.5828457598729,47.96889168216343],[36.613729,47.957394],[36.613849,47.957337],[36.613947,47.957265],[36.614019,47.95718],[36.633398,47.927272],[36.633437,47.927192],[36.633453,47.927108],[36.633445,47.927024],[36.633414,47.926942],[36.633361,47.926865],[36.633287,47.926797],[36.633196,47.926739],[36.63309,47.926693],[36.632973,47.926662],[36.541844,47.908532],[36.534703835463205,47.88669213073135]]],[[[36.534124,47.887015],[36.534703835463205,47.88669213073135],[36.541844,47.908532],[36.632973,47.926662],[36.63309,47.926693],[36.633196,47.926739],[36.633287,47.926797],[36.633361,47.926865],[36.633414,47.926942],[36.633445,47.927024],[36.633453,47.927108],[36.633437,47.927192],[36.633398,47.927272],[36.614019,47.95718],[36.613947,47.957265],[36.613849,47.957337],[36.613729,47.957394],[36.5828457598729,47.96889168216343],[36.587653,47.966588],[36.613403,47.957001],[36.632782,47.927094],[36.545388,47.909702],[36.542723,47.908953],[36.541035,47.908157],[36.534124,47.887015]]],[[[36.57682501696876,47.97441244311608],[36.576836,47.974052],[36.57722105463864,47.97349399015148],[36.577199,47.974733],[36.57682501696876,47.97441244311608]]],[[[36.89548,48.179655],[36.895480228697934,48.17965515647603],[36.895523,48.18109],[36.89548,48.179655]]],[[[37.792909,48.817928],[37.79331,48.817084],[37.793484,48.817291],[37.7929093328773,48.81792763122985],[37.793164,48.817392],[37.792909,48.817928]]],[[[37.792909,48.817928],[37.793164,48.817392],[37.7929093328773,48.81792763122985],[37.792909,48.817928]]]]},"properties":{"name":"Russia-Donetsk","zone_type":"oblast","faction":"side_b","faction_name":"Side B","faction_color":"#ef4444","source":"bootstrap","last_updated":"2026-08-03T17:29:02Z","override":false,"id":"fmsek442f_1b5t"}},{"type":"Feature","geometry":{"type":"MultiPolygon","coordinates":[[[[34.809244,47.885019],[34.842715,47.862788],[34.903549,47.823734],[34.886627,47.794159],[34.893738,47.755737],[34.944336,47.746185],[34.897308,47.604248],[34.928223,47.574036],[34.911635,47.546479],[34.937897,47.54787],[35.034027,47.571512],[35.04158,47.59468],[35.120544,47.654868],[35.158997,47.669211],[35.226974,47.679387],[35.272917,47.695007],[35.286369,47.701267],[35.289845,47.700762],[35.297699,47.703432],[35.309254,47.69794],[35.316582,47.696874],[35.325301,47.690311],[35.332119,47.68707],[35.334864,47.686377],[35.340528,47.684932],[35.349627,47.687707],[35.35881,47.687533],[35.374002,47.692909],[35.378208,47.696146],[35.391769,47.704352],[35.401039,47.701636],[35.400868,47.701395],[35.410137,47.699166],[35.416145,47.695352],[35.414429,47.688762],[35.423698,47.686219],[35.43623,47.679513],[35.477943,47.675235],[35.495281,47.6698],[35.527554,47.664595],[35.5509,47.663901],[35.561028,47.664133],[35.560614,47.66173],[35.560897,47.661538],[35.561251,47.661549],[35.560978,47.66154],[35.560992,47.661474],[35.572701,47.6535],[35.57373,47.640083],[35.576134,47.624695],[35.594845,47.624811],[35.595548,47.622507],[35.596046,47.620875],[35.604458,47.588693],[35.612526,47.564136],[35.650806,47.567265],[35.676899,47.567505],[35.68222,47.556032],[35.733032,47.561942],[35.764961,47.560789],[35.804787,47.545025],[35.832253,47.565424],[35.851822,47.579328],[35.866585,47.597628],[35.868301,47.61245],[35.875511,47.615691],[35.89817,47.612681],[35.907784,47.617312],[35.91877,47.642542],[35.927138,47.648558],[35.925293,47.651756],[35.96323,47.671651],[35.98074,47.686913],[35.985051,47.690256],[35.985062,47.690127],[35.985188,47.690224],[35.985203,47.690035],[36.006489,47.694081],[36.026917,47.696277],[36.025887,47.698935],[36.022453,47.704599],[36.01387,47.712226],[35.984021,47.713242],[35.983988,47.713333],[35.983849,47.713338],[35.983155,47.715287],[35.960312,47.71913],[35.955677,47.736454],[35.947781,47.742922],[35.940399,47.747768],[35.936623,47.755616],[35.927353,47.755846],[35.909834,47.756355],[35.9095,47.756341],[35.909514,47.756365],[35.907612,47.75642],[35.912933,47.765886],[35.917568,47.778232],[35.917568,47.790691],[35.926666,47.791956],[35.969067,47.797259],[36.000137,47.806718],[36.057644,47.811101],[36.054382,47.825054],[36.051636,47.84154],[36.073093,47.847995],[36.073888,47.848057],[36.074439,47.850258],[36.05957,47.870605],[36.092804,47.868317],[36.115712,47.905812],[36.106224,47.926311],[36.11751,47.932284],[36.117615,47.936218],[36.058434,47.953919],[36.05307,47.993011],[36.020966,48.007538],[36.044678,48.043274],[35.990407,48.026445],[35.972229,48.031769],[35.959167,48.090698],[35.816437,48.065948],[35.78779,48.086034],[35.7323,48.095917],[35.674937,48.125797],[35.604309,48.116333],[35.52243,48.079619],[35.340027,48.103973],[35.245087,48.130188],[35.028625,48.119415],[34.943686,48.081218],[34.880458,48.082422],[34.869873,48.119324],[34.845856,48.120819],[34.835876,48.108582],[34.84021,48.04129],[34.81369,48.019836],[34.83886,48.007916],[34.857025,47.978363],[34.911774,47.964355],[34.907245,47.934382],[34.819763,47.906738],[34.809244,47.885019]]],[[[35.226974,47.679387],[35.297699,47.703432],[35.289845,47.700762],[35.286369,47.701267],[35.272917,47.695007],[35.226974,47.679387]]],[[[35.297699,47.703432],[35.32529953186862,47.69031210509763],[35.316582,47.696874],[35.309254,47.69794],[35.297699,47.703432]]],[[[35.56089833107867,47.661538041361204],[35.56099193814859,47.66147429158522],[35.560978,47.66154],[35.561251,47.661549],[35.56089833107867,47.661538041361204]]],[[[35.90965367662229,47.75636063510555],[35.909834,47.756355],[35.927353,47.755846],[35.90965367662229,47.75636063510555]]],[[[35.98074,47.686913],[35.985051028595834,47.69025566464881],[35.985051,47.690256],[35.98074,47.686913]]],[[[36.073093,47.847995],[36.073888,47.848056],[36.07418473966554,47.849242343019704],[36.073888,47.848057],[36.073093,47.847995]]],[[[36.106224,47.926311],[36.115531,47.931236],[36.115530943149174,47.93123655456556],[36.115078690847355,47.93099725451278],[36.106224,47.926311]]],[[[36.07419693823959,47.84929107089897],[36.074197,47.849291],[36.07427181623763,47.849590175206956],[36.07419693823959,47.84929107089897]]],[[[35.9095,47.756341],[35.909834,47.756355],[35.909514,47.756365],[35.9095,47.756341]]]]},"properties":{"name":"Ukraine-Zaporozhye","zone_type":"custom","faction":"side_a","faction_name":"Side A","faction_color":"#3b82f6","source":"bootstrap","last_updated":"2026-08-03T17:28:51Z","override":false,"id":"fmsek442f_1clw"}},{"type":"Feature","geometry":{"type":"MultiPolygon","coordinates":[[[[36.073265,47.846944],[36.07584,47.83634],[36.096528,47.839334],[36.107339,47.834732],[36.152222,47.837891],[36.188199,47.855366],[36.191917,47.856325],[36.197146,47.856455],[36.202051,47.855232],[36.207322,47.851751],[36.214905,47.830292],[36.28598,47.813293],[36.317717,47.815108],[36.325226,47.817749],[36.353225,47.835238],[36.359131,47.837168],[36.391968,47.825684],[36.576141,47.844208],[36.569458,47.86734],[36.534124,47.887015],[36.541035,47.908157],[36.542723,47.908953],[36.545388,47.909702],[36.632782,47.927094],[36.613403,47.957001],[36.587653,47.966588],[36.579187,47.970645],[36.576836,47.974052],[36.576825,47.974413],[36.57589,47.973611],[36.569195,47.986141],[36.566509,47.999178],[36.527395,48.000279],[36.516752,47.991777],[36.511602,47.976031],[36.500874,47.971836],[36.49332,47.970111],[36.487398,47.964998],[36.484909,47.96172],[36.477528,47.95942],[36.474266,47.957408],[36.468,47.960628],[36.460962,47.962295],[36.458902,47.963618],[36.456757,47.96333],[36.45607,47.96218],[36.441393,47.958328],[36.438646,47.957178],[36.429977,47.95597],[36.42354,47.956488],[36.418734,47.964825],[36.407318,47.964768],[36.393585,47.963445],[36.38114,47.966722],[36.374016,47.970689],[36.367064,47.971954],[36.36363,47.973218],[36.361742,47.974426],[36.35891,47.975173],[36.356936,47.974656],[36.355476,47.974771],[36.353931,47.970689],[36.350241,47.967699],[36.342773,47.968274],[36.308956,47.966686],[36.306725,47.971688],[36.302519,47.970919],[36.299515,47.974253],[36.295052,47.977242],[36.292219,47.981725],[36.286297,47.984944],[36.281834,47.984369],[36.275225,47.984887],[36.27059,47.986553],[36.266212,47.988277],[36.261406,47.988507],[36.258917,47.987358],[36.248789,47.985691],[36.244755,47.981725],[36.236687,47.978219],[36.226988,47.973565],[36.219864,47.965863],[36.21892,47.961035],[36.214371,47.95977],[36.213512,47.955918],[36.209564,47.952354],[36.204844,47.952699],[36.202526,47.951607],[36.195316,47.952186],[36.192226,47.954601],[36.189394,47.953969],[36.184931,47.955809],[36.18124,47.954544],[36.175404,47.955751],[36.17137,47.957534],[36.16888,47.956088],[36.170082,47.955763],[36.167564,47.955324],[36.167507,47.955291],[36.167358,47.955288],[36.152916,47.952772],[36.145919,47.948403],[36.145191,47.947313],[36.144041,47.94723],[36.13781,47.94334],[36.139526,47.933215],[36.135847,47.931385],[36.131115,47.933288],[36.109829,47.923972],[36.124249,47.90326],[36.121845,47.899346],[36.127682,47.889789],[36.112061,47.865382],[36.087856,47.860773],[36.078243,47.858814],[36.076183,47.850171],[36.073265,47.846944]]],[[[36.135846609010265,47.93138515723869],[36.135847,47.931385],[36.139526,47.933215],[36.135846609010265,47.93138515723869]]],[[[36.13781,47.94334],[36.144041,47.94723],[36.145191,47.947313],[36.145919,47.948403],[36.152916,47.952772],[36.13781,47.94334]]],[[[36.152916,47.952772],[36.167358,47.955288],[36.167507,47.955291],[36.167564,47.955324],[36.170082,47.955763],[36.152916,47.952772]]],[[[36.576537,47.974166],[36.576563344028386,47.97418856354093],[36.57660997414762,47.974228560712724],[36.576537,47.974166]]]]},"properties":{"name":"Russia-Dnepropetrovsk-1","zone_type":"custom","faction":"side_b","faction_name":"Side B","faction_color":"#ef4444","source":"bootstrap","last_updated":"2026-08-03T17:30:14Z","override":false,"id":"fmsek442f_1dvl"}}]}