{"type":"FeatureCollection","features":[{"type":"Feature","geometry":{"type":"Polygon","coordinates":[[[37.186048,50.182273],[37.216873,50.18064],[37.237988,50.179541],[37.241678,50.193616],[37.248631,50.193068],[37.250004,50.1957],[37.228273,50.223898],[37.218375,50.205668],[37.219276,50.185479],[37.21344,50.182017],[37.186048,50.182273]]]},"properties":{"id":"fmsek6xpz_1e39","settlement_name":"Baksheevka complete","faction":"russia","faction_name":"Russia","faction_color":"#ef4444","last_updated":"2026-08-04T11:12:37Z","source":"manual","source_channel":null,"source_snippet":null,"admin_area_km2":null,"zone_area_km2":6.94,"override":true,"priority_lock":false,"history":[]}},{"type":"Feature","geometry":{"type":"Polygon","coordinates":[[[34.23048,51.264708],[34.230394,51.262613],[34.228334,51.259337],[34.23048,51.257725],[34.233913,51.257725],[34.232712,51.255416],[34.232197,51.254395],[34.234686,51.253106],[34.239492,51.252461],[34.24181,51.250312],[34.241724,51.248002],[34.242926,51.245369],[34.243612,51.241877],[34.25108,51.238438],[34.261379,51.245745],[34.265499,51.254825],[34.259834,51.256758],[34.257946,51.25692],[34.256315,51.258477],[34.253998,51.259766],[34.243612,51.263634],[34.239149,51.263472],[34.23048,51.264708]]]},"properties":{"id":"fmsgg9eha_hkn","settlement_name":"Рыжевка","name_en":"Ryzhevka","faction":"russia","faction_name":"Russia","faction_color":"#ef4444","last_updated":"2026-08-05T18:58:06Z","source":"manual","source_channel":null,"source_snippet":null,"admin_area_km2":null,"zone_area_km2":3.948,"override":true,"priority_lock":false,"history":[]}},{"type":"Feature","geometry":{"type":"Polygon","coordinates":[[[34.260067,51.244814],[34.27228,51.241012],[34.27228,51.241012],[34.284807,51.236819],[34.284808,51.236819],[34.284808,51.236819],[34.284811,51.236818],[34.284814,51.236818],[34.284814,51.236818],[34.284815,51.236818],[34.29335,51.236929],[34.29335,51.236929],[34.29335,51.236929],[34.293352,51.236929],[34.293352,51.236929],[34.293352,51.236929],[34.305067,51.23822],[34.305067,51.23822],[34.305067,51.23822],[34.305067,51.23822],[34.306284,51.238236],[34.283609,51.249775],[34.275112,51.251118],[34.264984,51.25504],[34.264959,51.255009],[34.265498,51.254825],[34.265499,51.254825],[34.265499,51.254825],[34.261379,51.245745],[34.261379,51.245745],[34.261378,51.245745],[34.260067,51.244814]]]},"properties":{"id":"fmsggaau7_ivm","settlement_name":"Contested near Ryzhevka","name_en":null,"faction":"contested","faction_name":"Contested","faction_color":"#f59e0b","last_updated":"2026-08-05T18:58:48Z","source":"manual","source_channel":null,"source_snippet":null,"admin_area_km2":null,"zone_area_km2":3.017,"override":true,"priority_lock":false,"history":[]}},{"type":"Feature","geometry":{"type":"Polygon","coordinates":[[[34.074449,51.682096],[34.07445,51.682094],[34.074451,51.682092],[34.074453,51.68209],[34.074455,51.682089],[34.074458,51.682088],[34.07446,51.682088],[34.074461,51.682088],[34.074461,51.682088],[34.082979,51.681105],[34.08298,51.681105],[34.08298,51.681105],[34.084826,51.677111],[34.084826,51.677111],[34.084826,51.677111],[34.082596,51.67259],[34.082596,51.67259],[34.082596,51.672589],[34.082596,51.672588],[34.082596,51.672586],[34.082596,51.672584],[34.082597,51.672583],[34.082599,51.672582],[34.082599,51.672581],[34.0826,51.672581],[34.084388,51.671312],[34.084389,51.671312],[34.084389,51.671312],[34.084391,51.671311],[34.084394,51.67131],[34.084397,51.671309],[34.0844,51.671309],[34.084403,51.671309],[34.084405,51.67131],[34.084406,51.67131],[34.084406,51.67131],[34.086341,51.671933],[34.086342,51.671933],[34.086342,51.671933],[34.084735,51.67016],[34.095851,51.672561],[34.095851,51.672591],[34.09294,51.674991],[34.09294,51.674991],[34.09294,51.674991],[34.09294,51.674991],[34.09049,51.677775],[34.09049,51.677775],[34.09049,51.677775],[34.090147,51.682247],[34.090147,51.682247],[34.090147,51.682247],[34.090147,51.682247],[34.090662,51.68608],[34.090662,51.68608],[34.090663,51.68608],[34.100611,51.688367],[34.100612,51.688368],[34.100612,51.688368],[34.100615,51.688369],[34.100617,51.68837],[34.100619,51.688371],[34.10062,51.688373],[34.10062,51.688373],[34.10062,51.688373],[34.102075,51.690974],[34.102075,51.690975],[34.102075,51.690975],[34.102076,51.690977],[34.102076,51.690979],[34.102075,51.690981],[34.102075,51.690981],[34.102075,51.690981],[34.100103,51.693745],[34.100103,51.693745],[34.100103,51.693745],[34.104735,51.696671],[34.104735,51.696671],[34.104735,51.696671],[34.104737,51.696673],[34.104738,51.696674],[34.104739,51.696675],[34.104739,51.696676],[34.104739,51.696676],[34.106026,51.701508],[34.106026,51.701508],[34.106026,51.701508],[34.121132,51.714074],[34.121132,51.714074],[34.121132,51.714074],[34.121132,51.714074],[34.129372,51.720135],[34.129372,51.720135],[34.129372,51.720135],[34.129373,51.720135],[34.140701,51.725241],[34.140701,51.725241],[34.140701,51.725241],[34.140701,51.725241],[34.154945,51.729694],[34.154946,51.729694],[34.154946,51.729694],[34.154949,51.729695],[34.154951,51.729697],[34.154951,51.729697],[34.154951,51.729697],[34.160013,51.734375],[34.160013,51.734375],[34.160013,51.734375],[34.160013,51.734375],[34.163275,51.736715],[34.163275,51.736715],[34.172373,51.742932],[34.172373,51.742932],[34.172374,51.742932],[34.196233,51.743623],[34.196235,51.743623],[34.207728,51.741604],[34.207729,51.741604],[34.207729,51.741604],[34.207732,51.741604],[34.207735,51.741604],[34.207737,51.741604],[34.20774,51.741605],[34.20774,51.741605],[34.207741,51.741605],[34.220867,51.746707],[34.220867,51.746707],[34.220868,51.746707],[34.224043,51.745644],[34.224043,51.745644],[34.224043,51.745644],[34.225588,51.744315],[34.225588,51.744315],[34.225588,51.744315],[34.225246,51.740493],[34.225246,51.740493],[34.225246,51.740492],[34.225246,51.740491],[34.225247,51.740489],[34.225248,51.740487],[34.22525,51.740486],[34.225252,51.740485],[34.225255,51.740484],[34.225255,51.740484],[34.225256,51.740484],[34.232367,51.739051],[34.232368,51.739051],[34.232368,51.739051],[34.232369,51.739051],[34.243783,51.737775],[34.243785,51.737775],[34.251934,51.735223],[34.251935,51.735223],[34.251935,51.735223],[34.251938,51.735222],[34.251941,51.735222],[34.251941,51.735222],[34.251942,51.735222],[34.25889,51.735403],[34.25889,51.735403],[34.25889,51.735403],[34.25889,51.735403],[34.264594,51.735244],[34.264594,51.735244],[34.264595,51.735244],[34.264598,51.735244],[34.264601,51.735245],[34.264601,51.735245],[34.264602,51.735245],[34.265881,51.735671],[34.265882,51.735671],[34.265883,51.735671],[34.266172,51.735665],[34.266173,51.735665],[34.266173,51.735665],[34.266176,51.735665],[34.266179,51.735666],[34.266181,51.735667],[34.266184,51.735668],[34.266185,51.735669],[34.266187,51.735671],[34.266187,51.735673],[34.266187,51.735673],[34.266188,51.735673],[34.266207,51.735779],[34.266207,51.735779],[34.266208,51.735779],[34.266908,51.736013],[34.266909,51.736013],[34.266909,51.736013],[34.266911,51.736014],[34.266913,51.736016],[34.266915,51.736017],[34.266916,51.736019],[34.266916,51.73602],[34.266916,51.73602],[34.267731,51.741144],[34.267731,51.741144],[34.267731,51.741145],[34.267731,51.741146],[34.26773,51.741147],[34.26773,51.741148],[34.26773,51.741148],[34.266186,51.74391],[34.266186,51.74391],[34.266186,51.74391],[34.266186,51.74391],[34.265199,51.747365],[34.265199,51.747365],[34.265199,51.747365],[34.270518,51.750499],[34.270519,51.750499],[34.270519,51.750499],[34.270521,51.750501],[34.270521,51.750501],[34.270521,51.750501],[34.272063,51.752145],[34.272063,51.752145],[34.272063,51.752145],[34.272064,51.752147],[34.272065,51.752149],[34.272065,51.752149],[34.272065,51.75215],[34.272022,51.754193],[34.272022,51.754193],[34.272023,51.754193],[34.276543,51.755602],[34.276545,51.755602],[34.279231,51.755841],[34.279232,51.755841],[34.279232,51.755841],[34.28026,51.751065],[34.28026,51.751065],[34.28026,51.751065],[34.280261,51.751063],[34.280262,51.751061],[34.280264,51.75106],[34.280266,51.751059],[34.280269,51.751058],[34.280272,51.751057],[34.280274,51.751057],[34.280275,51.751057],[34.280275,51.751057],[34.281596,51.751087],[34.281596,51.751087],[34.281596,51.751087],[34.281596,51.751087],[34.283259,51.750962],[34.28326,51.750961],[34.28326,51.750961],[34.283263,51.750962],[34.283266,51.750962],[34.283268,51.750963],[34.28327,51.750964],[34.283271,51.750964],[34.283271,51.750964],[34.283566,51.75113],[34.283566,51.75113],[34.283567,51.75113],[34.283861,51.751137],[34.283862,51.751137],[34.283862,51.751137],[34.283865,51.751137],[34.283868,51.751138],[34.28387,51.751139],[34.283871,51.751139],[34.283871,51.751139],[34.288158,51.753506],[34.288158,51.753506],[34.288159,51.753506],[34.294761,51.752975],[34.294762,51.752975],[34.294762,51.752975],[34.294765,51.752975],[34.294768,51.752976],[34.294771,51.752977],[34.294771,51.752977],[34.294772,51.752977],[34.302663,51.756377],[34.302665,51.756377],[34.305002,51.756784],[34.305003,51.756784],[34.305003,51.756784],[34.305004,51.756784],[34.305566,51.756811],[34.305567,51.756811],[34.305568,51.756811],[34.309183,51.755793],[34.309184,51.755793],[34.309184,51.755793],[34.309187,51.755792],[34.30919,51.755792],[34.30919,51.755792],[34.309191,51.755792],[34.317596,51.756058],[34.317597,51.756058],[34.317597,51.756058],[34.317599,51.756058],[34.317599,51.756058],[34.317599,51.756058],[34.329083,51.75765],[34.329084,51.75765],[34.329084,51.75765],[34.329087,51.75765],[34.329089,51.757651],[34.329091,51.757653],[34.329093,51.757654],[34.329094,51.757656],[34.329094,51.757658],[34.329094,51.75766],[34.329094,51.757661],[34.329094,51.757662],[34.329093,51.757662],[34.328912,51.757933],[34.328912,51.757933],[34.328913,51.757933],[34.350986,51.760141],[34.350986,51.760141],[34.373644,51.762161],[34.373644,51.762161],[34.373645,51.762161],[34.373647,51.762161],[34.373648,51.762161],[34.373648,51.762162],[34.378663,51.763595],[34.378663,51.763595],[34.378664,51.763595],[34.378666,51.763596],[34.378667,51.763597],[34.378669,51.763598],[34.378669,51.763598],[34.378669,51.763599],[34.387292,51.772524],[34.387292,51.772524],[34.387293,51.772524],[34.387535,51.772577],[34.387536,51.772577],[34.387536,51.772577],[34.387539,51.772578],[34.387541,51.772579],[34.387543,51.77258],[34.387544,51.772582],[34.387545,51.772583],[34.387545,51.772585],[34.387545,51.772587],[34.387545,51.772588],[34.387545,51.772588],[34.387544,51.772589],[34.386288,51.774569],[34.386288,51.774569],[34.386288,51.774569],[34.386288,51.774569],[34.385147,51.776889],[34.385147,51.776889],[34.385147,51.776889],[34.389471,51.779983],[34.389471,51.779983],[34.389471,51.779983],[34.389471,51.779983],[34.389862,51.780226],[34.389863,51.780226],[34.389863,51.780226],[34.389865,51.780228],[34.389866,51.780229],[34.389867,51.780231],[34.389867,51.780233],[34.389867,51.780233],[34.389867,51.780234],[34.389859,51.780261],[34.389859,51.780261],[34.389859,51.780261],[34.390636,51.780817],[34.390636,51.780817],[34.390637,51.780818],[34.390638,51.780819],[34.390639,51.780821],[34.39064,51.780823],[34.39064,51.780823],[34.39064,51.780824],[34.390125,51.790061],[34.390125,51.790062],[34.390125,51.790062],[34.390124,51.790064],[34.390124,51.790064],[34.390124,51.790065],[34.382058,51.802382],[34.382058,51.802382],[34.382058,51.802382],[34.382057,51.802384],[34.382055,51.802385],[34.382055,51.802385],[34.382054,51.802386],[34.366436,51.810773],[34.366436,51.810773],[34.366436,51.810773],[34.366436,51.810773],[34.364364,51.812344],[34.364364,51.812344],[34.364364,51.812344],[34.364675,51.813177],[34.364675,51.813178],[34.364675,51.813178],[34.364675,51.81318],[34.364675,51.813182],[34.364675,51.813182],[34.364675,51.813183],[34.363776,51.814877],[34.363776,51.814877],[34.363776,51.814878],[34.363775,51.814879],[34.363774,51.81488],[34.363773,51.81488],[34.363773,51.814881],[34.361461,51.816523],[34.36146,51.816523],[34.36146,51.816524],[34.361458,51.816525],[34.361455,51.816526],[34.361455,51.816526],[34.361454,51.816526],[34.357954,51.817318],[34.357953,51.817318],[34.357953,51.817318],[34.35795,51.817318],[34.357947,51.817318],[34.357945,51.817318],[34.357942,51.817317],[34.35794,51.817316],[34.357938,51.817315],[34.357936,51.817314],[34.357935,51.817312],[34.357935,51.817312],[34.357934,51.817312],[34.357587,51.8166],[34.357587,51.8166],[34.357586,51.8166],[34.349314,51.819653],[34.349313,51.819653],[34.349313,51.819653],[34.349312,51.819653],[34.332062,51.824322],[34.332061,51.824322],[34.332061,51.824322],[34.330344,51.826445],[34.330344,51.826445],[34.330344,51.826445],[34.330344,51.826445],[34.330344,51.826445],[34.330858,51.828404],[34.330858,51.828405],[34.330858,51.828405],[34.330858,51.828407],[34.330857,51.828409],[34.330856,51.828411],[34.330856,51.828411],[34.330856,51.828411],[34.328587,51.830475],[34.328587,51.830476],[34.328586,51.830476],[34.328585,51.830477],[34.328583,51.830478],[34.328583,51.830478],[34.328582,51.830478],[34.323742,51.832278],[34.323742,51.832279],[34.323741,51.832279],[34.323739,51.832279],[34.323736,51.83228],[34.323734,51.83228],[34.323731,51.832279],[34.323728,51.832279],[34.323728,51.832279],[34.323728,51.832279],[34.301892,51.825498],[34.30189,51.825498],[34.277792,51.824172],[34.277791,51.824172],[34.277791,51.824172],[34.277788,51.824172],[34.277786,51.824171],[34.277783,51.82417],[34.277781,51.824169],[34.27778,51.824167],[34.277779,51.824166],[34.277778,51.824164],[34.277778,51.824162],[34.277779,51.824161],[34.277779,51.82416],[34.277779,51.82416],[34.280519,51.819288],[34.280519,51.819288],[34.280519,51.819288],[34.270306,51.808777],[34.270306,51.808777],[34.270305,51.808777],[34.255549,51.807981],[34.255549,51.807981],[34.255548,51.807981],[34.255546,51.807981],[34.255544,51.80798],[34.255541,51.807979],[34.25554,51.807978],[34.255539,51.807978],[34.255539,51.807978],[34.254084,51.806866],[34.254084,51.806866],[34.254084,51.806866],[34.250135,51.809149],[34.250135,51.809149],[34.250135,51.809149],[34.249449,51.811484],[34.249449,51.811486],[34.249962,51.813019],[34.249962,51.813019],[34.249963,51.81302],[34.249963,51.813021],[34.249962,51.813023],[34.249962,51.813024],[34.24996,51.813026],[34.249959,51.813027],[34.249959,51.813027],[34.249958,51.813028],[34.247131,51.814776],[34.247131,51.814776],[34.247131,51.814776],[34.248586,51.815941],[34.248586,51.815941],[34.248587,51.815941],[34.248588,51.815943],[34.248589,51.815944],[34.248589,51.815946],[34.248589,51.815947],[34.248589,51.815948],[34.248589,51.815948],[34.247905,51.818802],[34.247905,51.818802],[34.247905,51.818802],[34.247904,51.818804],[34.247903,51.818805],[34.247901,51.818807],[34.247899,51.818808],[34.247898,51.818808],[34.247898,51.818808],[34.243613,51.820398],[34.243612,51.820398],[34.243612,51.820398],[34.243441,51.821618],[34.243441,51.82162],[34.244642,51.824113],[34.244642,51.824113],[34.244642,51.824113],[34.244642,51.824113],[34.247816,51.828781],[34.247816,51.828781],[34.247816,51.828781],[34.247817,51.828783],[34.247817,51.828785],[34.247817,51.828787],[34.247817,51.828787],[34.247816,51.828787],[34.246101,51.83218],[34.246101,51.83218],[34.244127,51.835947],[34.244127,51.835947],[34.244127,51.835947],[34.244127,51.835947],[34.243355,51.841631],[34.243355,51.841631],[34.243355,51.841631],[34.24953,51.845978],[34.249531,51.845978],[34.249531,51.845978],[34.249532,51.84598],[34.249533,51.845981],[34.249534,51.845983],[34.249534,51.845985],[34.249534,51.845985],[34.249534,51.845985],[34.248505,51.849588],[34.248505,51.849588],[34.248505,51.849588],[34.248505,51.849588],[34.24799,51.856483],[34.24799,51.856483],[34.24799,51.856483],[34.253993,51.860086],[34.253994,51.860087],[34.253994,51.860087],[34.253996,51.860088],[34.253997,51.86009],[34.253998,51.860092],[34.253998,51.860092],[34.253998,51.860093],[34.254169,51.866559],[34.254169,51.866559],[34.25417,51.866559],[34.258625,51.867194],[34.258626,51.867194],[34.258626,51.867194],[34.258628,51.867195],[34.258631,51.867195],[34.258633,51.867196],[34.258634,51.867198],[34.258635,51.867199],[34.258636,51.867199],[34.258636,51.8672],[34.260692,51.870586],[34.260692,51.870586],[34.260692,51.870586],[34.260693,51.870588],[34.260693,51.87059],[34.260693,51.87059],[34.260693,51.87059],[34.260178,51.873663],[34.260178,51.873663],[34.260178,51.873663],[34.263222,51.876734],[34.244728,51.881366],[34.242159,51.878682],[34.245998,51.875462],[34.245998,51.875461],[34.245998,51.875461],[34.246,51.87546],[34.246003,51.875459],[34.246005,51.875458],[34.246008,51.875458],[34.246008,51.875458],[34.246009,51.875458],[34.257287,51.875089],[34.257288,51.875089],[34.257288,51.875089],[34.248334,51.866135],[34.248334,51.866135],[34.248334,51.866135],[34.248333,51.866133],[34.248333,51.866133],[34.248332,51.866132],[34.2449,51.856802],[34.2449,51.856802],[34.2449,51.856801],[34.2449,51.856801],[34.2449,51.8568],[34.2449,51.8568],[34.244213,51.848209],[34.244213,51.848209],[34.244213,51.848209],[34.244213,51.848209],[34.241468,51.836752],[34.241467,51.836752],[34.241467,51.836752],[34.241467,51.83675],[34.241468,51.836748],[34.241468,51.836748],[34.241468,51.836748],[34.245415,51.829321],[34.245415,51.829321],[34.245415,51.829321],[34.242669,51.820725],[34.242669,51.820725],[34.242669,51.820725],[34.242668,51.820723],[34.242669,51.820721],[34.242669,51.820721],[34.242669,51.820721],[34.249017,51.805761],[34.249017,51.80576],[34.249017,51.80576],[34.249018,51.805758],[34.24902,51.805757],[34.249022,51.805756],[34.249024,51.805755],[34.249026,51.805754],[34.249029,51.805754],[34.249032,51.805754],[34.249032,51.805754],[34.249033,51.805754],[34.268926,51.807027],[34.268927,51.807027],[34.268927,51.807027],[34.26893,51.807027],[34.268933,51.807028],[34.268935,51.807029],[34.268936,51.80703],[34.268936,51.80703],[34.280261,51.815309],[34.280262,51.815309],[34.280262,51.815309],[34.280262,51.815309],[34.287815,51.821785],[34.287815,51.821785],[34.287816,51.821785],[34.306695,51.824438],[34.306696,51.824438],[34.306697,51.824438],[34.306699,51.824439],[34.3067,51.824439],[34.3067,51.824439],[34.318026,51.828578],[34.318027,51.828578],[34.318028,51.828578],[34.32661,51.826455],[34.326611,51.826455],[34.341715,51.818813],[34.341715,51.818813],[34.341715,51.818813],[34.341719,51.818812],[34.341719,51.818812],[34.34172,51.818811],[34.3472,51.817649],[34.347201,51.817649],[34.347201,51.817649],[34.351031,51.812675],[34.351031,51.812675],[34.352016,51.809392],[34.352016,51.809392],[34.352016,51.809392],[34.352016,51.809392],[34.35236,51.795693],[34.35236,51.795693],[34.352359,51.795693],[34.343264,51.792614],[34.343263,51.792613],[34.343263,51.792613],[34.343261,51.792613],[34.343261,51.792613],[34.343261,51.792612],[34.33777,51.789745],[34.337769,51.789744],[34.337769,51.789744],[34.337768,51.789743],[34.32524,51.78146],[34.325239,51.78146],[34.325239,51.781459],[34.325237,51.781458],[34.325236,51.781456],[34.325236,51.781456],[34.325236,51.781455],[34.322662,51.774658],[34.322662,51.774658],[34.322662,51.774658],[34.322662,51.774658],[34.322662,51.774658],[34.312709,51.768921],[34.312709,51.768921],[34.312709,51.768921],[34.312707,51.768919],[34.312706,51.768918],[34.312705,51.768917],[34.312705,51.768917],[34.312705,51.768916],[34.309678,51.760927],[34.309678,51.760927],[34.309678,51.760927],[34.307686,51.760011],[34.307684,51.760011],[34.300305,51.758789],[34.300304,51.758789],[34.300304,51.758789],[34.300302,51.758789],[34.300302,51.758789],[34.300301,51.758788],[34.296785,51.757673],[34.296785,51.757673],[34.296784,51.757673],[34.296784,51.757673],[34.296783,51.757673],[34.296783,51.757673],[34.291463,51.755307],[34.291463,51.755307],[34.291462,51.755307],[34.282065,51.755793],[34.282065,51.755793],[34.282064,51.755793],[34.282064,51.755793],[34.282064,51.755793],[34.277602,51.758185],[34.277601,51.758185],[34.277601,51.758185],[34.2776,51.758185],[34.273841,51.759878],[34.273841,51.759878],[34.27384,51.759878],[34.273838,51.759879],[34.273835,51.759879],[34.273832,51.759879],[34.273829,51.759879],[34.273827,51.759879],[34.273824,51.759878],[34.273822,51.759877],[34.27382,51.759875],[34.273819,51.759874],[34.273819,51.759874],[34.273819,51.759873],[34.272451,51.757334],[34.272451,51.757334],[34.27245,51.757334],[34.267393,51.755635],[34.267392,51.755635],[34.267392,51.755635],[34.26739,51.755634],[34.267388,51.755632],[34.267387,51.755631],[34.267386,51.75563],[34.267386,51.755629],[34.267385,51.755629],[34.26301,51.745109],[34.26301,51.745109],[34.263009,51.745109],[34.248506,51.741866],[34.248505,51.741866],[34.248505,51.741866],[34.236578,51.750051],[34.236578,51.750051],[34.236578,51.750052],[34.236575,51.750053],[34.236572,51.750054],[34.236569,51.750054],[34.236568,51.750054],[34.236568,51.750054],[34.215461,51.750798],[34.21546,51.750798],[34.21546,51.750798],[34.215459,51.750798],[34.206536,51.750479],[34.206535,51.750479],[34.206535,51.750479],[34.206532,51.750479],[34.206531,51.750479],[34.206531,51.750478],[34.195977,51.74798],[34.195976,51.74798],[34.195975,51.74798],[34.185423,51.751435],[34.185422,51.751435],[34.185422,51.751435],[34.185419,51.751436],[34.185416,51.751436],[34.185415,51.751436],[34.185415,51.751436],[34.170919,51.751075],[34.170919,51.751075],[34.170918,51.751075],[34.170916,51.751075],[34.170913,51.751074],[34.170911,51.751073],[34.17091,51.751073],[34.17091,51.751073],[34.156838,51.743739],[34.156837,51.743738],[34.156837,51.743738],[34.156836,51.743737],[34.125241,51.721937],[34.125241,51.721937],[34.125241,51.721937],[34.12524,51.721937],[34.11444,51.716195],[34.114439,51.716195],[34.114439,51.716195],[34.114437,51.716194],[34.114436,51.716193],[34.114436,51.716192],[34.114436,51.716192],[34.109117,51.709064],[34.109117,51.709064],[34.109116,51.709063],[34.109116,51.709063],[34.109116,51.709062],[34.109116,51.709062],[34.107034,51.703061],[34.107034,51.703061],[34.107033,51.703061],[34.097576,51.699966],[34.097575,51.699966],[34.097575,51.699966],[34.097572,51.699965],[34.097571,51.699964],[34.097569,51.699963],[34.097569,51.699963],[34.097569,51.699962],[34.092765,51.693766],[34.092765,51.693766],[34.092764,51.693766],[34.085559,51.69095],[34.085558,51.69095],[34.085558,51.69095],[34.085555,51.690949],[34.085554,51.690947],[34.085553,51.690947],[34.085553,51.690947],[34.082379,51.68733],[34.082378,51.68733],[34.076759,51.684353],[34.076758,51.684353],[34.076758,51.684353],[34.076756,51.684351],[34.076756,51.684351],[34.076756,51.684351],[34.074452,51.682101],[34.074451,51.682101],[34.074451,51.682101],[34.07445,51.682099],[34.074449,51.682097],[34.074449,51.682096]]]},"properties":{"id":"fmsggb5ij_jap","settlement_name":"Contested north Sumy","name_en":null,"faction":"contested","faction_name":"Contested","faction_color":"#f59e0b","last_updated":"2026-08-05T18:59:28Z","source":"manual","source_channel":null,"source_snippet":null,"admin_area_km2":null,"zone_area_km2":39.036,"override":true,"priority_lock":false,"history":[]}},{"type":"Feature","geometry":{"type":"MultiPolygon","coordinates":[[[[34.712177,51.168389],[34.712177,51.168388],[34.712178,51.168386],[34.71218,51.168384],[34.712182,51.168383],[34.712182,51.168383],[34.712182,51.168382],[34.719715,51.164516],[34.719715,51.164516],[34.730357,51.154178],[34.730357,51.154178],[34.730358,51.154177],[34.730358,51.154177],[34.730359,51.154177],[34.730359,51.154176],[34.744606,51.144697],[34.744606,51.144697],[34.744606,51.144697],[34.746666,51.13349],[34.746666,51.13349],[34.746666,51.13349],[34.741861,51.124872],[34.741861,51.124871],[34.741861,51.124871],[34.74186,51.124869],[34.74186,51.124868],[34.74186,51.124868],[34.741861,51.124865],[34.741861,51.124865],[34.741862,51.124864],[34.748038,51.116579],[34.748039,51.116578],[34.748039,51.116578],[34.748039,51.116578],[34.748039,51.116578],[34.74804,51.116577],[34.766235,51.09948],[34.766235,51.09948],[34.766235,51.09948],[34.766407,51.082732],[34.766407,51.082732],[34.766407,51.082732],[34.766407,51.08273],[34.766408,51.082728],[34.766409,51.082728],[34.766409,51.082728],[34.774643,51.073132],[34.774643,51.073132],[34.774643,51.073132],[34.774645,51.07313],[34.774647,51.073129],[34.77465,51.073128],[34.774652,51.073127],[34.774655,51.073127],[34.774656,51.073127],[34.774656,51.073127],[34.789577,51.073559],[34.789578,51.073559],[34.789578,51.073559],[34.789581,51.073559],[34.789583,51.07356],[34.789584,51.07356],[34.789584,51.07356],[34.79679,51.076148],[34.796791,51.076148],[34.796792,51.076148],[34.817389,51.075285],[34.81739,51.075285],[34.81739,51.075285],[34.817391,51.075285],[34.832324,51.075285],[34.832325,51.075285],[34.832325,51.075285],[34.83387,51.067624],[34.83387,51.067624],[34.830096,51.055007],[34.830096,51.055006],[34.830096,51.055006],[34.830096,51.055004],[34.830097,51.055003],[34.830098,51.055001],[34.830099,51.054999],[34.830101,51.054998],[34.830103,51.054997],[34.830105,51.054996],[34.830108,51.054996],[34.830111,51.054996],[34.830111,51.054996],[34.830112,51.054996],[34.830703,51.055019],[34.830704,51.055019],[34.830704,51.055019],[34.833011,51.03948],[34.833011,51.039479],[34.833011,51.039479],[34.833012,51.039477],[34.833013,51.039476],[34.833014,51.039474],[34.833016,51.039473],[34.833019,51.039472],[34.833021,51.039472],[34.833022,51.039472],[34.833022,51.039471],[34.854809,51.036126],[34.854809,51.036126],[34.85481,51.036126],[34.854813,51.036125],[34.854816,51.036126],[34.854817,51.036126],[34.854817,51.036126],[34.884681,51.042172],[34.884682,51.042172],[34.884682,51.042172],[34.884683,51.042172],[34.89687,51.04282],[34.89687,51.04282],[34.927252,51.044656],[34.927253,51.044656],[34.927253,51.044656],[34.927255,51.044656],[34.927255,51.044656],[34.927256,51.044656],[34.953518,51.05027],[34.953518,51.05027],[34.977033,51.051458],[34.977034,51.051458],[34.977034,51.051458],[34.977038,51.051459],[34.977038,51.051459],[34.977039,51.051459],[34.99746,51.057718],[34.997461,51.057718],[34.997461,51.057718],[34.997464,51.05772],[34.997465,51.05772],[34.997465,51.05772],[35.009995,51.066457],[35.009995,51.066457],[35.009995,51.066457],[35.02423,51.059232],[35.02423,51.059232],[35.024231,51.059232],[35.024233,51.059231],[35.024236,51.05923],[35.024238,51.05923],[35.024241,51.05923],[35.024244,51.059231],[35.024246,51.059231],[35.024249,51.059232],[35.02425,51.059233],[35.024251,51.059234],[35.024251,51.059234],[35.042953,51.075838],[35.042953,51.075838],[35.042954,51.075838],[35.074191,51.085542],[35.074191,51.085543],[35.074191,51.085543],[35.074194,51.085544],[35.074196,51.085545],[35.074198,51.085547],[35.074198,51.085547],[35.074198,51.085548],[35.080719,51.096547],[35.080719,51.096547],[35.080719,51.096547],[35.080719,51.096547],[35.080719,51.096547],[35.098572,51.107762],[35.098572,51.107762],[35.098573,51.107762],[35.105992,51.107389],[35.105993,51.107389],[35.105992,51.107389],[35.105456,51.10725],[35.105455,51.107249],[35.105455,51.107249],[35.105452,51.107248],[35.10545,51.107247],[35.105449,51.107246],[35.105447,51.107244],[35.105447,51.107243],[35.105447,51.107241],[35.105447,51.107239],[35.105448,51.107238],[35.105449,51.107236],[35.105449,51.107236],[35.10545,51.107235],[35.111618,51.102285],[35.111618,51.102285],[35.111618,51.102285],[35.095482,51.085675],[35.095482,51.085675],[35.095482,51.085675],[35.095482,51.085674],[35.086727,51.074648],[35.086727,51.074648],[35.064583,51.058891],[35.064582,51.058891],[35.045535,51.05177],[35.045534,51.051769],[35.045534,51.051769],[35.045532,51.051768],[35.04553,51.051767],[35.045529,51.051766],[35.045528,51.051764],[35.045528,51.051763],[35.045528,51.051762],[35.045528,51.051762],[35.044499,51.03591],[35.044499,51.035909],[35.044499,51.035909],[35.044499,51.035908],[35.0445,51.035906],[35.044501,51.035904],[35.044502,51.035903],[35.044504,51.035902],[35.044507,51.035901],[35.044509,51.035901],[35.04451,51.035901],[35.04451,51.0359],[35.053793,51.03475],[35.053794,51.03475],[35.053794,51.03475],[35.053776,51.034738],[35.053776,51.034738],[35.053776,51.034738],[35.053774,51.034736],[35.053773,51.034735],[35.053772,51.034733],[35.053772,51.034731],[35.053773,51.034729],[35.053774,51.034727],[35.053774,51.034727],[35.053775,51.034727],[35.070934,51.019071],[35.070934,51.019071],[35.070934,51.019071],[35.070934,51.019071],[35.079,51.007729],[35.079,51.007729],[35.079,51.007729],[35.079002,51.007727],[35.079004,51.007726],[35.079006,51.007725],[35.079006,51.007725],[35.079007,51.007724],[35.092905,51.00362],[35.092906,51.00362],[35.092906,51.00362],[35.092908,51.00362],[35.092908,51.00362],[35.092909,51.00362],[35.108011,51.001242],[35.108012,51.001242],[35.108012,51.001242],[35.108014,51.001242],[35.108014,51.001242],[35.108015,51.001242],[35.12466,51.000594],[35.12466,51.000594],[35.124661,51.000594],[35.124664,51.000594],[35.124667,51.000595],[35.124667,51.000595],[35.124668,51.000595],[35.136671,51.004697],[35.136672,51.004697],[35.136672,51.004697],[35.136675,51.004698],[35.136676,51.004699],[35.136678,51.004701],[35.136679,51.004703],[35.136679,51.004704],[35.136679,51.004706],[35.136679,51.004706],[35.136679,51.004707],[35.13651,51.005251],[35.13651,51.005251],[35.13651,51.005251],[35.140929,51.008496],[35.140929,51.008496],[35.14093,51.008496],[35.150062,51.00971],[35.150063,51.00971],[35.150063,51.00971],[35.150066,51.009711],[35.150069,51.009712],[35.150071,51.009713],[35.150073,51.009715],[35.150073,51.009715],[35.150073,51.009715],[35.153888,51.015246],[35.153888,51.015247],[35.153888,51.015247],[35.153889,51.015249],[35.153889,51.015249],[35.153889,51.01525],[35.153889,51.015251],[35.153889,51.015252],[35.153889,51.015252],[35.152688,51.019192],[35.152688,51.019192],[35.152689,51.019192],[35.156121,51.018814],[35.160141,51.018357],[35.160142,51.018356],[35.160142,51.018356],[35.160145,51.018356],[35.160148,51.018357],[35.160151,51.018357],[35.160153,51.018358],[35.160155,51.01836],[35.160157,51.018361],[35.160158,51.018363],[35.160158,51.018363],[35.160158,51.018364],[35.161529,51.022076],[35.161529,51.022076],[35.16153,51.022076],[35.165387,51.022723],[35.165387,51.022723],[35.165388,51.022723],[35.165391,51.022724],[35.165393,51.022726],[35.165394,51.022726],[35.165394,51.022726],[35.167684,51.024235],[35.167684,51.024235],[35.167685,51.024235],[35.171859,51.024235],[35.171859,51.024235],[35.167685,51.024235],[35.167684,51.024235],[35.167684,51.024235],[35.167955,51.024414],[35.167955,51.024414],[35.167955,51.024414],[35.167957,51.024416],[35.167958,51.024417],[35.167959,51.024419],[35.167959,51.024421],[35.167958,51.024422],[35.167957,51.024424],[35.167956,51.024426],[35.167954,51.024427],[35.167954,51.024427],[35.167953,51.024427],[35.165371,51.025663],[35.16537,51.025663],[35.16537,51.025663],[35.165369,51.025663],[35.164126,51.026122],[35.164125,51.026122],[35.164125,51.026122],[35.163996,51.026595],[35.163996,51.026595],[35.163996,51.026595],[35.164425,51.026797],[35.164425,51.026797],[35.164426,51.026797],[35.16503,51.026725],[35.16503,51.026725],[35.16503,51.026725],[35.166883,51.026451],[35.166883,51.02645],[35.166884,51.02645],[35.166886,51.02645],[35.166889,51.02645],[35.166892,51.026451],[35.166894,51.026452],[35.166896,51.026453],[35.166898,51.026454],[35.166898,51.026454],[35.166899,51.026455],[35.166951,51.026509],[35.166951,51.026509],[35.166951,51.026509],[35.166951,51.026509],[35.167685,51.026984],[35.167685,51.026985],[35.167685,51.026985],[35.167687,51.026986],[35.167688,51.026987],[35.167688,51.026988],[35.167688,51.026988],[35.167983,51.027507],[35.167984,51.027507],[35.167984,51.027507],[35.167984,51.027509],[35.167984,51.027511],[35.167984,51.027512],[35.167983,51.027514],[35.167982,51.027515],[35.16798,51.027517],[35.167979,51.027517],[35.167979,51.027517],[35.167152,51.027944],[35.167151,51.027944],[35.167151,51.027944],[35.167149,51.027945],[35.167148,51.027945],[35.167148,51.027946],[35.165434,51.028376],[35.165434,51.028376],[35.165434,51.028376],[35.165434,51.028376],[35.162495,51.029334],[35.162494,51.029334],[35.162494,51.029334],[35.16243,51.030413],[35.16243,51.030413],[35.16243,51.030414],[35.16243,51.030414],[35.16243,51.030415],[35.16243,51.030415],[35.161615,51.032719],[35.161615,51.032719],[35.161615,51.03272],[35.161614,51.032721],[35.161613,51.032722],[35.161611,51.032724],[35.161611,51.032724],[35.16161,51.032724],[35.161364,51.032868],[35.161364,51.032868],[35.161365,51.032868],[35.162549,51.033305],[35.16255,51.033305],[35.162551,51.033305],[35.163538,51.033316],[35.163539,51.033316],[35.163539,51.033316],[35.163541,51.033316],[35.163544,51.033317],[35.163546,51.033318],[35.163548,51.033319],[35.16355,51.03332],[35.16355,51.03332],[35.16355,51.03332],[35.163889,51.033667],[35.163889,51.033667],[35.163889,51.033667],[35.163889,51.033667],[35.164141,51.033891],[35.164141,51.033891],[35.164141,51.033891],[35.164141,51.033891],[35.164141,51.033891],[35.164294,51.033947],[35.164295,51.033948],[35.164295,51.033948],[35.164297,51.033949],[35.164299,51.03395],[35.1643,51.033951],[35.164301,51.033953],[35.164302,51.033955],[35.164302,51.033956],[35.164301,51.033958],[35.1643,51.03396],[35.164298,51.033961],[35.164296,51.033962],[35.164294,51.033963],[35.164294,51.033963],[35.164293,51.033963],[35.164242,51.033979],[35.164241,51.033979],[35.164241,51.033979],[35.164248,51.033985],[35.164248,51.033985],[35.164248,51.033986],[35.164249,51.033987],[35.16425,51.03399],[35.16425,51.03399],[35.16425,51.033992],[35.164249,51.033994],[35.164247,51.033996],[35.164247,51.033996],[35.164246,51.033996],[35.163419,51.034583],[35.163419,51.034584],[35.163419,51.034584],[35.163417,51.034585],[35.163415,51.034586],[35.163414,51.034586],[35.163414,51.034586],[35.162261,51.034881],[35.16226,51.034882],[35.162259,51.034882],[35.162256,51.034882],[35.162256,51.034882],[35.162255,51.034882],[35.160806,51.034936],[35.160805,51.034936],[35.160805,51.034936],[35.160802,51.034936],[35.1608,51.034935],[35.160797,51.034934],[35.160795,51.034933],[35.160795,51.034933],[35.160794,51.034933],[35.160524,51.03475],[35.160523,51.034749],[35.160523,51.034749],[35.160521,51.034748],[35.16052,51.034746],[35.16052,51.034744],[35.16052,51.034744],[35.16052,51.034744],[35.160477,51.034274],[35.160477,51.034274],[35.160477,51.034274],[35.160005,51.033923],[35.160005,51.033923],[35.158268,51.032696],[35.158268,51.032696],[35.158268,51.032695],[35.158267,51.032695],[35.158266,51.032694],[35.158266,51.032694],[35.15728,51.031615],[35.15728,51.031615],[35.157279,51.031615],[35.156358,51.031642],[35.156357,51.031642],[35.156357,51.031642],[35.155779,51.032855],[35.155779,51.032856],[35.155778,51.032856],[35.155777,51.032858],[35.155777,51.032858],[35.155776,51.032858],[35.155271,51.033309],[35.155271,51.033309],[35.15527,51.033309],[35.155268,51.033311],[35.155266,51.033312],[35.155263,51.033312],[35.155261,51.033313],[35.155258,51.033313],[35.155255,51.033312],[35.155252,51.033312],[35.155252,51.033312],[35.155251,51.033311],[35.153117,51.032465],[35.153117,51.032465],[35.153117,51.032465],[35.152947,51.033151],[35.152947,51.033152],[35.152946,51.033152],[35.152946,51.033154],[35.152944,51.033155],[35.152944,51.033156],[35.152943,51.033156],[35.152569,51.033448],[35.152569,51.033448],[35.152569,51.033448],[35.15256,51.033622],[35.152559,51.033623],[35.152559,51.033623],[35.152559,51.033624],[35.152558,51.033626],[35.152556,51.033628],[35.152555,51.033629],[35.152552,51.03363],[35.15255,51.033631],[35.152547,51.033631],[35.152544,51.033631],[35.152544,51.033631],[35.152543,51.033631],[35.152352,51.033618],[35.152351,51.033618],[35.152351,51.033618],[35.152243,51.033703],[35.152242,51.033703],[35.152242,51.033703],[35.15224,51.033704],[35.152237,51.033705],[35.152235,51.033706],[35.152232,51.033706],[35.152229,51.033706],[35.152229,51.033706],[35.152228,51.033706],[35.150272,51.033482],[35.150272,51.033482],[35.150272,51.033482],[35.150272,51.033482],[35.149387,51.033424],[35.149387,51.033424],[35.149386,51.033424],[35.149384,51.033424],[35.149382,51.033423],[35.149382,51.033423],[35.149381,51.033423],[35.149202,51.03336],[35.1492,51.03336],[35.149171,51.033356],[35.149171,51.033356],[35.14917,51.033356],[35.149168,51.033356],[35.149167,51.033355],[35.149167,51.033355],[35.145392,51.032101],[35.145392,51.032101],[35.140523,51.030467],[35.140522,51.030467],[35.140521,51.030467],[35.139948,51.030641],[35.139947,51.030641],[35.139947,51.030641],[35.139945,51.030642],[35.139942,51.030642],[35.139939,51.030642],[35.139937,51.030642],[35.139937,51.030642],[35.139936,51.030641],[35.13909,51.030428],[35.139089,51.030428],[35.139089,51.030428],[35.139087,51.030427],[35.139085,51.030426],[35.139083,51.030425],[35.139082,51.030424],[35.139082,51.030424],[35.139082,51.030423],[35.137991,51.028794],[35.13799,51.028793],[35.13799,51.028793],[35.13799,51.028792],[35.137196,51.026864],[35.137196,51.026864],[35.137196,51.026863],[35.137196,51.026863],[35.137196,51.026862],[35.137196,51.026862],[35.13696,51.025134],[35.13696,51.025134],[35.13696,51.025134],[35.13696,51.025134],[35.13696,51.025134],[35.135951,51.023962],[35.135951,51.023962],[35.135311,51.023237],[35.13531,51.023237],[35.13531,51.023237],[35.135309,51.023234],[35.135309,51.023233],[35.135309,51.023233],[35.135309,51.023232],[35.135309,51.023231],[35.13531,51.023229],[35.13531,51.023229],[35.13531,51.023229],[35.135827,51.022544],[35.135827,51.022544],[35.135827,51.022544],[35.135307,51.021435],[35.135307,51.021435],[35.135243,51.021295],[35.135243,51.021295],[35.135243,51.021295],[35.134708,51.020966],[35.134707,51.020966],[35.134707,51.020966],[35.134705,51.020964],[35.134705,51.020964],[35.134705,51.020964],[35.133592,51.019618],[35.133592,51.019618],[35.133591,51.019617],[35.133591,51.019617],[35.133591,51.019616],[35.13359,51.019616],[35.133033,51.01828],[35.133033,51.01828],[35.133033,51.01828],[35.133033,51.01828],[35.132668,51.017118],[35.132668,51.017118],[35.132668,51.017118],[35.132668,51.017118],[35.132067,51.015673],[35.132067,51.015673],[35.13063,51.014066],[35.13063,51.014066],[35.13063,51.014066],[35.13063,51.014066],[35.130096,51.013395],[35.130096,51.013394],[35.130096,51.013394],[35.130095,51.013393],[35.130094,51.013392],[35.130094,51.013391],[35.130094,51.01339],[35.130094,51.013389],[35.130095,51.013388],[35.130095,51.013388],[35.130095,51.013387],[35.130095,51.013387],[35.130886,51.01211],[35.130886,51.012109],[35.130886,51.012109],[35.130888,51.012107],[35.130889,51.012107],[35.130889,51.012107],[35.130911,51.012091],[35.130911,51.012091],[35.13091,51.012091],[35.129307,51.013009],[35.129306,51.01301],[35.129306,51.01301],[35.129304,51.013011],[35.129301,51.013012],[35.129299,51.013012],[35.129296,51.013012],[35.129293,51.013012],[35.129291,51.013011],[35.12929,51.013011],[35.12929,51.013011],[35.120544,51.00988],[35.120544,51.00988],[35.120544,51.00988],[35.110416,51.015282],[35.110416,51.015282],[35.110416,51.015282],[35.108357,51.018631],[35.108356,51.018631],[35.108356,51.018632],[35.108355,51.018632],[35.108355,51.018633],[35.108355,51.018633],[35.098403,51.027811],[35.098403,51.027812],[35.098402,51.027812],[35.098401,51.027813],[35.098398,51.027814],[35.098396,51.027815],[35.098396,51.027815],[35.098395,51.027815],[35.086385,51.030298],[35.086383,51.030298],[35.076773,51.035481],[35.076772,51.035481],[35.076772,51.035481],[35.07677,51.035482],[35.07677,51.035482],[35.076769,51.035483],[35.062204,51.0398],[35.062203,51.0398],[35.062203,51.0398],[35.065339,51.042409],[35.06534,51.042409],[35.06534,51.042409],[35.065341,51.042411],[35.065342,51.042413],[35.065342,51.042414],[35.065342,51.042415],[35.065342,51.042416],[35.065342,51.042416],[35.064325,51.046745],[35.064325,51.046746],[35.064325,51.046746],[35.064325,51.046747],[35.06218,51.052145],[35.06218,51.052145],[35.06218,51.052145],[35.06218,51.052145],[35.06218,51.052145],[35.065355,51.057164],[35.065355,51.057164],[35.065356,51.057164],[35.071786,51.057757],[35.071786,51.057757],[35.071787,51.057757],[35.07179,51.057758],[35.071792,51.057759],[35.071794,51.05776],[35.071796,51.057761],[35.071796,51.057762],[35.071797,51.057762],[35.075482,51.061912],[35.075483,51.061913],[35.075483,51.061913],[35.075484,51.061914],[35.076771,51.063964],[35.076771,51.063964],[35.076772,51.063964],[35.082347,51.063263],[35.082348,51.063263],[35.082348,51.063263],[35.082352,51.063263],[35.082352,51.063263],[35.082353,51.063263],[35.084924,51.063532],[35.084925,51.063532],[35.084926,51.063532],[35.089042,51.062076],[35.089042,51.062076],[35.089042,51.062076],[35.089045,51.062075],[35.089048,51.062075],[35.089048,51.062075],[35.089049,51.062075],[35.094714,51.062027],[35.094715,51.062027],[35.094715,51.062027],[35.094718,51.062027],[35.09472,51.062028],[35.094722,51.062029],[35.094724,51.06203],[35.094726,51.062031],[35.094727,51.062032],[35.094728,51.062032],[35.094728,51.062033],[35.100287,51.070333],[35.100287,51.070333],[35.100287,51.070334],[35.100287,51.070334],[35.100288,51.070335],[35.100288,51.070336],[35.100288,51.070337],[35.100288,51.070337],[35.100288,51.070337],[35.099602,51.079827],[35.099602,51.079827],[35.099602,51.079827],[35.099602,51.079827],[35.099602,51.079827],[35.108871,51.088889],[35.108871,51.088889],[35.108871,51.088889],[35.108871,51.088889],[35.115223,51.093635],[35.115223,51.093635],[35.115223,51.093635],[35.115223,51.093635],[35.115224,51.093635],[35.133749,51.099239],[35.133749,51.099239],[35.13375,51.099239],[35.133752,51.09924],[35.133754,51.099241],[35.133755,51.099243],[35.133756,51.099244],[35.133757,51.099246],[35.133757,51.099247],[35.133757,51.099249],[35.133756,51.099251],[35.133756,51.099251],[35.133756,51.099251],[35.130674,51.103231],[35.130673,51.103231],[35.130673,51.103231],[35.130672,51.103233],[35.130669,51.103234],[35.130669,51.103234],[35.130669,51.103234],[35.115402,51.10983],[35.115401,51.10983],[35.115401,51.10983],[35.115399,51.109831],[35.115396,51.109832],[35.115394,51.109832],[35.115391,51.109832],[35.115388,51.109831],[35.115388,51.109831],[35.115388,51.109831],[35.114975,51.109724],[35.114975,51.109724],[35.114975,51.109724],[35.105611,51.11229],[35.10561,51.11229],[35.090855,51.120906],[35.090854,51.120907],[35.090854,51.120907],[35.090852,51.120908],[35.090849,51.120909],[35.090847,51.120909],[35.090844,51.120909],[35.090841,51.120909],[35.090839,51.120908],[35.090838,51.120908],[35.090838,51.120908],[35.077291,51.11617],[35.077291,51.11617],[35.07729,51.11617],[35.077288,51.116168],[35.077286,51.116167],[35.077285,51.116165],[35.077284,51.116165],[35.077284,51.116164],[35.073338,51.108082],[35.073338,51.108082],[35.069904,51.100965],[35.069904,51.100965],[35.069903,51.100965],[35.054634,51.104845],[35.054634,51.104845],[35.054633,51.104845],[35.054631,51.104846],[35.054628,51.104846],[35.054625,51.104845],[35.054622,51.104845],[35.05462,51.104844],[35.05462,51.104844],[35.054619,51.104843],[35.03952,51.096759],[35.03952,51.096759],[35.026989,51.089963],[35.026989,51.089963],[35.026988,51.089963],[35.015669,51.090503],[35.015668,51.090503],[35.015668,51.090503],[35.015665,51.090502],[35.015662,51.090502],[35.015659,51.090501],[35.015657,51.0905],[35.015655,51.090498],[35.015655,51.090498],[35.015654,51.090498],[34.996644,51.06808],[34.996644,51.06808],[34.996644,51.06808],[34.992208,51.069782],[34.992208,51.069782],[34.992208,51.069782],[34.992208,51.069782],[34.986307,51.072916],[34.986307,51.072916],[34.986306,51.072916],[34.986303,51.072917],[34.986303,51.072917],[34.986302,51.072918],[34.963476,51.078097],[34.963476,51.078097],[34.963475,51.078097],[34.963473,51.078097],[34.963472,51.078097],[34.963472,51.078097],[34.946999,51.078852],[34.946998,51.078852],[34.946998,51.078852],[34.946995,51.078852],[34.946992,51.078851],[34.946992,51.078851],[34.946991,51.078851],[34.928112,51.073025],[34.928112,51.073025],[34.928112,51.073025],[34.928112,51.073025],[34.910433,51.069572],[34.910432,51.069572],[34.910432,51.069572],[34.91043,51.069572],[34.91043,51.069572],[34.910429,51.069571],[34.891207,51.062666],[34.891207,51.062666],[34.891206,51.062665],[34.891204,51.062664],[34.891204,51.062664],[34.891203,51.062664],[34.884338,51.058024],[34.884338,51.058024],[34.884337,51.058024],[34.838337,51.058347],[34.838336,51.058347],[34.838336,51.058347],[34.838333,51.058347],[34.83833,51.058346],[34.83833,51.058346],[34.838329,51.058346],[34.836903,51.057851],[34.836902,51.057851],[34.836902,51.057851],[34.843655,51.0714],[34.843655,51.071401],[34.843655,51.071401],[34.843655,51.071402],[34.845369,51.076358],[34.845369,51.076358],[34.845369,51.076358],[34.845369,51.07636],[34.845369,51.076362],[34.845368,51.076363],[34.845367,51.076365],[34.845365,51.076366],[34.845363,51.076367],[34.845363,51.076367],[34.845362,51.076367],[34.835076,51.080462],[34.835075,51.080463],[34.835075,51.080463],[34.835072,51.080464],[34.835069,51.080464],[34.835068,51.080464],[34.835068,51.080464],[34.810524,51.080464],[34.778939,51.080572],[34.778938,51.080572],[34.778938,51.080572],[34.774132,51.088987],[34.774132,51.088987],[34.772415,51.105587],[34.772415,51.105587],[34.772415,51.105588],[34.772415,51.105588],[34.772415,51.105589],[34.772414,51.105589],[34.758339,51.136859],[34.758339,51.136859],[34.758339,51.136859],[34.758339,51.136859],[34.751987,51.156444],[34.751987,51.156444],[34.751987,51.156444],[34.751987,51.156445],[34.751986,51.156446],[34.751986,51.156446],[34.748273,51.161576],[34.748273,51.161576],[34.748273,51.161576],[34.748273,51.161576],[34.748039,51.162189],[34.748039,51.16219],[34.748039,51.16219],[34.748038,51.162191],[34.738083,51.178342],[34.738083,51.178342],[34.738084,51.178342],[34.738539,51.178408],[34.731903,51.182248],[34.712213,51.169657],[34.712363,51.169607],[34.712364,51.169607],[34.712364,51.169607],[34.712367,51.169606],[34.71237,51.169606],[34.712371,51.169606],[34.712371,51.169606],[34.712614,51.169618],[34.712615,51.169618],[34.712615,51.169618],[34.712629,51.169606],[34.712629,51.169606],[34.712629,51.169606],[34.712629,51.169606],[34.712641,51.16959],[34.712641,51.16959],[34.712641,51.16959],[34.712641,51.16959],[34.712647,51.169574],[34.712647,51.169574],[34.712647,51.169574],[34.712647,51.169574],[34.712648,51.169557],[34.712648,51.169557],[34.712648,51.169557],[34.712648,51.169557],[34.712644,51.16954],[34.712644,51.16954],[34.712644,51.16954],[34.712644,51.169538],[34.712644,51.169536],[34.712645,51.169535],[34.712647,51.169533],[34.712649,51.169532],[34.712651,51.169531],[34.712653,51.169531],[34.712656,51.16953],[34.712659,51.16953],[34.712659,51.16953],[34.71266,51.16953],[34.719247,51.169856],[34.719248,51.169856],[34.719247,51.169856],[34.712187,51.168398],[34.712186,51.168398],[34.712186,51.168398],[34.712184,51.168397],[34.712181,51.168396],[34.712179,51.168395],[34.712178,51.168393],[34.712177,51.168391],[34.712177,51.168389]]],[[[35.170857,51.022727],[35.171685,51.022942],[35.170857,51.022727],[35.170857,51.022727]]],[[[35.171874,51.024228],[35.172297,51.023109],[35.172297,51.023109],[35.171874,51.024228],[35.171874,51.024228]]],[[[35.195028,51.006379],[35.197105,51.005338],[35.197105,51.005338],[35.195028,51.006379]]],[[[35.197105,51.005338],[35.19716,51.005308],[35.197105,51.005338],[35.197105,51.005338]]],[[[35.201873,51.00461],[35.202337,51.005063],[35.202337,51.005063],[35.201873,51.00461]]],[[[35.202348,51.005068],[35.204512,51.0053],[35.202348,51.005068],[35.202348,51.005068]]],[[[35.208958,51.008375],[35.211345,51.009556],[35.211345,51.009556],[35.208958,51.008375],[35.208958,51.008375]]],[[[35.209333,51.007447],[35.209976,51.005896],[35.209976,51.005896],[35.209333,51.007447]]],[[[35.211362,51.009556],[35.213749,51.00859],[35.213749,51.00859],[35.211362,51.009556],[35.211362,51.009556]]],[[[35.213244,51.004926],[35.213606,51.00751],[35.213244,51.004926],[35.213244,51.004926]]],[[[35.215303,50.992711],[35.215303,50.99271],[35.215303,50.992709],[35.215303,50.992708],[35.215304,50.992707],[35.215304,50.992706],[35.215304,50.992706],[35.223713,50.982439],[35.223713,50.982439],[35.223713,50.982439],[35.223713,50.982439],[35.228518,50.973034],[35.228518,50.973033],[35.228519,50.973033],[35.22852,50.973031],[35.22852,50.973031],[35.22852,50.973031],[35.236411,50.966007],[35.236411,50.966006],[35.236411,50.966006],[35.236413,50.966005],[35.236416,50.966004],[35.236418,50.966003],[35.236421,50.966003],[35.236424,50.966003],[35.236424,50.966003],[35.236425,50.966003],[35.2556,50.967769],[35.255601,50.967769],[35.255601,50.967769],[35.26534,50.956766],[35.265341,50.956765],[35.265341,50.956765],[35.265341,50.956765],[35.265342,50.956765],[35.265342,50.956764],[35.272549,50.951086],[35.27255,50.951086],[35.27255,50.951086],[35.272552,50.951084],[35.272553,50.951084],[35.272553,50.951084],[35.286369,50.945625],[35.286369,50.945625],[35.286369,50.945625],[35.28817,50.93768],[35.28817,50.93768],[35.28817,50.937679],[35.288171,50.937678],[35.288172,50.937676],[35.288174,50.937675],[35.288177,50.937673],[35.28818,50.937673],[35.288182,50.937672],[35.288185,50.937672],[35.288186,50.937672],[35.288186,50.937672],[35.296153,50.938375],[35.296154,50.938375],[35.296154,50.938375],[35.30053,50.93048],[35.30053,50.930479],[35.300531,50.930479],[35.300532,50.930477],[35.300532,50.930477],[35.300533,50.930477],[35.305078,50.926856],[35.305078,50.926856],[35.305078,50.926855],[35.30508,50.926854],[35.305083,50.926853],[35.305083,50.926853],[35.305084,50.926853],[35.318126,50.923281],[35.318127,50.923281],[35.318127,50.923281],[35.321045,50.921008],[35.321045,50.921008],[35.321044,50.921008],[35.317456,50.920361],[35.317455,50.920361],[35.317455,50.920361],[35.317452,50.92036],[35.31745,50.920359],[35.317448,50.920358],[35.317446,50.920356],[35.317445,50.920354],[35.317445,50.920353],[35.317445,50.920351],[35.317446,50.920349],[35.317446,50.920349],[35.317446,50.920349],[35.32087,50.91495],[35.32087,50.91495],[35.32087,50.91495],[35.320872,50.914948],[35.320873,50.914947],[35.320876,50.914946],[35.320878,50.914945],[35.320881,50.914945],[35.320881,50.914944],[35.320882,50.914944],[35.326709,50.914566],[35.32671,50.914566],[35.32671,50.914566],[35.332114,50.910238],[35.332114,50.910237],[35.332114,50.910237],[35.332116,50.910236],[35.332119,50.910235],[35.332121,50.910234],[35.332122,50.910234],[35.332122,50.910234],[35.341622,50.908886],[35.341623,50.908886],[35.341623,50.908885],[35.341626,50.908885],[35.341629,50.908886],[35.341629,50.908886],[35.34163,50.908886],[35.341804,50.908922],[35.341805,50.908922],[35.341805,50.908922],[35.341814,50.908911],[35.341814,50.908911],[35.341814,50.908911],[35.341814,50.908911],[35.341822,50.908894],[35.341822,50.908894],[35.341822,50.908894],[35.341822,50.908894],[35.341825,50.908877],[35.341825,50.908877],[35.341825,50.908877],[35.341825,50.908877],[35.341824,50.908844],[35.341824,50.908843],[35.341824,50.908843],[35.341825,50.908841],[35.341826,50.90884],[35.341827,50.908838],[35.341829,50.908837],[35.341831,50.908836],[35.341834,50.908835],[35.341837,50.908835],[35.341839,50.908834],[35.341842,50.908835],[35.341843,50.908835],[35.341843,50.908835],[35.354346,50.911393],[35.354348,50.911393],[35.363273,50.911501],[35.363274,50.911501],[35.363274,50.911501],[35.371513,50.904462],[35.371513,50.904462],[35.371513,50.904462],[35.372372,50.897424],[35.372372,50.897424],[35.372372,50.897424],[35.372372,50.897422],[35.372374,50.89742],[35.372374,50.89742],[35.372374,50.89742],[35.383186,50.886698],[35.383186,50.886698],[35.385418,50.880629],[35.385418,50.880629],[35.385418,50.880629],[35.381643,50.869963],[35.381643,50.869962],[35.381643,50.869962],[35.381643,50.86996],[35.381643,50.869958],[35.381644,50.869957],[35.381645,50.869955],[35.381647,50.869954],[35.381647,50.869954],[35.381648,50.869953],[35.383204,50.869116],[35.382156,50.869895],[35.387993,50.875961],[35.401211,50.879427],[35.38868,50.885113],[35.37941,50.89632],[35.403442,50.902816],[35.396533,50.907228],[35.396576,50.909176],[35.401125,50.910718],[35.399666,50.914994],[35.39237,50.919214],[35.392265,50.91923],[35.388509,50.916054],[35.388509,50.916054],[35.388509,50.916054],[35.388508,50.916052],[35.388507,50.916052],[35.388507,50.916052],[35.386834,50.913456],[35.386834,50.913456],[35.386833,50.913456],[35.36821,50.910855],[35.368209,50.910855],[35.368209,50.910855],[35.355942,50.916564],[35.355941,50.916564],[35.355941,50.916564],[35.355938,50.916565],[35.355936,50.916566],[35.355933,50.916566],[35.355931,50.916566],[35.355928,50.916565],[35.355928,50.916565],[35.355927,50.916565],[35.348984,50.914835],[35.348982,50.914835],[35.342215,50.914433],[35.342214,50.914433],[35.342214,50.914433],[35.341563,50.914779],[35.341563,50.91478],[35.341562,50.91478],[35.34156,50.914781],[35.341558,50.914781],[35.341555,50.914781],[35.341552,50.914781],[35.341552,50.914781],[35.341551,50.914781],[35.33847,50.914512],[35.338469,50.914512],[35.338469,50.914512],[35.338469,50.914512],[35.338468,50.914512],[35.33229,50.91554],[35.332289,50.91554],[35.332289,50.91554],[35.3298,50.919814],[35.3298,50.919815],[35.3298,50.919815],[35.329799,50.919816],[35.328084,50.921979],[35.328083,50.92198],[35.328083,50.92198],[35.328083,50.92198],[35.328082,50.92198],[35.328082,50.921981],[35.317098,50.931557],[35.317098,50.931557],[35.317098,50.931557],[35.317096,50.931558],[35.317096,50.931559],[35.317095,50.931559],[35.311186,50.934662],[35.311186,50.934662],[35.311186,50.934662],[35.311186,50.934662],[35.307312,50.936986],[35.307312,50.936986],[35.307312,50.936986],[35.307312,50.936986],[35.305896,50.937981],[35.305896,50.937981],[35.305896,50.937981],[35.305896,50.937981],[35.302421,50.941132],[35.30242,50.941133],[35.30242,50.941133],[35.302419,50.941134],[35.302274,50.941231],[35.302274,50.941231],[35.302274,50.941231],[35.302334,50.941402],[35.302334,50.941402],[35.302334,50.941402],[35.302334,50.941404],[35.302334,50.941406],[35.302333,50.941408],[35.302332,50.941409],[35.30233,50.941411],[35.302327,50.941412],[35.302325,50.941413],[35.302322,50.941413],[35.302319,50.941413],[35.302316,50.941413],[35.302314,50.941412],[35.302313,50.941412],[35.302313,50.941412],[35.302163,50.941357],[35.302162,50.941357],[35.302162,50.941357],[35.300837,50.942192],[35.300837,50.942192],[35.292721,50.947623],[35.292721,50.947623],[35.292721,50.947623],[35.29581,50.954437],[35.29581,50.954437],[35.29581,50.954437],[35.29581,50.954438],[35.295811,50.954439],[35.29581,50.95444],[35.29581,50.954441],[35.29581,50.954441],[35.29581,50.954441],[35.292549,50.963312],[35.292549,50.963312],[35.292549,50.963312],[35.292549,50.963312],[35.292549,50.963312],[35.295295,50.971314],[35.295295,50.971314],[35.295295,50.971315],[35.295296,50.971316],[35.295296,50.971316],[35.295295,50.971317],[35.295295,50.971318],[35.295295,50.971318],[35.292211,50.980168],[35.292211,50.980168],[35.292211,50.980168],[35.29221,50.98017],[35.292209,50.980171],[35.292207,50.980173],[35.292204,50.980174],[35.292202,50.980175],[35.292199,50.980175],[35.292196,50.980175],[35.292193,50.980175],[35.292191,50.980174],[35.292188,50.980173],[35.292188,50.980173],[35.292188,50.980173],[35.291743,50.97992],[35.291743,50.97992],[35.291743,50.97992],[35.286369,50.983675],[35.286369,50.983675],[35.286369,50.983675],[35.286542,50.983757],[35.286543,50.983757],[35.286543,50.983757],[35.286545,50.983759],[35.286546,50.98376],[35.286547,50.983762],[35.286548,50.983763],[35.286548,50.983765],[35.286547,50.983767],[35.286546,50.983768],[35.286545,50.98377],[35.286543,50.983771],[35.286541,50.983772],[35.286538,50.983773],[35.286535,50.983773],[35.286535,50.983773],[35.286534,50.983773],[35.286284,50.983781],[35.286284,50.983781],[35.286283,50.983781],[35.286283,50.983781],[35.286283,50.983781],[35.281477,50.986159],[35.281477,50.986159],[35.281477,50.986159],[35.279934,50.989776],[35.279934,50.989777],[35.279934,50.989777],[35.279932,50.989779],[35.279931,50.98978],[35.279928,50.989782],[35.279926,50.989782],[35.279926,50.989783],[35.279925,50.989783],[35.273154,50.991401],[35.273153,50.991401],[35.273153,50.991401],[35.273151,50.991402],[35.273149,50.991402],[35.273148,50.991402],[35.273148,50.991402],[35.264226,50.991186],[35.264225,50.991186],[35.264225,50.991186],[35.260801,50.99469],[35.260801,50.99469],[35.2608,50.99469],[35.260798,50.994692],[35.260796,50.994693],[35.260794,50.994694],[35.260791,50.994694],[35.260788,50.994694],[35.260785,50.994694],[35.260782,50.994693],[35.26078,50.994692],[35.26078,50.994692],[35.260779,50.994692],[35.250836,50.989348],[35.250835,50.989348],[35.250834,50.989348],[35.247065,50.989511],[35.247064,50.989511],[35.247064,50.989511],[35.247061,50.989511],[35.247058,50.98951],[35.247055,50.989509],[35.247055,50.989509],[35.247054,50.989509],[35.243969,50.987943],[35.243969,50.987943],[35.243969,50.987943],[35.245255,50.995129],[35.245255,50.995129],[35.245255,50.995129],[35.245255,50.99513],[35.245255,50.995131],[35.245255,50.995133],[35.245254,50.995134],[35.245253,50.995134],[35.245253,50.995135],[35.24045,50.999887],[35.24045,50.999887],[35.24045,50.999887],[35.243241,51.005479],[35.243241,51.005479],[35.243241,51.00548],[35.243242,51.005481],[35.243242,51.005483],[35.243241,51.005484],[35.24324,51.005486],[35.243239,51.005487],[35.243237,51.005489],[35.243237,51.005489],[35.243236,51.005489],[35.236248,51.009027],[35.236247,51.009027],[35.236247,51.009027],[35.236245,51.009028],[35.236242,51.009029],[35.23624,51.009029],[35.23624,51.009029],[35.236239,51.009029],[35.228522,51.009137],[35.228521,51.009137],[35.228521,51.009137],[35.228517,51.009137],[35.228517,51.009137],[35.228516,51.009136],[35.224234,51.008273],[35.224233,51.008273],[35.224233,51.008273],[35.22423,51.008272],[35.224228,51.008271],[35.224226,51.008269],[35.224225,51.008269],[35.224225,51.008269],[35.222683,51.006435],[35.222683,51.006435],[35.222683,51.006435],[35.222683,51.006435],[35.218566,51.00352],[35.218565,51.00352],[35.218565,51.003519],[35.218563,51.003518],[35.218562,51.003516],[35.218562,51.003516],[35.218562,51.003515],[35.215303,50.992712],[35.215303,50.992712],[35.215303,50.992712],[35.215303,50.992711]]],[[[35.215846,51.005365],[35.218202,51.005775],[35.218202,51.005775],[35.215846,51.005365]]],[[[35.21822,51.005766],[35.21822,51.004869],[35.21822,51.005766],[35.21822,51.005766]]],[[[35.218525,51.003392],[35.218562,51.003515],[35.218562,51.003515],[35.218525,51.003392]]],[[[35.318299,50.77777],[35.318299,50.777769],[35.318299,50.777769],[35.318299,50.777769],[35.322075,50.760828],[35.322075,50.760828],[35.322075,50.760828],[35.322075,50.760828],[35.322418,50.738452],[35.322418,50.738452],[35.322418,50.738452],[35.322418,50.738452],[35.323792,50.723018],[35.323792,50.723017],[35.323792,50.723017],[35.323792,50.723016],[35.323792,50.723016],[35.323793,50.723015],[35.323793,50.723015],[35.323793,50.723014],[35.337353,50.703365],[35.337353,50.703365],[35.337353,50.703365],[35.337353,50.703365],[35.343876,50.687342],[35.343876,50.687342],[35.351257,50.667757],[35.351257,50.667757],[35.351257,50.667757],[35.351257,50.667757],[35.353489,50.657633],[35.353489,50.657633],[35.353489,50.657633],[35.353489,50.657633],[35.356063,50.648817],[35.356063,50.648817],[35.356063,50.648816],[35.356064,50.648815],[35.356065,50.648814],[35.356067,50.648812],[35.356067,50.648812],[35.356068,50.648812],[35.374768,50.637382],[35.374769,50.637382],[35.374769,50.637382],[35.374771,50.637381],[35.374774,50.63738],[35.374777,50.63738],[35.37478,50.63738],[35.374783,50.63738],[35.374783,50.63738],[35.374784,50.63738],[35.392113,50.641759],[35.391941,50.642058],[35.39249,50.650363],[35.387736,50.651747],[35.387734,50.651747],[35.382415,50.655123],[35.382414,50.655123],[35.379324,50.659478],[35.379324,50.659478],[35.379324,50.659478],[35.379324,50.659478],[35.379324,50.659478],[35.379238,50.663722],[35.379238,50.663723],[35.379238,50.663723],[35.379238,50.663724],[35.377178,50.674445],[35.377178,50.674445],[35.377178,50.674445],[35.38361,50.682652],[35.38361,50.682653],[35.38361,50.682653],[35.383611,50.682654],[35.383611,50.682656],[35.383611,50.682658],[35.383611,50.682659],[35.38361,50.682661],[35.383608,50.682662],[35.383606,50.682663],[35.383606,50.682663],[35.383605,50.682664],[35.371771,50.688426],[35.371771,50.688426],[35.371771,50.688426],[35.369368,50.694243],[35.369368,50.694243],[35.369368,50.694243],[35.369368,50.694243],[35.367994,50.705061],[35.367994,50.705062],[35.367994,50.705062],[35.367994,50.705063],[35.365419,50.713327],[35.365419,50.713327],[35.365419,50.713327],[35.365419,50.713327],[35.365419,50.713327],[35.366278,50.715502],[35.366278,50.715502],[35.366278,50.715502],[35.367633,50.715985],[35.367633,50.715985],[35.367633,50.715985],[35.367636,50.715987],[35.367638,50.715988],[35.367639,50.71599],[35.36764,50.715992],[35.36764,50.715993],[35.36764,50.715994],[35.36764,50.715994],[35.367222,50.71833],[35.367222,50.71833],[35.367222,50.71833],[35.367222,50.71833],[35.36602,50.722787],[35.36602,50.722787],[35.367908,50.730393],[35.367908,50.730393],[35.367908,50.730393],[35.367908,50.730394],[35.367908,50.730395],[35.367908,50.730395],[35.367908,50.730395],[35.364647,50.748067],[35.364647,50.748067],[35.364647,50.748068],[35.364647,50.748069],[35.364646,50.74807],[35.364646,50.74807],[35.364645,50.748071],[35.354862,50.758637],[35.354862,50.758637],[35.354862,50.758637],[35.355377,50.766997],[35.355377,50.766997],[35.355377,50.766997],[35.355377,50.766997],[35.357779,50.775136],[35.357779,50.775136],[35.357779,50.775136],[35.357779,50.775137],[35.357779,50.775138],[35.357779,50.775139],[35.357779,50.77514],[35.357778,50.775141],[35.357778,50.775142],[35.357777,50.775142],[35.350227,50.783714],[35.350227,50.783714],[35.345764,50.789143],[35.345764,50.789143],[35.345764,50.789143],[35.348511,50.796199],[35.348511,50.796199],[35.348511,50.796199],[35.348511,50.796199],[35.354862,50.805747],[35.354862,50.805747],[35.354862,50.805747],[35.354862,50.805747],[35.364988,50.816163],[35.364988,50.816163],[35.364989,50.816163],[35.365073,50.81613],[35.365073,50.81613],[35.365074,50.81613],[35.365076,50.816129],[35.365079,50.816129],[35.365079,50.816129],[35.36508,50.816129],[35.371942,50.815858],[35.371943,50.815858],[35.371943,50.815858],[35.371944,50.815858],[35.37898,50.816075],[35.378981,50.816075],[35.378981,50.816075],[35.378982,50.816075],[35.383185,50.816509],[35.383187,50.816509],[35.393136,50.815533],[35.393137,50.815533],[35.393137,50.815533],[35.39314,50.815533],[35.393143,50.815533],[35.393145,50.815534],[35.393147,50.815535],[35.393148,50.815535],[35.393148,50.815535],[35.393614,50.815794],[35.393614,50.815794],[35.393615,50.815794],[35.412862,50.814066],[35.420094,50.829578],[35.418892,50.842587],[35.411687,50.847943],[35.412197,50.846618],[35.412197,50.846618],[35.412197,50.846618],[35.412197,50.846618],[35.412197,50.846618],[35.410824,50.84163],[35.410824,50.84163],[35.410824,50.84163],[35.410824,50.841628],[35.410824,50.841628],[35.410824,50.841628],[35.41151,50.834254],[35.41151,50.834254],[35.41151,50.834254],[35.408422,50.830893],[35.408421,50.830893],[35.408421,50.830892],[35.408421,50.830892],[35.408421,50.830891],[35.40842,50.830891],[35.406017,50.82677],[35.406017,50.82677],[35.406017,50.82677],[35.401904,50.825579],[35.401904,50.825579],[35.401903,50.825579],[35.401901,50.825578],[35.401898,50.825576],[35.401897,50.825575],[35.401896,50.825573],[35.401896,50.825573],[35.401896,50.825572],[35.4016,50.824468],[35.4016,50.824468],[35.401599,50.824468],[35.392887,50.826056],[35.392886,50.826056],[35.392886,50.826056],[35.392884,50.826056],[35.392884,50.826056],[35.392883,50.826056],[35.384388,50.826219],[35.384388,50.826219],[35.384388,50.826219],[35.375635,50.826219],[35.375635,50.826219],[35.375634,50.826219],[35.375632,50.826219],[35.375631,50.826219],[35.375631,50.826219],[35.367486,50.824755],[35.367486,50.824755],[35.367485,50.824755],[35.367483,50.824754],[35.36748,50.824753],[35.367478,50.824752],[35.367477,50.82475],[35.367477,50.82475],[35.367476,50.82475],[35.367463,50.824727],[35.367463,50.824727],[35.367462,50.824727],[35.323115,50.815526],[35.323114,50.815526],[35.323114,50.815526],[35.323111,50.815525],[35.323109,50.815524],[35.323107,50.815523],[35.323106,50.815521],[35.323105,50.81552],[35.323105,50.815518],[35.323105,50.815518],[35.323105,50.815518],[35.322418,50.805542],[35.322418,50.805542],[35.322418,50.805542],[35.322418,50.805541],[35.322418,50.80554],[35.322418,50.80554],[35.322418,50.80554],[35.327911,50.788839],[35.327911,50.788839],[35.327911,50.788839],[35.3183,50.777775],[35.3183,50.777774],[35.3183,50.777774],[35.318299,50.777773],[35.318299,50.777772],[35.318299,50.777771],[35.318299,50.77777]]]]},"properties":{"id":"fmsggd0g9_kzf","settlement_name":"Contested Sumy main","name_en":null,"faction":"contested","faction_name":"Contested","faction_color":"#f59e0b","last_updated":"2026-08-05T19:01:35Z","source":"manual","source_channel":null,"source_snippet":null,"admin_area_km2":null,"zone_area_km2":170.079,"override":true,"priority_lock":false,"history":[]}},{"type":"Feature","geometry":{"type":"Polygon","coordinates":[[[35.981069,47.780078],[35.974903,47.808543],[35.976791,47.825603],[36.002884,47.825718],[36.018505,47.825488],[36.064302,47.828925],[36.0688,47.808396],[36.002713,47.802965],[36.003815,47.782382],[35.981069,47.780078]]]},"properties":{"id":"fmsggp14z_12x","settlement_name":"Зарница","name_en":"Zarniza","faction":"russia","faction_name":"Russia","faction_color":"#ef4444","last_updated":"2026-08-05T19:10:16Z","source":"manual","source_channel":null,"source_snippet":null,"admin_area_km2":null,"zone_area_km2":20.891,"override":true,"priority_lock":false,"history":[]}},{"type":"Feature","geometry":{"type":"MultiPolygon","coordinates":[[[[37.474024,49.093231],[37.474024,49.09323],[37.474024,49.093229],[37.474024,49.093228],[37.474024,49.093228],[37.474026,49.093226],[37.474027,49.093225],[37.474027,49.093225],[37.474028,49.093224],[37.508698,49.070927],[37.508698,49.070927],[37.508698,49.070927],[37.514876,49.054994],[37.514877,49.054994],[37.514877,49.054994],[37.514877,49.054993],[37.514878,49.054992],[37.514878,49.054992],[37.514878,49.054992],[37.530668,49.03721],[37.530669,49.03721],[37.530669,49.03721],[37.53067,49.037208],[37.530672,49.037207],[37.530672,49.037207],[37.530673,49.037207],[37.556411,49.02627],[37.556412,49.02627],[37.556412,49.02627],[37.556415,49.026269],[37.556417,49.026269],[37.55642,49.026269],[37.556423,49.026269],[37.556426,49.02627],[37.556426,49.02627],[37.556427,49.02627],[37.556903,49.026483],[37.556903,49.026483],[37.556903,49.026483],[37.565167,49.024263],[37.565167,49.024263],[37.565168,49.024263],[37.56517,49.024262],[37.565173,49.024262],[37.565175,49.024262],[37.565177,49.024263],[37.56518,49.024264],[37.56518,49.024264],[37.56518,49.024264],[37.57513,49.028821],[37.57513,49.028821],[37.575131,49.028821],[37.58165,49.027415],[37.581651,49.027415],[37.581651,49.027415],[37.581654,49.027414],[37.581657,49.027414],[37.581657,49.027414],[37.581658,49.027415],[37.592982,49.029047],[37.592983,49.029047],[37.592983,49.029047],[37.592983,49.029047],[37.592984,49.029047],[37.598302,49.028258],[37.598303,49.028258],[37.598304,49.028258],[37.598306,49.028258],[37.598307,49.028258],[37.598308,49.028258],[37.604996,49.028709],[37.604996,49.028709],[37.604997,49.028709],[37.604999,49.028709],[37.605001,49.02871],[37.605003,49.02871],[37.605003,49.028711],[37.605003,49.028711],[37.607489,49.03006],[37.607489,49.03006],[37.60749,49.03006],[37.612719,49.028317],[37.612719,49.028317],[37.61272,49.028316],[37.612723,49.028316],[37.612726,49.028316],[37.612729,49.028316],[37.612729,49.028316],[37.61273,49.028316],[37.615298,49.028821],[37.615299,49.028821],[37.615299,49.028821],[37.61856,49.025163],[37.61856,49.025163],[37.61856,49.025163],[37.618562,49.025161],[37.618562,49.025161],[37.618562,49.025161],[37.626625,49.019927],[37.626626,49.019927],[37.626626,49.019927],[37.626628,49.019926],[37.626631,49.019925],[37.626633,49.019925],[37.626634,49.019925],[37.626634,49.019925],[37.646627,49.018686],[37.646627,49.018686],[37.646627,49.018686],[37.646627,49.018686],[37.650383,49.017958],[37.650384,49.017958],[37.650383,49.017958],[37.649308,49.018016],[37.649307,49.018016],[37.649307,49.018016],[37.649304,49.018016],[37.649302,49.018015],[37.649299,49.018014],[37.649297,49.018013],[37.649295,49.018012],[37.649294,49.01801],[37.649293,49.018009],[37.649293,49.018007],[37.649293,49.018005],[37.649293,49.018005],[37.649294,49.018004],[37.65152,49.012936],[37.65152,49.012936],[37.65152,49.012936],[37.650506,49.012477],[37.650506,49.012477],[37.650505,49.012477],[37.650504,49.012476],[37.650502,49.012475],[37.650501,49.012473],[37.6505,49.012472],[37.6505,49.012471],[37.6505,49.01247],[37.6505,49.012469],[37.6505,49.012468],[37.650501,49.012467],[37.650502,49.012465],[37.650503,49.012464],[37.650505,49.012463],[37.650505,49.012463],[37.650506,49.012462],[37.651744,49.01187],[37.651744,49.01187],[37.651743,49.01187],[37.650029,49.01133],[37.650028,49.01133],[37.650028,49.01133],[37.650026,49.011329],[37.650024,49.011327],[37.650023,49.011326],[37.650022,49.011324],[37.650021,49.011323],[37.650021,49.011321],[37.650021,49.011319],[37.650022,49.011318],[37.650024,49.011316],[37.650025,49.011315],[37.650027,49.011314],[37.65003,49.011313],[37.650032,49.011313],[37.650035,49.011313],[37.650038,49.011313],[37.650038,49.011313],[37.650038,49.011313],[37.650612,49.011414],[37.650613,49.011414],[37.650612,49.011414],[37.650078,49.011246],[37.650077,49.011246],[37.650077,49.011246],[37.650075,49.011245],[37.650073,49.011244],[37.650071,49.011242],[37.65007,49.011241],[37.65007,49.011239],[37.65007,49.011237],[37.65007,49.011236],[37.650071,49.011234],[37.650072,49.011232],[37.650074,49.011231],[37.650076,49.01123],[37.650079,49.011229],[37.650081,49.011229],[37.650084,49.011229],[37.650086,49.011229],[37.650087,49.011229],[37.650087,49.011229],[37.652113,49.011585],[37.652114,49.011585],[37.652114,49.011585],[37.653492,49.008448],[37.653492,49.008448],[37.653492,49.008448],[37.653494,49.008446],[37.653495,49.008445],[37.653497,49.008443],[37.653499,49.008443],[37.6535,49.008442],[37.6535,49.008442],[37.671689,49.003435],[37.67169,49.003435],[37.67169,49.003435],[37.671691,49.003435],[37.686882,48.999944],[37.686882,48.999944],[37.686882,48.999944],[37.686882,48.999944],[37.710829,48.993411],[37.710829,48.993411],[37.710829,48.993411],[37.710829,48.993411],[37.722587,48.989244],[37.722589,48.989244],[37.726879,48.985863],[37.726879,48.985863],[37.726878,48.985863],[37.716073,48.983103],[37.716073,48.983103],[37.716072,48.983103],[37.71607,48.983102],[37.716068,48.983101],[37.716067,48.9831],[37.716065,48.983098],[37.716065,48.983097],[37.716064,48.983095],[37.716064,48.983095],[37.716064,48.983094],[37.716236,48.978542],[37.716236,48.978542],[37.716236,48.978541],[37.716236,48.978541],[37.716237,48.978539],[37.716238,48.978537],[37.71624,48.978536],[37.716242,48.978535],[37.716242,48.978535],[37.716243,48.978534],[37.7219,48.976282],[37.721901,48.976282],[37.721901,48.976282],[37.724648,48.970307],[37.724648,48.970307],[37.724648,48.965971],[37.724648,48.96597],[37.724648,48.96597],[37.724648,48.965969],[37.724648,48.965968],[37.724649,48.965968],[37.724649,48.965967],[37.724651,48.965965],[37.724651,48.965965],[37.724652,48.965964],[37.729998,48.962085],[37.729998,48.962085],[37.729998,48.962085],[37.72208,48.956476],[37.72208,48.956476],[37.72208,48.956476],[37.722078,48.956475],[37.722078,48.956473],[37.722077,48.956473],[37.722077,48.956472],[37.722077,48.956471],[37.722076,48.95647],[37.722077,48.956469],[37.722077,48.956468],[37.722077,48.956467],[37.722078,48.956466],[37.722078,48.956466],[37.722078,48.956465],[37.722079,48.956465],[37.722956,48.955531],[37.722956,48.955531],[37.722956,48.955531],[37.722591,48.954717],[37.722591,48.954717],[37.722591,48.954717],[37.72259,48.954715],[37.722591,48.954713],[37.722591,48.954711],[37.722592,48.95471],[37.722594,48.954708],[37.722596,48.954707],[37.722599,48.954706],[37.722601,48.954706],[37.722604,48.954706],[37.722607,48.954706],[37.722609,48.954706],[37.722612,48.954707],[37.722614,48.954708],[37.722616,48.95471],[37.722616,48.95471],[37.722616,48.95471],[37.723156,48.955318],[37.723156,48.955318],[37.723156,48.955318],[37.728424,48.949709],[37.728424,48.949709],[37.728424,48.949709],[37.737349,48.940799],[37.737349,48.940799],[37.73735,48.940798],[37.737351,48.940798],[37.737351,48.940798],[37.737351,48.940797],[37.755032,48.929295],[37.755032,48.929295],[37.755032,48.929295],[37.758635,48.922524],[37.758635,48.922523],[37.758635,48.922523],[37.758636,48.922521],[37.758639,48.92252],[37.758639,48.92252],[37.758639,48.922519],[37.764816,48.919361],[37.764816,48.919361],[37.764816,48.919361],[37.761043,48.916035],[37.761043,48.916034],[37.761042,48.916034],[37.761041,48.916033],[37.761041,48.916032],[37.76104,48.916031],[37.76104,48.91603],[37.76104,48.916029],[37.76104,48.916029],[37.76104,48.916029],[37.761211,48.911917],[37.761211,48.911916],[37.761211,48.911916],[37.761211,48.911915],[37.761211,48.911915],[37.761212,48.911913],[37.761214,48.911911],[37.761216,48.91191],[37.761217,48.91191],[37.761217,48.911909],[37.767124,48.909321],[37.767124,48.90932],[37.767124,48.90932],[37.767127,48.909319],[37.767129,48.909319],[37.767132,48.909319],[37.767135,48.909319],[37.767137,48.90932],[37.767139,48.909321],[37.767141,48.909322],[37.767142,48.909322],[37.767142,48.909322],[37.767142,48.909322],[37.767142,48.909322],[37.774428,48.914899],[37.774428,48.914899],[37.774429,48.9149],[37.774429,48.9149],[37.774429,48.9149],[37.77443,48.9149],[37.77443,48.9149],[37.77443,48.914901],[37.7854,48.919859],[37.785401,48.919859],[37.785401,48.919859],[37.785402,48.91986],[37.785403,48.91986],[37.785405,48.919862],[37.785406,48.919864],[37.785407,48.919865],[37.785407,48.919865],[37.785407,48.919866],[37.785407,48.919867],[37.785407,48.919868],[37.785407,48.919869],[37.785406,48.91987],[37.785405,48.919871],[37.785403,48.919873],[37.785403,48.919873],[37.785402,48.919873],[37.785402,48.919874],[37.785401,48.919874],[37.766876,48.930021],[37.766876,48.930021],[37.766876,48.930021],[37.766876,48.930021],[37.766876,48.930021],[37.736665,48.949648],[37.736665,48.949649],[37.736664,48.949649],[37.736664,48.949649],[37.736664,48.949649],[37.736664,48.949649],[37.736663,48.94965],[37.736663,48.94965],[37.730142,48.95664],[37.730141,48.956641],[37.730141,48.956641],[37.730141,48.956641],[37.730141,48.956641],[37.730141,48.956641],[37.730142,48.956641],[37.730142,48.956641],[37.730142,48.956641],[37.75726,48.966337],[37.757261,48.966337],[37.757261,48.966337],[37.757262,48.966338],[37.757262,48.966338],[37.757263,48.966338],[37.757264,48.966339],[37.757264,48.966339],[37.757265,48.966339],[37.757265,48.96634],[37.763785,48.971298],[37.763785,48.971298],[37.763785,48.971299],[37.763786,48.971299],[37.763786,48.971299],[37.763787,48.971299],[37.763787,48.971299],[37.763787,48.971299],[37.788492,48.977608],[37.788493,48.977609],[37.788493,48.977609],[37.788494,48.977609],[37.788495,48.977609],[37.788497,48.97761],[37.788498,48.977611],[37.7885,48.977613],[37.788501,48.977614],[37.788501,48.977616],[37.788502,48.977617],[37.788502,48.977617],[37.788501,48.977618],[37.788501,48.977619],[37.788501,48.977619],[37.788501,48.97762],[37.7885,48.977621],[37.7885,48.977621],[37.784044,48.984597],[37.784044,48.984598],[37.784043,48.984598],[37.784043,48.984599],[37.784043,48.984599],[37.78404,48.984601],[37.78404,48.984601],[37.784039,48.984601],[37.784039,48.984602],[37.784038,48.984602],[37.767223,48.992938],[37.767222,48.992938],[37.767221,48.992938],[37.76722,48.992939],[37.767219,48.992939],[37.767219,48.992939],[37.767218,48.99294],[37.767217,48.99294],[37.756973,48.995442],[37.756973,48.995442],[37.756973,48.995442],[37.756973,48.995442],[37.756972,48.995442],[37.756972,48.995442],[37.756972,48.995442],[37.756972,48.995442],[37.756972,48.995443],[37.751944,49.002415],[37.751944,49.002416],[37.751943,49.002416],[37.751943,49.002417],[37.751943,49.002417],[37.75194,49.002419],[37.75194,49.002419],[37.751939,49.002419],[37.751938,49.002419],[37.751938,49.00242],[37.743105,49.006191],[37.743104,49.006192],[37.743103,49.006192],[37.743102,49.006192],[37.743102,49.006193],[37.7431,49.006193],[37.7431,49.006193],[37.743098,49.006193],[37.743097,49.006193],[37.743097,49.006193],[37.729885,49.007263],[37.729884,49.007263],[37.729884,49.007263],[37.729883,49.007263],[37.729883,49.007263],[37.729882,49.007263],[37.729882,49.007263],[37.729881,49.007263],[37.718469,49.007037],[37.718469,49.007037],[37.718469,49.007037],[37.718468,49.007037],[37.718468,49.007037],[37.718467,49.007037],[37.718467,49.007037],[37.718467,49.007037],[37.705596,49.010979],[37.705596,49.010979],[37.705595,49.010979],[37.705594,49.01098],[37.705594,49.01098],[37.705594,49.01098],[37.705592,49.01098],[37.705592,49.01098],[37.705591,49.01098],[37.705591,49.01098],[37.70559,49.01098],[37.70559,49.01098],[37.699156,49.011318],[37.699156,49.011318],[37.699156,49.011318],[37.699156,49.011318],[37.699156,49.011318],[37.691261,49.012107],[37.69126,49.012107],[37.69126,49.012107],[37.691259,49.012107],[37.691259,49.012107],[37.691258,49.012107],[37.691258,49.012107],[37.691258,49.012107],[37.682591,49.014585],[37.682591,49.014585],[37.68259,49.014585],[37.68259,49.014585],[37.68259,49.014585],[37.68259,49.014585],[37.682589,49.014585],[37.682589,49.014585],[37.669891,49.017287],[37.669891,49.017287],[37.66989,49.017288],[37.669889,49.017288],[37.669889,49.017288],[37.669889,49.017288],[37.669887,49.017288],[37.669887,49.017288],[37.669886,49.017288],[37.669886,49.017288],[37.669885,49.017288],[37.669885,49.017288],[37.666126,49.017203],[37.666126,49.017203],[37.666126,49.017203],[37.666126,49.017203],[37.666125,49.017203],[37.666125,49.017203],[37.666125,49.017203],[37.666125,49.017203],[37.666124,49.017204],[37.664055,49.019919],[37.664055,49.01992],[37.664055,49.01992],[37.664054,49.019921],[37.664054,49.019921],[37.664052,49.019922],[37.66405,49.019923],[37.664047,49.019924],[37.664044,49.019925],[37.664044,49.019925],[37.664042,49.019925],[37.664042,49.019925],[37.664041,49.019925],[37.655898,49.0197],[37.655898,49.0197],[37.655898,49.0197],[37.655897,49.0197],[37.655897,49.0197],[37.655897,49.0197],[37.655897,49.0197],[37.655897,49.019701],[37.655896,49.019701],[37.654013,49.021666],[37.654012,49.021666],[37.654012,49.021667],[37.654011,49.021668],[37.654011,49.021668],[37.654009,49.021669],[37.654007,49.02167],[37.654005,49.02167],[37.654005,49.02167],[37.654003,49.021671],[37.654003,49.021671],[37.654002,49.021671],[37.6468,49.022571],[37.646799,49.022571],[37.646799,49.022571],[37.646799,49.022571],[37.646798,49.022571],[37.635899,49.024655],[37.635899,49.024655],[37.626287,49.026682],[37.626287,49.026682],[37.626287,49.026682],[37.626286,49.026682],[37.626286,49.026682],[37.626285,49.026682],[37.626285,49.026682],[37.626285,49.026682],[37.622167,49.028934],[37.622167,49.028934],[37.622166,49.028934],[37.622166,49.028934],[37.622166,49.028934],[37.622166,49.028934],[37.622166,49.028934],[37.622165,49.028935],[37.619851,49.031408],[37.619851,49.031408],[37.619851,49.031408],[37.61985,49.031409],[37.61985,49.031409],[37.619847,49.03141],[37.619845,49.031412],[37.619844,49.031412],[37.619843,49.031412],[37.619843,49.031412],[37.619842,49.031412],[37.603284,49.034564],[37.603284,49.034564],[37.603283,49.034564],[37.603283,49.034564],[37.603283,49.034564],[37.603283,49.034564],[37.603282,49.034564],[37.603282,49.034564],[37.582175,49.037152],[37.582174,49.037152],[37.582173,49.037152],[37.582173,49.037152],[37.582172,49.037152],[37.582172,49.037153],[37.582172,49.037153],[37.582169,49.037152],[37.582167,49.037152],[37.582166,49.037152],[37.582166,49.037152],[37.582166,49.037152],[37.582165,49.037152],[37.582164,49.037151],[37.582164,49.037151],[37.576161,49.03507],[37.576161,49.03507],[37.57616,49.03507],[37.57616,49.03507],[37.57616,49.03507],[37.57616,49.03507],[37.576159,49.03507],[37.576159,49.03507],[37.57578,49.03491],[37.57578,49.03491],[37.57578,49.03491],[37.576835,49.035382],[37.576836,49.035382],[37.576836,49.035382],[37.576837,49.035383],[37.576838,49.035383],[37.576839,49.035384],[37.576841,49.035386],[37.576842,49.035387],[37.576842,49.035388],[37.576842,49.035389],[37.576842,49.03539],[37.576842,49.035391],[37.576842,49.035392],[37.576841,49.035392],[37.576841,49.035393],[37.576841,49.035393],[37.57684,49.035394],[37.57684,49.035394],[37.57684,49.035395],[37.564147,49.049006],[37.564146,49.049007],[37.564146,49.049007],[37.564145,49.049008],[37.564145,49.049008],[37.564142,49.049009],[37.564142,49.04901],[37.564141,49.04901],[37.56414,49.04901],[37.564139,49.04901],[37.545606,49.054862],[37.545606,49.054862],[37.545606,49.054862],[37.545605,49.054862],[37.545605,49.054862],[37.545605,49.054862],[37.545605,49.054862],[37.545605,49.054863],[37.545605,49.054863],[37.534103,49.083292],[37.534103,49.083292],[37.534103,49.083293],[37.534103,49.083293],[37.534103,49.083293],[37.534103,49.083293],[37.534103,49.083293],[37.534104,49.083293],[37.534104,49.083294],[37.582683,49.117836],[37.582683,49.117836],[37.582684,49.117837],[37.582684,49.117837],[37.582684,49.117837],[37.582685,49.117837],[37.582685,49.117837],[37.582685,49.117838],[37.618091,49.131849],[37.618091,49.131849],[37.618109,49.131834],[37.618131,49.131822],[37.618156,49.131813],[37.618183,49.131808],[37.618235,49.131801],[37.618279,49.131819],[37.618282,49.13182],[37.618283,49.13182],[37.618286,49.131821],[37.618286,49.131821],[37.618292,49.131824],[37.618293,49.131825],[37.618298,49.131827],[37.618298,49.131827],[37.61831,49.131834],[37.618312,49.131836],[37.618331,49.131852],[37.618332,49.131854],[37.618345,49.131872],[37.618346,49.131874],[37.618348,49.131879],[37.680359,49.124332],[37.706451,49.133655],[37.714005,49.152071],[37.70628,49.165992],[37.690309,49.173908],[37.690413,49.17397],[37.690301,49.174025],[37.697181,49.178139],[37.697181,49.178139],[37.697182,49.178139],[37.697182,49.178139],[37.697182,49.178139],[37.697183,49.178139],[37.697183,49.178139],[37.697183,49.178139],[37.702672,49.179597],[37.702673,49.179597],[37.702674,49.179598],[37.702675,49.179598],[37.702675,49.179598],[37.702676,49.179599],[37.702677,49.179599],[37.702677,49.179599],[37.711429,49.183864],[37.711429,49.183864],[37.711429,49.183864],[37.71143,49.183864],[37.71143,49.183864],[37.711431,49.183864],[37.711431,49.183864],[37.711431,49.183864],[37.729963,49.186553],[37.729963,49.186553],[37.729964,49.186553],[37.729965,49.186554],[37.729966,49.186554],[37.729968,49.186555],[37.729971,49.186556],[37.729971,49.186556],[37.729972,49.186557],[37.729972,49.186557],[37.729973,49.186557],[37.735118,49.191379],[37.735119,49.19138],[37.735119,49.19138],[37.735119,49.19138],[37.735119,49.19138],[37.73512,49.19138],[37.73512,49.19138],[37.73512,49.19138],[37.73512,49.19138],[37.745413,49.192947],[37.745414,49.192947],[37.745414,49.192947],[37.745416,49.192948],[37.745416,49.192948],[37.745418,49.192949],[37.745421,49.19295],[37.745421,49.19295],[37.745422,49.19295],[37.745422,49.192951],[37.745423,49.192951],[37.750396,49.197207],[37.750397,49.197208],[37.750397,49.197208],[37.750397,49.197208],[37.750397,49.197208],[37.750397,49.197208],[37.750398,49.197208],[37.750398,49.197208],[37.758263,49.200571],[37.758263,49.200571],[37.758263,49.200571],[37.758264,49.200571],[37.758264,49.200571],[37.758264,49.200571],[37.758264,49.200571],[37.758265,49.200571],[37.758265,49.20057],[37.769965,49.191681],[37.769965,49.19168],[37.769966,49.19168],[37.769966,49.19168],[37.769966,49.19168],[37.769966,49.19168],[37.769966,49.19168],[37.769966,49.19168],[37.769966,49.191679],[37.761758,49.179514],[37.761758,49.179513],[37.761758,49.179513],[37.761758,49.179512],[37.761757,49.179512],[37.761757,49.17951],[37.761757,49.179508],[37.761758,49.179507],[37.761759,49.179505],[37.761761,49.179504],[37.761763,49.179502],[37.761765,49.179501],[37.761768,49.179501],[37.76177,49.179501],[37.761773,49.179501],[37.761776,49.179501],[37.761778,49.179502],[37.761778,49.179502],[37.761779,49.179503],[37.76178,49.179503],[37.76178,49.179503],[37.761975,49.179614],[37.761975,49.179615],[37.761976,49.179615],[37.761976,49.179615],[37.761976,49.179615],[37.761976,49.179615],[37.761976,49.179614],[37.761871,49.179458],[37.761871,49.179458],[37.761871,49.179458],[37.76187,49.179457],[37.76187,49.179457],[37.76187,49.179455],[37.76187,49.179453],[37.76187,49.179451],[37.761872,49.17945],[37.761873,49.179448],[37.761875,49.179447],[37.761878,49.179446],[37.76188,49.179446],[37.761883,49.179445],[37.761886,49.179445],[37.761888,49.179446],[37.761891,49.179447],[37.761891,49.179447],[37.761892,49.179447],[37.761892,49.179447],[37.761893,49.179448],[37.76224,49.179646],[37.76224,49.179646],[37.762241,49.179646],[37.762242,49.179646],[37.762242,49.179646],[37.762242,49.179646],[37.770652,49.180881],[37.770652,49.180881],[37.770652,49.180881],[37.770654,49.180881],[37.770654,49.180881],[37.770654,49.180881],[37.78311,49.178231],[37.783111,49.178231],[37.783111,49.178231],[37.783113,49.17823],[37.783113,49.17823],[37.783115,49.17823],[37.783118,49.17823],[37.783121,49.178231],[37.783123,49.178232],[37.783125,49.178233],[37.783127,49.178234],[37.783128,49.178236],[37.783129,49.178237],[37.783129,49.178238],[37.783129,49.178239],[37.783129,49.178239],[37.783129,49.178239],[37.783135,49.178319],[37.783135,49.178319],[37.783135,49.17832],[37.783135,49.17832],[37.783135,49.17832],[37.783135,49.17832],[37.783136,49.17832],[37.783136,49.17832],[37.783136,49.17832],[37.783252,49.178295],[37.783252,49.178295],[37.783253,49.178295],[37.783254,49.178294],[37.783255,49.178294],[37.783257,49.178294],[37.78326,49.178295],[37.783262,49.178295],[37.783265,49.178296],[37.783267,49.178297],[37.783268,49.178298],[37.78327,49.1783],[37.78327,49.178302],[37.783271,49.178302],[37.783271,49.178303],[37.783271,49.178303],[37.783271,49.178304],[37.783356,49.179556],[37.783356,49.179556],[37.783356,49.179557],[37.783356,49.179557],[37.783356,49.179557],[37.783357,49.179558],[37.796744,49.191679],[37.796744,49.19168],[37.796745,49.19168],[37.796745,49.19168],[37.796745,49.19168],[37.796745,49.19168],[37.796746,49.19168],[37.796746,49.19168],[37.796746,49.19168],[37.814254,49.192802],[37.814254,49.192802],[37.814254,49.192802],[37.814255,49.192802],[37.814255,49.192802],[37.814255,49.192802],[37.814256,49.192802],[37.814256,49.192802],[37.814256,49.192802],[37.83142,49.186741],[37.83142,49.186741],[37.83142,49.186741],[37.831421,49.186741],[37.831421,49.186741],[37.831421,49.186741],[37.831422,49.186741],[37.831422,49.18674],[37.837585,49.183158],[37.837585,49.183158],[37.837586,49.183158],[37.837587,49.183157],[37.837587,49.183157],[37.837589,49.183157],[37.837592,49.183156],[37.837594,49.183156],[37.837597,49.183156],[37.837599,49.183156],[37.837602,49.183157],[37.837604,49.183158],[37.837605,49.183159],[37.837607,49.183161],[37.837607,49.183161],[37.837608,49.183162],[37.837608,49.183162],[37.837608,49.183162],[37.844808,49.197063],[37.844808,49.197063],[37.844808,49.197064],[37.844809,49.197065],[37.844809,49.197065],[37.844809,49.197066],[37.844809,49.197067],[37.844809,49.197067],[37.844809,49.197068],[37.844808,49.197069],[37.844808,49.197069],[37.844808,49.19707],[37.844808,49.19707],[37.844807,49.197071],[37.834815,49.211042],[37.834814,49.211042],[37.834814,49.211043],[37.834814,49.211043],[37.834814,49.211043],[37.834814,49.211043],[37.834815,49.211043],[37.834815,49.211043],[37.834815,49.211043],[37.835538,49.211345],[37.835539,49.211345],[37.835539,49.211345],[37.83554,49.211346],[37.83554,49.211346],[37.835541,49.211346],[37.835541,49.211347],[37.835542,49.211347],[37.835543,49.211347],[37.835543,49.211348],[37.848097,49.222318],[37.848096,49.222318],[37.848096,49.222319],[37.850044,49.22937],[37.850044,49.229371],[37.850044,49.229371],[37.850044,49.229372],[37.850044,49.229373],[37.850044,49.229374],[37.850044,49.229376],[37.850042,49.229377],[37.85004,49.229379],[37.850038,49.22938],[37.850038,49.22938],[37.850037,49.22938],[37.847278,49.230382],[37.842064,49.223674],[37.831764,49.210855],[37.810822,49.205681],[37.774773,49.208381],[37.754839,49.211952],[37.747833,49.212916],[37.747832,49.212916],[37.747832,49.212916],[37.747829,49.212916],[37.747826,49.212915],[37.747824,49.212915],[37.747821,49.212914],[37.747819,49.212913],[37.747818,49.212911],[37.747817,49.212911],[37.747817,49.212911],[37.7425,49.206073],[37.7425,49.206073],[37.742499,49.206073],[37.706269,49.21321],[37.70461,49.213004],[37.681389,49.175776],[37.681389,49.175776],[37.681388,49.175776],[37.659428,49.180825],[37.659427,49.180825],[37.659427,49.180826],[37.659424,49.180826],[37.659422,49.180826],[37.659419,49.180826],[37.659416,49.180825],[37.659414,49.180824],[37.659412,49.180823],[37.659411,49.180821],[37.659411,49.180821],[37.65941,49.180821],[37.653923,49.173755],[37.653923,49.173755],[37.653922,49.173755],[37.637403,49.174816],[37.637402,49.174816],[37.637402,49.174816],[37.63573,49.175926],[37.63573,49.175926],[37.63573,49.175926],[37.635728,49.175927],[37.635726,49.175928],[37.635723,49.175928],[37.635723,49.175928],[37.635722,49.175928],[37.581489,49.181316],[37.581488,49.181316],[37.581488,49.181316],[37.581485,49.181316],[37.581482,49.181316],[37.58148,49.181315],[37.581478,49.181315],[37.581477,49.181314],[37.581477,49.181314],[37.554361,49.166048],[37.55436,49.166048],[37.55436,49.166048],[37.554358,49.166046],[37.554358,49.166046],[37.554358,49.166046],[37.534447,49.145156],[37.534447,49.145156],[37.534447,49.145156],[37.534447,49.145156],[37.508011,49.127179],[37.508011,49.127179],[37.508011,49.127179],[37.480548,49.110096],[37.480548,49.110096],[37.480547,49.110095],[37.480546,49.110094],[37.480545,49.110093],[37.480544,49.110092],[37.480544,49.110092],[37.480544,49.110091],[37.474145,49.093547],[37.474145,49.093547],[37.474324,49.094009],[37.474325,49.09401],[37.474325,49.09401],[37.474325,49.09401],[37.474325,49.09401],[37.474024,49.093233],[37.474024,49.093233],[37.474024,49.093233],[37.474024,49.093232],[37.474024,49.093231]]],[[[37.649463,48.627825],[37.649464,48.627824],[37.649464,48.627823],[37.649464,48.627823],[37.649465,48.627821],[37.649467,48.627819],[37.649467,48.627819],[37.649468,48.627819],[37.660103,48.620917],[37.660103,48.620917],[37.660103,48.620917],[37.651527,48.613657],[37.651527,48.613657],[37.651527,48.613657],[37.651525,48.613655],[37.651525,48.613654],[37.651525,48.613653],[37.651524,48.613652],[37.651524,48.613652],[37.651524,48.613651],[37.651524,48.61365],[37.651525,48.613649],[37.651525,48.613648],[37.651526,48.613647],[37.651527,48.613646],[37.651528,48.613646],[37.651528,48.613645],[37.65873,48.608428],[37.65873,48.608428],[37.65873,48.608428],[37.65462,48.605411],[37.654621,48.605411],[37.654622,48.605411],[37.675104,48.596311],[37.675104,48.596311],[37.675104,48.596311],[37.672634,48.59434],[37.672634,48.59434],[37.669909,48.592214],[37.669909,48.592214],[37.672634,48.59434],[37.672634,48.59434],[37.695122,48.612283],[37.695122,48.612283],[37.695122,48.612283],[37.695122,48.612283],[37.695122,48.612283],[37.703356,48.619544],[37.703357,48.619544],[37.703357,48.619545],[37.703358,48.619545],[37.703358,48.619545],[37.703358,48.619546],[37.703359,48.619547],[37.703359,48.619548],[37.703359,48.619549],[37.703359,48.61955],[37.703359,48.61955],[37.703359,48.619551],[37.703359,48.619552],[37.703359,48.619553],[37.703359,48.619553],[37.703358,48.619554],[37.703358,48.619554],[37.703357,48.619555],[37.694436,48.630559],[37.694435,48.630559],[37.694435,48.63056],[37.694435,48.63056],[37.694435,48.63056],[37.694435,48.63056],[37.694435,48.630561],[37.694435,48.630561],[37.693062,48.641678],[37.693062,48.641678],[37.693062,48.641679],[37.693062,48.64168],[37.693062,48.64168],[37.693062,48.641681],[37.693061,48.641681],[37.693059,48.641683],[37.693059,48.641684],[37.693058,48.641684],[37.693058,48.641684],[37.693058,48.641685],[37.68448,48.64712],[37.68448,48.647121],[37.684479,48.647121],[37.684479,48.647121],[37.684479,48.647121],[37.684479,48.647121],[37.684479,48.647121],[37.684479,48.647122],[37.684479,48.647122],[37.683964,48.6571],[37.683964,48.6571],[37.683964,48.657101],[37.683964,48.657101],[37.683964,48.657101],[37.683964,48.657101],[37.683965,48.657101],[37.683965,48.657101],[37.683965,48.657102],[37.689454,48.660498],[37.689454,48.660498],[37.689455,48.660499],[37.689455,48.660499],[37.689456,48.660499],[37.689457,48.660501],[37.689457,48.660501],[37.689458,48.660502],[37.689458,48.660502],[37.689458,48.660503],[37.695317,48.672445],[37.695317,48.672445],[37.695317,48.672446],[37.695317,48.672446],[37.695317,48.672446],[37.695317,48.672446],[37.695318,48.672446],[37.695318,48.672446],[37.695318,48.672445],[37.695602,48.672276],[37.695603,48.672275],[37.695603,48.672275],[37.695604,48.672275],[37.695605,48.672275],[37.695607,48.672274],[37.69561,48.672273],[37.695611,48.672273],[37.695611,48.672273],[37.695612,48.672273],[37.695613,48.672273],[37.695613,48.672273],[37.708639,48.672273],[37.708639,48.672273],[37.70864,48.672273],[37.708641,48.672273],[37.708641,48.672273],[37.708644,48.672274],[37.708647,48.672274],[37.708649,48.672276],[37.708651,48.672277],[37.708652,48.672279],[37.708653,48.672281],[37.708653,48.672281],[37.708653,48.672282],[37.708653,48.672282],[37.708653,48.672283],[37.709168,48.694835],[37.709168,48.694835],[37.709168,48.694836],[37.709168,48.694836],[37.709168,48.694836],[37.709168,48.694836],[37.709168,48.694837],[37.709168,48.694837],[37.706422,48.711607],[37.706422,48.711608],[37.706422,48.711608],[37.706422,48.711609],[37.706422,48.711609],[37.706421,48.71161],[37.706421,48.711611],[37.706421,48.711611],[37.70642,48.711612],[37.70642,48.711612],[37.696981,48.722487],[37.69698,48.722488],[37.69698,48.722488],[37.69698,48.722488],[37.69698,48.722488],[37.696981,48.722488],[37.696981,48.722488],[37.696981,48.722488],[37.696981,48.722488],[37.707469,48.724849],[37.70747,48.724849],[37.70747,48.72485],[37.707471,48.72485],[37.707472,48.72485],[37.707474,48.724851],[37.707476,48.724852],[37.707477,48.724854],[37.707478,48.724856],[37.707479,48.724857],[37.707479,48.724858],[37.707479,48.724859],[37.707479,48.724859],[37.707479,48.72486],[37.707479,48.72486],[37.704735,48.734707],[37.704735,48.734707],[37.704735,48.734708],[37.704735,48.734708],[37.704735,48.734708],[37.704735,48.734708],[37.704735,48.734709],[37.704735,48.734709],[37.705078,48.742517],[37.705078,48.742517],[37.705078,48.742518],[37.705078,48.742518],[37.705078,48.742518],[37.705078,48.742518],[37.705078,48.742518],[37.705078,48.742519],[37.711258,48.75214],[37.711258,48.75214],[37.715033,48.758249],[37.715034,48.758249],[37.715034,48.75825],[37.715034,48.75825],[37.715034,48.75825],[37.715034,48.75825],[37.715035,48.758251],[37.715035,48.758251],[37.72293,48.765494],[37.722931,48.765495],[37.722931,48.765495],[37.722931,48.765495],[37.722931,48.765495],[37.722931,48.765495],[37.722932,48.765495],[37.722932,48.765495],[37.722932,48.765495],[37.742665,48.763685],[37.742666,48.763685],[37.742667,48.763685],[37.742667,48.763685],[37.742668,48.763684],[37.742668,48.763684],[37.742671,48.763685],[37.742673,48.763685],[37.742675,48.763686],[37.742675,48.763686],[37.742676,48.763686],[37.742677,48.763686],[37.742677,48.763687],[37.750565,48.767754],[37.750566,48.767754],[37.750566,48.767754],[37.750567,48.767755],[37.750567,48.767755],[37.750568,48.767755],[37.750568,48.767756],[37.750569,48.767756],[37.750569,48.767757],[37.75057,48.767757],[37.765496,48.78461],[37.765496,48.784611],[37.765497,48.784611],[37.765497,48.784612],[37.765497,48.784612],[37.765498,48.784613],[37.765498,48.784614],[37.765498,48.784615],[37.765498,48.784615],[37.765498,48.784616],[37.765498,48.784617],[37.765498,48.784618],[37.765497,48.78462],[37.765495,48.784621],[37.765494,48.784622],[37.765494,48.784622],[37.765493,48.784623],[37.765492,48.784623],[37.765492,48.784623],[37.760585,48.786823],[37.760585,48.786823],[37.760585,48.786823],[37.760584,48.786823],[37.760584,48.786823],[37.760584,48.786823],[37.760584,48.786823],[37.760584,48.786824],[37.760585,48.786824],[37.765846,48.794207],[37.765846,48.794208],[37.765846,48.794208],[37.765846,48.794208],[37.765846,48.794208],[37.765847,48.794208],[37.765847,48.794208],[37.765847,48.794208],[37.765847,48.794208],[37.783344,48.794321],[37.783345,48.794321],[37.783346,48.794321],[37.783347,48.794321],[37.783347,48.794321],[37.78335,48.794322],[37.783353,48.794322],[37.783355,48.794324],[37.783357,48.794325],[37.783358,48.794327],[37.783358,48.794327],[37.783358,48.794328],[37.783359,48.794328],[37.783359,48.794328],[37.786961,48.803823],[37.786961,48.803823],[37.786961,48.803823],[37.786961,48.803823],[37.786961,48.803823],[37.786961,48.803823],[37.786961,48.803823],[37.786961,48.803823],[37.793997,48.815631],[37.793997,48.815632],[37.793997,48.815632],[37.793998,48.815633],[37.793998,48.815633],[37.793998,48.815633],[37.793998,48.815633],[37.793998,48.815634],[37.793998,48.815635],[37.793998,48.815636],[37.793998,48.815637],[37.793998,48.815637],[37.793998,48.815637],[37.793998,48.815637],[37.793998,48.815638],[37.793997,48.815638],[37.793997,48.815639],[37.79331,48.817084],[37.792909,48.817927],[37.792909,48.817927],[37.792909,48.817928],[37.792909,48.817928],[37.792909,48.817928],[37.792909,48.817928],[37.792909,48.817929],[37.792909,48.817929],[37.792909,48.817929],[37.792909,48.817929],[37.784729,48.835132],[37.784729,48.835133],[37.784729,48.835133],[37.784729,48.835133],[37.784729,48.835133],[37.784729,48.835133],[37.784729,48.835133],[37.784729,48.835134],[37.784901,48.848696],[37.784901,48.848696],[37.785931,48.862707],[37.785931,48.862707],[37.785931,48.862708],[37.785931,48.862708],[37.785931,48.862708],[37.785931,48.862708],[37.785931,48.862709],[37.785931,48.862709],[37.792282,48.875577],[37.792282,48.875577],[37.792282,48.875578],[37.792282,48.875578],[37.792282,48.875578],[37.792282,48.875578],[37.792283,48.875578],[37.792283,48.875579],[37.797084,48.879414],[37.797085,48.879415],[37.797085,48.879415],[37.797086,48.879416],[37.797086,48.879416],[37.797087,48.879417],[37.797087,48.879417],[37.797087,48.879418],[37.797088,48.879419],[37.797088,48.87942],[37.797088,48.879421],[37.797088,48.879421],[37.797088,48.879422],[37.797088,48.879422],[37.797087,48.879423],[37.794857,48.88642],[37.794857,48.88642],[37.794857,48.88642],[37.794857,48.88642],[37.794857,48.88642],[37.794857,48.88642],[37.794857,48.88642],[37.794857,48.88642],[37.794,48.89319],[37.794,48.89319],[37.794,48.893191],[37.793999,48.893191],[37.793999,48.893192],[37.793998,48.893193],[37.793997,48.893195],[37.793994,48.893197],[37.793994,48.893197],[37.793993,48.893197],[37.793993,48.893197],[37.793992,48.893198],[37.774945,48.900421],[37.774945,48.900421],[37.774944,48.900421],[37.774944,48.900421],[37.774944,48.900421],[37.774944,48.900421],[37.774943,48.900421],[37.774943,48.900421],[37.765826,48.903351],[37.765826,48.903351],[37.765826,48.903351],[37.765825,48.903351],[37.765825,48.903351],[37.765825,48.903351],[37.765825,48.903351],[37.765825,48.903352],[37.765825,48.903352],[37.765825,48.903351],[37.765825,48.903351],[37.765824,48.903351],[37.759853,48.90527],[37.759852,48.90527],[37.759852,48.90527],[37.759849,48.905271],[37.759847,48.905271],[37.759844,48.905271],[37.759841,48.90527],[37.759839,48.905269],[37.759837,48.905268],[37.759835,48.905267],[37.759834,48.905265],[37.759834,48.905265],[37.759834,48.905264],[37.754004,48.891505],[37.754004,48.891505],[37.754004,48.891505],[37.754003,48.891504],[37.754003,48.891503],[37.754003,48.891502],[37.754004,48.891501],[37.754004,48.8915],[37.754004,48.891499],[37.754006,48.891498],[37.754006,48.891498],[37.754006,48.891497],[37.7667,48.880101],[37.7667,48.8801],[37.7667,48.8801],[37.766702,48.880099],[37.766705,48.880098],[37.766707,48.880097],[37.76671,48.880097],[37.766713,48.880097],[37.766713,48.880097],[37.766714,48.880097],[37.776145,48.88112],[37.776146,48.88112],[37.776146,48.88112],[37.773571,48.86542],[37.773571,48.86542],[37.773571,48.865419],[37.773571,48.865419],[37.773571,48.865418],[37.773571,48.865418],[37.776661,48.838185],[37.776661,48.838185],[37.767391,48.811518],[37.767391,48.811518],[37.767391,48.811518],[37.767391,48.811518],[37.767391,48.811518],[37.758809,48.803828],[37.758809,48.803828],[37.758809,48.803828],[37.758808,48.803827],[37.758808,48.803826],[37.758807,48.803826],[37.758807,48.803826],[37.751023,48.790837],[37.751023,48.790837],[37.751022,48.790837],[37.748194,48.790872],[37.748193,48.790872],[37.748193,48.790872],[37.748192,48.790872],[37.731859,48.792652],[37.731858,48.792652],[37.731858,48.792652],[37.731856,48.792652],[37.731856,48.792652],[37.731855,48.792652],[37.710921,48.792086],[37.710921,48.792086],[37.71092,48.792086],[37.710918,48.792086],[37.710916,48.792085],[37.710913,48.792084],[37.710912,48.792083],[37.710911,48.792083],[37.710911,48.792083],[37.697525,48.781563],[37.697525,48.781563],[37.697525,48.781563],[37.69067,48.784952],[37.69067,48.784953],[37.690669,48.784953],[37.690667,48.784954],[37.690665,48.784954],[37.690662,48.784954],[37.69066,48.784954],[37.690657,48.784954],[37.690655,48.784953],[37.690653,48.784952],[37.690651,48.784951],[37.690651,48.784951],[37.690651,48.784951],[37.667144,48.764135],[37.667143,48.764135],[37.667143,48.764135],[37.667142,48.764133],[37.667141,48.764132],[37.667141,48.764132],[37.667141,48.764131],[37.667141,48.764131],[37.667141,48.76413],[37.666454,48.756891],[37.664909,48.742518],[37.664909,48.742518],[37.662678,48.7261],[37.662678,48.726099],[37.662678,48.726099],[37.662678,48.726098],[37.662678,48.726097],[37.662678,48.726097],[37.662679,48.726096],[37.666453,48.716134],[37.666453,48.716133],[37.666454,48.716133],[37.666454,48.716132],[37.666455,48.716132],[37.666455,48.716131],[37.666455,48.716131],[37.666456,48.71613],[37.677612,48.705937],[37.677612,48.705937],[37.677612,48.705937],[37.677612,48.705937],[37.677612,48.705937],[37.68346,48.688564],[37.68346,48.688563],[37.683461,48.688563],[37.683461,48.688562],[37.683461,48.688562],[37.683461,48.688562],[37.683461,48.688562],[37.683792,48.687578],[37.683792,48.687578],[37.683792,48.687578],[37.683792,48.687578],[37.685137,48.678695],[37.685137,48.678695],[37.685137,48.678695],[37.672809,48.667762],[37.672809,48.667761],[37.672808,48.667761],[37.672808,48.66776],[37.672807,48.66776],[37.672807,48.667759],[37.672806,48.667758],[37.672806,48.667757],[37.672806,48.667756],[37.672806,48.667756],[37.672806,48.667756],[37.672977,48.65392],[37.672977,48.65392],[37.672977,48.65392],[37.667141,48.64802],[37.66714,48.64802],[37.655474,48.64269],[37.655474,48.64269],[37.655473,48.642689],[37.655471,48.642688],[37.65547,48.642686],[37.655468,48.642684],[37.655468,48.642684],[37.655468,48.642683],[37.655468,48.642682],[37.655468,48.642682],[37.65564,48.63497],[37.65564,48.63497],[37.65564,48.63497],[37.649465,48.62783],[37.649465,48.62783],[37.649465,48.62783],[37.649464,48.627829],[37.649464,48.627828],[37.649464,48.627827],[37.649463,48.627826],[37.649463,48.627825]]]]},"properties":{"id":"fmsghl3th_215","settlement_name":"Атака азова","name_en":"Azov attack","faction":"contested","faction_name":"Contested","faction_color":"#f59e0b","last_updated":"2026-08-05T19:35:19Z","source":"manual","source_channel":null,"source_snippet":null,"admin_area_km2":null,"zone_area_km2":251.469,"override":true,"priority_lock":false,"history":[]}}]}